variant,seed,step,train_mean_log_return,val_mean_log_return,train_mean_turnover,val_mean_turnover,train_n_steps,val_n_steps
V1,0,5000,0.0033180528945619,-0.0002988903869459,0.2610471071584495,0.2013554933707419,550,46
V1,0,10000,0.0072793914203705,-0.0005220477096742,0.4944212854053357,0.4812943216559602,550,46
V1,0,15000,0.0104098633967637,-0.0007112811107239,0.5403266265697039,0.4707762249306402,550,46
V1,0,20000,0.0121312083259466,-0.0004828577736135,0.54731311654986,0.4718230989411849,550,46
V1,0,25000,0.0132865608460091,3.5173794643227937e-06,0.5644069593195172,0.4988460425233643,550,46
V1,0,30000,0.0142287478562899,-0.0002108753727843,0.5753770994498089,0.5198985765568821,550,46
V1,0,35000,0.0149532338671401,9.768749096828931e-05,0.590220840634439,0.5218900327043231,550,46
V1,0,40000,0.0157756471471665,0.0001320328609934,0.5933273422326347,0.4677888936231479,550,46
V1,0,45000,0.0160649410661967,-8.039269452556309e-05,0.5954944973991209,0.4727529058465397,550,46
V1,0,50000,0.0165846242656497,-0.0002058646617488,0.6094838195292759,0.4747355521383206,550,46
V1,0,55000,0.0168599483523983,-0.0001278446897968,0.6146246817352943,0.4753290384270925,550,46
V1,0,60000,0.0170907098817847,-0.0001711952930985,0.6158435390414967,0.5166319352945252,550,46
V1,0,65000,0.017288938675961,-0.0006822109419396,0.620712325543998,0.5140246513042616,550,46
V1,0,70000,0.0174342788556593,-0.000696499822494,0.6240030509201159,0.5008538530629528,550,46
V1,0,75000,0.0175968152047005,-0.0012453126116956,0.6312037643126496,0.5195689706554159,550,46
V1,0,80000,0.0177604562751656,-0.0018899287202004,0.6292491183744263,0.5430114577132491,550,46
V1,0,85000,0.0179090314326769,-0.0019074199960359,0.6309724763873343,0.5442616931941374,550,46
V1,0,90000,0.0180895504479335,-0.0015877561720565,0.6344410276732009,0.5428955584096568,550,46
V1,0,95000,0.0182032441216023,-0.0024033229071138,0.6339657836311728,0.5401802320709213,550,46
V1,0,100000,0.0183511677206054,-0.0017640840919753,0.636213274195721,0.5483242538106965,550,46
V1,0,105000,0.0184293287873765,-0.0017148209827627,0.6354960661384137,0.5510641267555905,550,46
V1,0,110000,0.0186054737599274,-0.0019326180484448,0.6390868513567718,0.5402205209307194,550,46
V1,0,115000,0.0186848510540639,-0.0023665140440435,0.6405612250039632,0.538525208467576,550,46
V1,0,120000,0.0188074793059648,-0.0022483606840272,0.6454045591569825,0.561785239358511,550,46
V1,0,125000,0.0188827445236928,-0.0020625799927749,0.644110461782852,0.5719535026871441,550,46
V1,0,130000,0.019043258290141,-0.0016821236290684,0.6415501930426409,0.5678752857077524,550,46
V1,0,135000,0.0190999800390743,-0.0016724663454602,0.6446968789159055,0.5679471806073052,550,46
V1,0,140000,0.0192220132700831,-0.0016393879586987,0.6454986250632085,0.5501212160348219,550,46
V1,0,145000,0.0193018388251863,-0.0012538695571143,0.6429846253390251,0.5709480145774349,550,46
V1,0,150000,0.0194542640035453,-0.0012133100747089,0.6500024704325297,0.5474572878315708,550,46
V1,0,155000,0.0195128283687809,-0.0010062604906249,0.6506634346157663,0.5371743057753232,550,46
V1,0,160000,0.0196236447309406,-0.0010705927291661,0.6523706048318629,0.5369875817196056,550,46
V1,0,165000,0.0197613320828862,-0.0009990805078259,0.6578355545963799,0.5574519521976388,550,46
V1,0,170000,0.0198344868176143,-0.0013203650299181,0.6608646823009526,0.5567936923298075,550,46
V1,0,175000,0.0198501219746115,-0.0018776474649068,0.6648207328680228,0.5933532267593005,550,46
V1,0,180000,0.0200066208230163,-0.0019127687456789,0.6641749130180503,0.587137388204895,550,46
V1,0,185000,0.0200453733093523,-0.0018743842163944,0.6681307768098272,0.5417872619806221,550,46
V1,0,190000,0.0201083346575739,-0.0014099171134529,0.6704032502834995,0.564011429670039,550,46
V1,0,195000,0.02013548221829,-0.0013006634859983,0.6698155908313749,0.5565108815037403,550,46
V1,0,200000,0.0201658626285594,-0.0013120818260798,0.6701911914612916,0.5487893057606664,550,46
V1,0,205000,0.0202105014159083,-0.0011722406180776,0.671977679613496,0.5477754360518045,550,46
V1,0,210000,0.0202736526090052,-0.0020525953723732,0.6738490125368165,0.5929574836494216,550,46
V1,0,215000,0.0203413716487272,-0.001987536811761,0.6729612429953625,0.5800071004889018,550,46
V1,0,220000,0.0202626695264491,-0.0021850889383344,0.674909102567949,0.5695967614946652,550,46
V1,0,225000,0.020386613907078,-0.002372485721914,0.6739482322304241,0.5754732591648962,550,46
V1,0,230000,0.0204053291269045,-0.0026876479365979,0.6768712096141641,0.5564638078045051,550,46
V1,0,235000,0.0204877319687997,-0.0021747686308133,0.6760269596154831,0.5564147155095658,550,46
V1,0,240000,0.0205376894212944,-0.0023143806726515,0.6748538871075435,0.5682030832071471,550,46
V1,0,245000,0.0206534968696431,-0.0019087631202496,0.672589883296918,0.5606193887762423,550,46
V1,0,250000,0.0206001308918594,-0.001917078209805,0.6716056663783772,0.546803293929961,550,46
V1,1,5000,0.0039436721706521,-0.0009688750275213,0.260195723086677,0.2115044982456355,550,46
V1,1,10000,0.0076623217997214,-0.0011817695031108,0.4801983659406058,0.3477940357174296,550,46
V1,1,15000,0.0105398482653352,-0.0024550476991953,0.5496652133445626,0.3859905865925821,550,46
V1,1,20000,0.0123185483262174,-0.0026749663445764,0.554416312508624,0.5074612786950355,550,46
V1,1,25000,0.0137582433517929,-0.0023562089467858,0.5705368903160297,0.4307311186853891,550,46
V1,1,30000,0.0145625554280017,-0.0030725978239742,0.5947144559021114,0.4784778037280632,550,46
V1,1,35000,0.0152801195898656,-0.0035088863691155,0.606013861280382,0.4916308391987605,550,46
V1,1,40000,0.0156877261772103,-0.0039569767993938,0.600886744770522,0.5091215987739819,550,46
V1,1,45000,0.016175481232273,-0.0037400171848534,0.6027194470574555,0.5295185554877642,550,46
V1,1,50000,0.0165964504812988,-0.0028150530631675,0.6055052452237353,0.5202775144689609,550,46
V1,1,55000,0.0168007425234732,-0.0020077971492493,0.6020677420481801,0.4790160134037693,550,46
V1,1,60000,0.0170045814251923,-0.0026890867245347,0.6095665054579293,0.5112002752558725,550,46
V1,1,65000,0.0170879189880716,-0.0026577768814923,0.6173416533518904,0.4593760652858024,550,46
V1,1,70000,0.0173409325511353,-0.0030924312764507,0.6224752894221933,0.4731647426346698,550,46
V1,1,75000,0.0175256867599495,-0.0024920988908552,0.6230210007532221,0.4967659632841006,550,46
V1,1,80000,0.0176831869695304,-0.0020641654227198,0.6250641032367218,0.51653549224115,550,46
V1,1,85000,0.017748482644398,-0.0018426541822117,0.6314981101064014,0.4949091916723881,550,46
V1,1,90000,0.017906019970556,-0.0018625938933282,0.6308557579775073,0.508323381335627,550,46
V1,1,95000,0.0180592809308267,-0.0019240411168697,0.6309799026787459,0.4799547506109056,550,46
V1,1,100000,0.0182207615227745,-0.0024091972219427,0.6360193311963095,0.478163557718276,550,46
V1,1,105000,0.0183269173918772,-0.0025499590175656,0.6363275358560743,0.4848877326789388,550,46
V1,1,110000,0.0184210834485374,-0.0023526633274334,0.6366839745898047,0.4537568705982275,550,46
V1,1,115000,0.0186036334226697,-0.0025607186095342,0.64015913697421,0.4902751340972128,550,46
V1,1,120000,0.0187257509335097,-0.0028447600564096,0.6431690438912601,0.5218494022064133,550,46
V1,1,125000,0.0188877774653749,-0.0025639291070609,0.6494692722693883,0.5316466173904388,550,46
V1,1,130000,0.0189457201758163,-0.0026340312663044,0.6486997919400396,0.5143202248013311,550,46
V1,1,135000,0.0190552532239841,-0.0029757239856203,0.6498764041531568,0.5053862388697521,550,46
V1,1,140000,0.0191305566767129,-0.0022657649866787,0.643924521081699,0.5139239869770039,550,46
V1,1,145000,0.0192691812759815,-0.0017711555188279,0.6472365545390986,0.4989261758462861,550,46
V1,1,150000,0.0193536323408256,-0.0019427925483172,0.6504139039075985,0.5136552557564505,550,46
V1,1,155000,0.0192970334189776,-0.002595912815261,0.6489246551844813,0.4982126248762905,550,46
V1,1,160000,0.0195349714844546,-0.0029908667681716,0.6498118663247225,0.5078987960229251,550,46
V1,1,165000,0.0196632562900332,-0.0029392763536527,0.648747757799685,0.5270553887729913,550,46
V1,1,170000,0.0197232039308633,-0.0027977270812105,0.6510459338170951,0.5442495991200493,550,46
V1,1,175000,0.0197937720738235,-0.0025095527611541,0.6522721954525473,0.5272574533870177,550,46
V1,1,180000,0.0197846483037771,-0.0017120156395748,0.6563750862890141,0.5096482607335177,550,46
V1,1,185000,0.0198042390102455,-0.0023582764985913,0.6534885712887039,0.528182646874713,550,46
V1,1,190000,0.0199140354034675,-0.0028695824678468,0.6538533274029511,0.5597789157264067,550,46
V1,1,195000,0.0199637658021179,-0.0028039812450691,0.661086825992281,0.5757331680652377,550,46
V1,1,200000,0.0199179334949496,-0.0030606177969729,0.6604830862715307,0.5606028342159467,550,46
V1,1,205000,0.0200414666810884,-0.0030645927501971,0.6577844525529812,0.5515387612961288,550,46
V1,1,210000,0.0201125695872758,-0.0026917172606756,0.6596249999338984,0.5428490699103709,550,46
V1,1,215000,0.0201646089985799,-0.0023801516960271,0.6600019991227687,0.5318734888663841,550,46
V1,1,220000,0.0201840461023,-0.0015554067486398,0.6594165631974678,0.5257531841169913,550,46
V1,1,225000,0.0202047220518919,-0.0017727488377916,0.657187526731137,0.5597557868230212,550,46
V1,1,230000,0.0202439980902698,-0.0021707977158188,0.6623547389756002,0.5617488679962579,550,46
V1,1,235000,0.0203291420697155,-0.0017294797130568,0.6599198392154604,0.5602329596644056,550,46
V1,1,240000,0.0202096885410955,-0.0020440256766554,0.663176170268835,0.574944696825874,550,46
V1,1,245000,0.0202659982370492,-0.0023224496942856,0.6554505500377592,0.5666811192918902,550,46
V1,1,250000,0.0202184150956349,-0.0022968707674777,0.6582857961212597,0.5671775381295561,550,46
V1,2,5000,0.0039270335115185,-0.0004870817963187,0.2604219679005098,0.2348511172518876,550,46
V1,2,10000,0.0077491466221814,0.0001885575383464,0.5170485432761026,0.4582933767667185,550,46
V1,2,15000,0.0104629260117723,0.0004324591883663,0.5354049803646808,0.474848580116613,550,46
V1,2,20000,0.0121657756239463,0.0004140583235011,0.5696678812744319,0.4728281455838781,550,46
V1,2,25000,0.0136205795816376,0.0017551592536877,0.5757979705154995,0.56738094411427,550,46
V1,2,30000,0.0146174466708147,0.0004191332605333,0.5865229811415535,0.5574069486175223,550,46
V1,2,35000,0.0153338908694141,7.051504691689987e-05,0.5917646946688172,0.53666261071135,550,46
V1,2,40000,0.0161256112466488,-0.0005560317053156,0.6027706385208493,0.5489745769609172,550,46
V1,2,45000,0.0166155314389435,-0.0009943987017135,0.5983942788681473,0.5273334424880405,550,46
V1,2,50000,0.0169167929136223,-0.0014582554033045,0.6079463748213702,0.5472298996403919,550,46
V1,2,55000,0.0172493748625161,-0.0020407106994286,0.6159466153094624,0.5359864302325614,550,46
V1,2,60000,0.0175286827748921,-0.0021348830895532,0.6167288549383325,0.5388387496323559,550,46
V1,2,65000,0.0177742392583778,-0.0019588136311242,0.6199263522295216,0.5575588903313875,550,46
V1,2,70000,0.0180007668757796,-0.0007794636596596,0.6264420076823207,0.5467321227398783,550,46
V1,2,75000,0.0181809950597054,-0.0010752790445537,0.6300390190359872,0.5455846085278558,550,46
V1,2,80000,0.018406569346126,-0.0020982470066821,0.6290294487640763,0.5290418175457309,550,46
V1,2,85000,0.0185687434189626,-0.0022580631571989,0.6261136718334485,0.5228589469998748,550,46
V1,2,90000,0.0186391408891968,-0.0018571314106628,0.6257225578464019,0.5291631259546811,550,46
V1,2,95000,0.0187724626439355,-0.00205353432436,0.6242971997883163,0.5429456099206577,550,46
V1,2,100000,0.0189098259087605,-0.0023044482396157,0.6272037281288497,0.5251619057768524,550,46
V1,2,105000,0.0191558846510544,-0.0022549646395549,0.6243383501737676,0.5108373738038379,550,46
V1,2,110000,0.0193352130926804,-0.0022182509237871,0.6262575240824594,0.5105618037123362,550,46
V1,2,115000,0.0193522673033179,-0.0019787846120783,0.6310116433098131,0.4856716381866759,550,46
V1,2,120000,0.0194775471417761,-0.002444806398655,0.6334113656892879,0.5088218673891143,550,46
V1,2,125000,0.0195190207715526,-0.0018234477007865,0.6368228603697863,0.477887165463615,550,46
V1,2,130000,0.0196258378937033,-0.001742969930715,0.6372954556892164,0.5387658052800175,550,46
V1,2,135000,0.0197652850869787,-0.0021739264231958,0.6383886874519069,0.5737997908075997,550,46
V1,2,140000,0.0198944166846286,-0.0025181730675737,0.642196094041011,0.5892166382209424,550,46
V1,2,145000,0.0199580318368184,-0.0027158245544279,0.6426823606419074,0.6007954282187898,550,46
V1,2,150000,0.0200449602385604,-0.0029191906948431,0.6464408389019408,0.6236398736298782,550,46
V1,2,155000,0.0201973676214913,-0.0026776533230504,0.6479326200979735,0.6372688399949508,550,46
V1,2,160000,0.0202155543559075,-0.0030236964808525,0.6522186458652277,0.6238270840316221,550,46
V1,2,165000,0.0203812458508174,-0.0026852612214701,0.6533835796102906,0.5709019257771173,550,46
V1,2,170000,0.0204260651189034,-0.0027028503183853,0.6532797072110103,0.5920919086611097,550,46
V1,2,175000,0.020494480044107,-0.0026932079245329,0.6545002262794967,0.5587574074873547,550,46
V1,2,180000,0.020406931881919,-0.0026823393318272,0.6550423813780943,0.5316032426490358,550,46
V1,2,185000,0.0204762928674881,-0.0026912957395631,0.6578316991184715,0.5343719539308325,550,46
V1,2,190000,0.0206396370135918,-0.0026887421912197,0.6589701359797683,0.5158023893183072,550,46
V1,2,195000,0.0206879843266363,-0.0029274463442438,0.6596714519524709,0.5440620141308191,550,46
V1,2,200000,0.0207432379147816,-0.0030392071995337,0.6617170705309706,0.5146603391996409,550,46
V1,2,205000,0.0207656740068358,-0.0036042739887337,0.6659368348296991,0.5070077588306932,550,46
V1,2,210000,0.0207594976544563,-0.0033925324871279,0.6651605812732247,0.4895514019716444,550,46
V1,2,215000,0.0208560538780143,-0.0030666743420193,0.668166663920052,0.4797294425584976,550,46
V1,2,220000,0.0208256012994111,-0.0030035493915232,0.6709763763711669,0.4808526994168841,550,46
V1,2,225000,0.0208486015934927,-0.0030950301962425,0.6661978214819962,0.4838703364372012,550,46
V1,2,230000,0.0209499102173707,-0.0028715238620204,0.6701205243678661,0.4915350667106967,550,46
V1,2,235000,0.0210147335598821,-0.0030783983372774,0.6718513619412397,0.5185215531517838,550,46
V1,2,240000,0.0209719021922056,-0.0034911055706532,0.67045181250149,0.5284862834610226,550,46
V1,2,245000,0.0209592229738608,-0.0036849092248989,0.668245077359547,0.5466916795851062,550,46
V1,2,250000,0.0209873406152523,-0.0031331460433262,0.6716132720674174,0.5417581750811074,550,46
V1,3,5000,0.0039482686712108,-0.0002483684973296,0.2585676831535619,0.2376710446211293,550,46
V1,3,10000,0.0083586943992826,-0.0015319334241804,0.4780775116486001,0.4589166577787138,550,46
V1,3,15000,0.010822224721594,-0.0027287377634199,0.5498324153445183,0.4032149719676235,550,46
V1,3,20000,0.0127803991922693,-0.0030193384876241,0.5868441280886693,0.4709032968358769,550,46
V1,3,25000,0.0140100200335272,-0.0032126798283359,0.5941473214529807,0.4844500911320119,550,46
V1,3,30000,0.0148924329715123,-0.002029996435829,0.6066568117344665,0.5021442491996131,550,46
V1,3,35000,0.0156908807351608,-0.0024805960798029,0.6022735594440792,0.5369103763614439,550,46
V1,3,40000,0.0161267323548837,-0.0029281260634665,0.60758362639018,0.5453909768991285,550,46
V1,3,45000,0.0164788374935026,-0.0015769179499919,0.6097146595571267,0.5692966320122628,550,46
V1,3,50000,0.0167486173192718,-0.0017445968643391,0.611113098647295,0.541244390807043,550,46
V1,3,55000,0.0172209607281225,-0.002207962182299,0.6157907960789412,0.5124205904055888,550,46
V1,3,60000,0.0174228997836699,-0.0021104152466366,0.6136075521991199,0.5230033878572019,550,46
V1,3,65000,0.0176647418886609,-0.0013589309771919,0.6189928032077805,0.5065504339065855,550,46
V1,3,70000,0.0179450297747502,-0.0014949768046079,0.6174920457202427,0.5146077490246802,550,46
V1,3,75000,0.0180383778421138,-0.0017521287451227,0.6175420542425485,0.4823495361459501,550,46
V1,3,80000,0.018199037065669,-0.0014142287812302,0.6196497884111136,0.4469515024711588,550,46
V1,3,85000,0.0184660052344383,-0.0013220821506443,0.6275089816092213,0.4620778461849933,550,46
V1,3,90000,0.0185561883932118,-0.0012133037467557,0.6260388065414727,0.4464848189596733,550,46
V1,3,95000,0.0185795652538947,-0.0007115442096554,0.6264703875164975,0.4691690531133358,550,46
V1,3,100000,0.018699879376587,-0.0003143744131674,0.6325799462441124,0.466807545879566,550,46
V1,3,105000,0.018877691405019,-0.0005424916933971,0.6349508498236099,0.473938645937828,550,46
V1,3,110000,0.0189513160742708,-0.0009612539335126,0.6334995575301907,0.4504125288649911,550,46
V1,3,115000,0.0191234292996708,-0.0012343302560982,0.633332194092835,0.4399428501410273,550,46
V1,3,120000,0.0192176749637028,-0.0011141317115734,0.6336876435751295,0.4534907885338491,550,46
V1,3,125000,0.0193574821097567,-0.0014113948155703,0.632750322990252,0.4773445215570115,550,46
V1,3,130000,0.0194569913601945,-0.0011638271819509,0.6397636414393221,0.4955518791316902,550,46
V1,3,135000,0.0195538592186946,-0.0013792407654009,0.637556722668941,0.5159645467585884,550,46
V1,3,140000,0.0196376050554744,-0.0019633493831999,0.643267698891037,0.523661628263815,550,46
V1,3,145000,0.0198442385360084,-0.0015339638793538,0.6437540181089879,0.484162605635656,550,46
V1,3,150000,0.0197223835478928,-0.0013936360928726,0.6437612510479818,0.4799798686983366,550,46
V1,3,155000,0.0198993281979643,-0.0015623107056055,0.6511037844675059,0.4719251084804764,550,46
V1,3,160000,0.0199998664453453,-0.0013747210344827,0.6498542241237684,0.4939065342160992,550,46
V1,3,165000,0.0200141906658081,-0.001591754031941,0.6445350098621521,0.5399605907800785,550,46
V1,3,170000,0.0201357348039744,-0.0009970276962997,0.6424632584965217,0.54056574979853,550,46
V1,3,175000,0.0202936072107208,-0.0014786463794003,0.6487639261585222,0.5595537572102177,550,46
V1,3,180000,0.02037744427793,-0.0009614959529113,0.6492545005901217,0.5751065986514838,550,46
V1,3,185000,0.0202664994793349,-0.000818950335006,0.6482629891055403,0.6049874544058674,550,46
V1,3,190000,0.0204284359885717,-0.000742615943548,0.6553200089249696,0.5773106414492081,550,46
V1,3,195000,0.0204791583885148,-0.0009394103387576,0.6510713467225169,0.5740449447362382,550,46
V1,3,200000,0.0205024449138025,-0.0010425454380789,0.6525244154458334,0.581926893233172,550,46
V1,3,205000,0.0205629718184273,-0.0002458365737732,0.6513676343007614,0.572595422275565,550,46
V1,3,210000,0.0206246986030393,8.701836294501364e-05,0.6550782800442086,0.5933639663373955,550,46
V1,3,215000,0.0206060546853622,3.782321524961238e-05,0.6475183739186421,0.6059270531549169,550,46
V1,3,220000,0.0206005885592266,-7.355971033658151e-05,0.6550508035971399,0.6231659728985098,550,46
V1,3,225000,0.0206490497476842,0.0001587215426535,0.6537443446733398,0.6291922901024778,550,46
V1,3,230000,0.0207194443265055,0.0005407072807633,0.6544804498263885,0.6310434956119879,550,46
V1,3,235000,0.020768262355503,0.0005147532715822,0.6568717274828624,0.6481563094338427,550,46
V1,3,240000,0.0207395818163646,0.0003436549094913,0.657697694098113,0.607442535965045,550,46
V1,3,245000,0.0207839433588882,0.0005774833416181,0.6592524814466633,0.6086322075156267,550,46
V1,3,250000,0.0208612319595336,0.0005000647479076,0.6544439160541964,0.6157928160540435,550,46
V1,4,5000,0.0036005327337749,-0.000484746834609,0.2414747179030134,0.2142546139563466,550,46
V1,4,10000,0.0072903592097138,-0.0013371154330504,0.5063118325561418,0.3437431998399861,550,46
V1,4,15000,0.009874907829183,-0.0012983375624185,0.5327816832188951,0.4099147596195113,550,46
V1,4,20000,0.0120295636461596,-0.0005832873119708,0.5492635124291843,0.4566691714010685,550,46
V1,4,25000,0.0132286192200929,-0.0007856856223807,0.5740217079427399,0.4806477914201498,550,46
V1,4,30000,0.0140972048573565,-0.0004286653038501,0.596341253297899,0.5256312631431791,550,46
V1,4,35000,0.0146726735583829,-0.0001072834572306,0.6006768932780349,0.511490895651494,550,46
V1,4,40000,0.0154005408860435,0.0002068416170492,0.612600561839285,0.5114926093875785,550,46
V1,4,45000,0.0159261425410799,-0.0004614364825604,0.6157393520594386,0.4851794740037167,550,46
V1,4,50000,0.0162492994870837,-0.001543142465202,0.6221145411745902,0.482871163305183,550,46
V1,4,55000,0.0165496640909609,-0.001387722057577,0.6325390383527439,0.4937090165958196,550,46
V1,4,60000,0.0168213666523284,-0.0013334405672714,0.6310846584041336,0.4793736150201392,550,46
V1,4,65000,0.017113557936075,-0.0009407411356467,0.6384907294773252,0.501432160035352,550,46
V1,4,70000,0.0171743843155173,-0.0007304787551151,0.630752765035503,0.4973947316156805,550,46
V1,4,75000,0.0174405852349892,-0.0016213564142502,0.6282709776674592,0.5097520965436475,550,46
V1,4,80000,0.0175665599139652,-0.0013816935158073,0.6276440711436848,0.5175042165120918,550,46
V1,4,85000,0.0176022441055923,-0.0006059450559574,0.6298275928703458,0.5232070212221996,550,46
V1,4,90000,0.0178778529728036,-0.0011223648851229,0.6296450730416341,0.5303210737089937,550,46
V1,4,95000,0.0180238204595568,-0.001844662863178,0.6350858272626501,0.5299119209917472,550,46
V1,4,100000,0.0181210288102218,-0.0016421212085296,0.6349789473445213,0.5319477339848362,550,46
V1,4,105000,0.0182514790674689,-0.0023455703798045,0.6331600913819432,0.556262241034359,550,46
V1,4,110000,0.0185236094614313,-0.0019102930230207,0.633628722509618,0.5387282345479361,550,46
V1,4,115000,0.0185833823775981,-0.0022400218028632,0.6386807951573125,0.567310344361239,550,46
V1,4,120000,0.0187186255255018,-0.0023886879780351,0.6400936532797661,0.5732559598217601,550,46
V1,4,125000,0.0189013041026729,-0.0025711239095517,0.6384152883525755,0.5312378341145608,550,46
V1,4,130000,0.0191134208779835,-0.0016968898305113,0.6440051896919256,0.5306282635639487,550,46
V1,4,135000,0.0192216904857302,-0.0022633242678708,0.6450095708155198,0.5200362897586208,550,46
V1,4,140000,0.0193049784201681,-0.0018378055694851,0.6487574246666881,0.5498102025813417,550,46
V1,4,145000,0.0194518850879514,-0.0012718180625245,0.6530714891956907,0.5570452497938969,550,46
V1,4,150000,0.019525378838151,-0.0010563310006913,0.6549231435190108,0.5702514870640986,550,46
V1,4,155000,0.0195047447674394,-0.0016534972189902,0.6509954703842556,0.5905913227021081,550,46
V1,4,160000,0.0196906737173997,-0.0021103339160938,0.6556884684673544,0.5723902471250135,550,46
V1,4,165000,0.0197530764582345,-0.0020052150485318,0.6536665082827059,0.5704952324097302,550,46
V1,4,170000,0.019920956437653,-0.002186789638396,0.659731771821542,0.5731246480742642,550,46
V1,4,175000,0.0200071551621121,-0.0023198919296002,0.6601019864261687,0.598875151371806,550,46
V1,4,180000,0.0199417111673862,-0.0028159447274966,0.6616416393436403,0.6258663844115909,550,46
V1,4,185000,0.0200091474395496,-0.0026582485334859,0.6621481716123181,0.6373277165404646,550,46
V1,4,190000,0.0200187722074612,-0.0023127156956424,0.6642606297386339,0.6388018980206985,550,46
V1,4,195000,0.0201453237040693,-0.0021753660419965,0.6658740285008464,0.5900015365232706,550,46
V1,4,200000,0.0201424535807419,-0.0013692299544762,0.6661868056918872,0.5757179745755602,550,46
V1,4,205000,0.0201846579708702,-0.0014248087793285,0.6700855172957014,0.5699370197605957,550,46
V1,4,210000,0.0202233061550097,-0.0017221335883274,0.6748830919181044,0.5759823488850316,550,46
V1,4,215000,0.0203687327654144,-0.0023799620553291,0.6725095515732894,0.578424634404104,550,46
V1,4,220000,0.0204485048766597,-0.0019759541117193,0.6729448264222877,0.5478684064268949,550,46
V1,4,225000,0.0203911287668098,-0.002043441189095,0.6754139417371905,0.5520049541043955,550,46
V1,4,230000,0.0204619486149867,-0.0018073529120516,0.6771511712330265,0.6201865268912247,550,46
V1,4,235000,0.0204485816187949,-0.0015465247428267,0.680125263674797,0.5817043016379345,550,46
V1,4,240000,0.0205998706515966,-0.0019297998862396,0.6819922194333244,0.5613308045574253,550,46
V1,4,245000,0.020622480302795,-0.0025393789333611,0.6753370658620172,0.5601150264114533,550,46
V1,4,250000,0.0206223040069554,-0.0033367548006878,0.6774545148728385,0.5786835192438885,550,46
V1,5,5000,0.0044061736519694,-7.176322715614574e-05,0.2588459855485868,0.2277103141095982,550,46
V1,5,10000,0.0087088717199071,-0.0007082559825098,0.5141540583215976,0.4224721269379095,550,46
V1,5,15000,0.0112423409229075,-0.0027460799838572,0.5576179209253869,0.455946801858686,550,46
V1,5,20000,0.0126576891494642,-0.0031852182983673,0.5755439002187199,0.4780415799152114,550,46
V1,5,25000,0.0137764644272238,-0.0021757246898744,0.5942135929577361,0.455288971572882,550,46
V1,5,30000,0.0145590665463741,-0.0019043120011298,0.5984473106099133,0.4887292997481685,550,46
V1,5,35000,0.0151965830275954,-0.0024754660730056,0.6037029388101635,0.4982865482066655,550,46
V1,5,40000,0.0156223856374346,-0.0030032787908437,0.6168209879875399,0.5423797606605615,550,46
V1,5,45000,0.0161336424317995,-0.0033955499228923,0.6158934205788201,0.5269999382331199,550,46
V1,5,50000,0.0165188014091794,-0.0030159833025308,0.6114024070335662,0.5172108236928981,550,46
V1,5,55000,0.0168828420763988,-0.0031285628659808,0.6139343927080476,0.5240454564084669,550,46
V1,5,60000,0.0171407972926457,-0.0025786342994115,0.624630435727069,0.5117380963391113,550,46
V1,5,65000,0.0174889896189955,-0.0037443221106444,0.6303101967787414,0.5050691956036605,550,46
V1,5,70000,0.0176486536792503,-0.0037711158195344,0.6353473338382297,0.5191285821199785,550,46
V1,5,75000,0.0177059402332572,-0.003464758083704,0.6313532675078728,0.5176495104163583,550,46
V1,5,80000,0.017864421566673,-0.0035829125627406,0.6362644493809847,0.5341007658014827,550,46
V1,5,85000,0.0180113420418514,-0.0036623255585527,0.6374526676848402,0.5518199430006243,550,46
V1,5,90000,0.0181636174110013,-0.0037843020820711,0.6388284251722116,0.5320622021452899,550,46
V1,5,95000,0.0182661565373424,-0.0035329054041047,0.6402976102478786,0.532792728229698,550,46
V1,5,100000,0.0183811217951334,-0.0033391821869145,0.6379275125277047,0.5321563257645314,550,46
V1,5,105000,0.0185524204373806,-0.0033933473282012,0.636694514158456,0.5197490851343999,550,46
V1,5,110000,0.0186123991219833,-0.002812208879411,0.6348130048001733,0.5348473809025015,550,46
V1,5,115000,0.0187883414479035,-0.0030629430615009,0.6432836436785737,0.5494003970403821,550,46
V1,5,120000,0.0188759359002377,-0.0033769374515998,0.6439227877597989,0.5498037595296854,550,46
V1,5,125000,0.019122632977279,-0.0031888482646333,0.648625479757894,0.5001469414837301,550,46
V1,5,130000,0.019210208302321,-0.0034336805199089,0.6486471517584388,0.532925329112453,550,46
V1,5,135000,0.0193754726817673,-0.0033466549250323,0.6512725027340308,0.5314516341343796,550,46
V1,5,140000,0.0193970843540007,-0.003654842056659,0.6520050793871661,0.5620201712174228,550,46
V1,5,145000,0.0195555348390834,-0.0032268259415491,0.6497115197596418,0.572222803602024,550,46
V1,5,150000,0.0195653167427936,-0.0026154761624319,0.6505281396691763,0.5698626948511564,550,46
V1,5,155000,0.019686160956303,-0.0034561044677756,0.6566413473634009,0.5696560141701678,550,46
V1,5,160000,0.0198315522212662,-0.0028715578120259,0.6534064649167941,0.5444474410731341,550,46
V1,5,165000,0.0199211538977155,-0.0022355094382812,0.6575730500240038,0.5186770712477085,550,46
V1,5,170000,0.0200078521903705,-0.0030613538583962,0.6588104250995984,0.5032135756952448,550,46
V1,5,175000,0.0200305035315623,-0.0026776070493476,0.6618921257084082,0.4920437963911857,550,46
V1,5,180000,0.0200918521198988,-0.0026643125588472,0.6620766954126371,0.4774824004961758,550,46
V1,5,185000,0.0201123720537046,-0.0031437503800885,0.6640600730076239,0.5086964197437316,550,46
V1,5,190000,0.0201972097413134,-0.0030427392523345,0.6665469197196878,0.5187547364931294,550,46
V1,5,195000,0.0203054089681009,-0.0030512256696241,0.6668225320592944,0.5516737828579298,550,46
V1,5,200000,0.0203076431730888,-0.0032558220862435,0.6650564855932872,0.5570573803318295,550,46
V1,5,205000,0.0202793135769149,-0.002249830307261,0.6695488823531494,0.542136744668704,550,46
V1,5,210000,0.0204256818909249,-0.0023607803527588,0.6650915626133423,0.529699068304011,550,46
V1,5,215000,0.0204702431909783,-0.0027275265999633,0.6695756168627891,0.5156717527947254,550,46
V1,5,220000,0.0204907444178305,-0.0022794424228636,0.6682760126220371,0.51324499937801,550,46
V1,5,225000,0.0205228513635425,-0.0027012266250545,0.6717641048143745,0.5444127753016972,550,46
V1,5,230000,0.0204886040505359,-0.0020691368292188,0.664120923960626,0.5456516639851711,550,46
V1,5,235000,0.0206579555727536,-0.0019103283113013,0.666394428471281,0.5486523732629928,550,46
V1,5,240000,0.0206469090129398,-0.0018659276528319,0.6679857476477057,0.5342371473682271,550,46
V1,5,245000,0.0206823902283879,-0.0020708514489343,0.6697835424019171,0.5388309445399053,550,46
V1,5,250000,0.0206847074060573,-0.0024085030376407,0.6677269585424024,0.5337313935028289,550,46
V1,6,5000,0.0036315327331281,-0.0008168233490839,0.255485105841739,0.2344651726078251,550,46
V1,6,10000,0.0075136289822377,-0.0014994645076567,0.5158512254502309,0.4625988609736024,550,46
V1,6,15000,0.0102102346803011,-0.0018177471589051,0.5284922415246146,0.4681744664175359,550,46
V1,6,20000,0.0126627487975437,-0.0031861754443817,0.562298103612362,0.4313293963222239,550,46
V1,6,25000,0.0137119075993662,-0.0027791942334824,0.5636852271892807,0.4303110642885333,550,46
V1,6,30000,0.0145554626870798,-0.0018127621864635,0.571443746420554,0.4462348826993934,550,46
V1,6,35000,0.0153462841912827,-0.0015691940416921,0.5873112590444055,0.4363294316915892,550,46
V1,6,40000,0.0158926784152332,-0.0014107411498632,0.5974138842745178,0.4344861944272531,550,46
V1,6,45000,0.0163813917614232,-0.0018896863169303,0.5953507762476485,0.4284749614926723,550,46
V1,6,50000,0.0166301100870971,-0.0021844770148259,0.5994049175196423,0.4267238851851566,550,46
V1,6,55000,0.017070166497464,-0.0022267967424505,0.6086787496077559,0.4178338048837307,550,46
V1,6,60000,0.0172974088141904,-0.0021151442239023,0.6095568131202819,0.4318415499414513,550,46
V1,6,65000,0.0175104064863253,-0.0022523087591848,0.622188712384202,0.4384550310104694,550,46
V1,6,70000,0.0177329119617391,-0.0017580869158101,0.6188719892218425,0.4510655330628336,550,46
V1,6,75000,0.017837902426923,-0.0017632234430552,0.6166894367661553,0.456748621470308,550,46
V1,6,80000,0.01803028290014,-0.0014434391673141,0.6175675783219592,0.4880632383323106,550,46
V1,6,85000,0.0181869106831017,-0.0011689476436348,0.61859999733073,0.501039379074417,550,46
V1,6,90000,0.0182487836859211,-0.0009399438648427,0.6207861970861565,0.504406472418106,550,46
V1,6,95000,0.0183524790269678,-0.0016475513639196,0.6216445707655711,0.5326266427503124,550,46
V1,6,100000,0.0184149723741509,-0.0013135343450954,0.6269391587318066,0.5155768087693039,550,46
V1,6,105000,0.0186220356437551,-0.0017960339255683,0.6222165630427247,0.5230101386268461,550,46
V1,6,110000,0.0188462996981586,-0.0016624406787604,0.626707381918358,0.5082472900605799,550,46
V1,6,115000,0.0189275375540815,-0.0006807331572886,0.6305896270779884,0.4905026313960147,550,46
V1,6,120000,0.0189954033487696,-0.0007557005538323,0.6350485495625662,0.4726103877674552,550,46
V1,6,125000,0.0192320816015234,-0.0009634566548185,0.639805216535727,0.4883597944854573,550,46
V1,6,130000,0.019355675436303,-0.0010516220031242,0.6427906208157841,0.5163066892282817,550,46
V1,6,135000,0.0193600004085629,-0.0013448383827186,0.6420880482788605,0.5375254657042227,550,46
V1,6,140000,0.0193994823919653,-0.0016950988284544,0.6414396227069975,0.5203436256602132,550,46
V1,6,145000,0.0196468959024555,-0.0020159904045627,0.6449821620368951,0.5437000937014034,550,46
V1,6,150000,0.019743017974022,-0.0020127511289622,0.6472258481973467,0.5332086872125406,550,46
V1,6,155000,0.0198828335245917,-0.0014545619133478,0.652583985446291,0.5311041681917662,550,46
V1,6,160000,0.0199488018069795,-0.0018097919212708,0.6499066279370566,0.5341468953935748,550,46
V1,6,165000,0.0199827001387688,-0.0022944994744179,0.6516398077598442,0.5379562705071306,550,46
V1,6,170000,0.0200612319248777,-0.0020881887966101,0.6503362245053755,0.5572915755919077,550,46
V1,6,175000,0.020181696443879,-0.0028692305250083,0.6516687899632566,0.5424078714325814,550,46
V1,6,180000,0.0202805032642437,-0.0037297561025935,0.6543180122937023,0.5445090944603205,550,46
V1,6,185000,0.0202472668782963,-0.0042804291313615,0.6556230452501725,0.5773501979655428,550,46
V1,6,190000,0.0203190943765834,-0.0038014929321786,0.6538459949031579,0.5565406224266328,550,46
V1,6,195000,0.0204223381556603,-0.0034005250918841,0.6613771403621236,0.5472481782226207,550,46
V1,6,200000,0.0203602663055915,-0.0037252540868211,0.6614461004869489,0.5627361849643124,550,46
V1,6,205000,0.0203918292386789,-0.0033488695712699,0.6571560135707402,0.5688774342783791,550,46
V1,6,210000,0.0204953870129771,-0.0026975391720364,0.6604368270482258,0.5446072545620003,550,46
V1,6,215000,0.0205153136140274,-0.0027775010798512,0.6560806317407496,0.5374825177065948,550,46
V1,6,220000,0.0206426884671097,-0.0023930350100676,0.6634360826369173,0.5266945945369723,550,46
V1,6,225000,0.0206611019831567,-0.0024165221967539,0.6637786971050342,0.5294538108273532,550,46
V1,6,230000,0.0206921543114,-0.0018252241101136,0.6629968794584398,0.5267473107976166,550,46
V1,6,235000,0.0206796166654595,-0.0019884319997801,0.6651031411230645,0.5002780326193222,550,46
V1,6,240000,0.0207337218193944,-0.0024280888656482,0.6656108603447735,0.4678006397532799,550,46
V1,6,245000,0.0208156281145738,-0.0023358511770254,0.6685412107163401,0.4849753369083079,550,46
V1,6,250000,0.0208399568279408,-0.0026301360372295,0.6672521767830593,0.4624278220843651,550,46
V1,7,5000,0.0036179142369954,-0.0005742108492559,0.2421861807059585,0.2077660033220333,550,46
V1,7,10000,0.0084055305650817,0.0006672950768899,0.4985356070945736,0.4212533472183917,550,46
V1,7,15000,0.0103946924096805,-0.0005569175346521,0.5217820222075984,0.4381497585076584,550,46
V1,7,20000,0.012171335469192,-0.0001278054975031,0.5560595650131134,0.5504116872793989,550,46
V1,7,25000,0.013393696994772,-0.0007527816950747,0.558646823934731,0.535910354395182,550,46
V1,7,30000,0.014528912623933,-7.881654934928037e-05,0.5851828111313421,0.4836345701987635,550,46
V1,7,35000,0.0150669283151219,-7.012728341314224e-05,0.5939401119390145,0.5271327148659702,550,46
V1,7,40000,0.0157513644824815,-0.000316441968225,0.60127522898094,0.515319416798234,550,46
V1,7,45000,0.0162676847499681,-0.0011898200641815,0.6081958334289929,0.5214045305311995,550,46
V1,7,50000,0.0164173513176062,-0.0002640769490698,0.6107087242053599,0.4982053691527682,550,46
V1,7,55000,0.0169045512270236,-0.0009394538074778,0.6169187875831824,0.4622333640960983,550,46
V1,7,60000,0.0170959996420883,-0.0008791456845352,0.6240456328950724,0.4762914865968546,550,46
V1,7,65000,0.0172625551693282,-0.0009695059805973,0.6263799680804378,0.486509873120308,550,46
V1,7,70000,0.0175100068819817,-0.0013086854566467,0.6248801614965765,0.4676481182574888,550,46
V1,7,75000,0.017587379064443,-0.0015376230546163,0.6265665268784513,0.4741561919544128,550,46
V1,7,80000,0.017863825062649,-0.0019893783378153,0.6263630377399473,0.5019533867694915,550,46
V1,7,85000,0.0180037136462925,-0.0013947054265583,0.6282935462349956,0.4905659845700624,550,46
V1,7,90000,0.0182063701219518,-0.0019454570480953,0.6264159588718886,0.512996751265256,550,46
V1,7,95000,0.0183166833386203,-0.0020277125040645,0.6271299342166055,0.4947950797271367,550,46
V1,7,100000,0.0185278154529608,-0.0017496738275027,0.6252519114881225,0.5032060248153832,550,46
V1,7,105000,0.018647233701086,-0.001867650008802,0.625513543385624,0.5186232195228019,550,46
V1,7,110000,0.0188872804291244,-0.0010188072211565,0.6287446599958617,0.5339386428796733,550,46
V1,7,115000,0.0189713246029211,-0.001693352448026,0.6333978419607138,0.5320592051944548,550,46
V1,7,120000,0.0191402600710952,-0.0022620694055673,0.6350010208307584,0.5391513356668135,550,46
V1,7,125000,0.0193010092480245,-0.0024133071132498,0.6345658672374921,0.5568145363079661,550,46
V1,7,130000,0.0194546267758321,-0.0022015332685491,0.6369048746750526,0.5400229536455347,550,46
V1,7,135000,0.0196213776195778,-0.0015982921444967,0.6426786910458121,0.5266257179956397,550,46
V1,7,140000,0.0195388412868926,-0.0017334215542263,0.642945621868662,0.5250267175896007,550,46
V1,7,145000,0.0197055826134798,-0.0018190698961274,0.6418172990529909,0.5424946053567347,550,46
V1,7,150000,0.0197921154741244,-0.0022127335424895,0.6455761242921685,0.5107993186590569,550,46
V1,7,155000,0.0198973917364131,-0.002680176870126,0.6473843071317045,0.5556256306927423,550,46
V1,7,160000,0.020040259699564,-0.002549283326854,0.6445634830491714,0.5613053884365548,550,46
V1,7,165000,0.0200224236506148,-0.0021153094776696,0.6448143828525753,0.5993923253991383,550,46
V1,7,170000,0.0201720391403214,-0.0014101573110964,0.652731779815605,0.5860993061614032,550,46
V1,7,175000,0.0203102778464687,-0.0007021644094512,0.6510686817397164,0.5860294734276547,550,46
V1,7,180000,0.0202400353811176,-0.0002875740164139,0.6534312540631667,0.5658222391682132,550,46
V1,7,185000,0.0203069250050328,-0.0004850993770056,0.6553195405961101,0.55327754404055,550,46
V1,7,190000,0.020457942582234,-3.2984040301886314e-05,0.6600482093840108,0.546786683157135,550,46
V1,7,195000,0.0205063269138824,-0.000185504181891,0.6570504663407447,0.5276336543570764,550,46
V1,7,200000,0.0205327292443224,3.530681573355823e-06,0.6569390680038067,0.545770615515167,550,46
V1,7,205000,0.0205898312772711,0.0004082141998947,0.6619147077399771,0.5653106841341823,550,46
V1,7,210000,0.0205203533193194,0.0003120043977662,0.6648180434241251,0.561588109702394,550,46
V1,7,215000,0.0206681522642185,0.000694770349949,0.6667140329075563,0.5533004370986473,550,46
V1,7,220000,0.0207033571750496,4.62263142724682e-05,0.6672036415279341,0.5851557614481484,550,46
V1,7,225000,0.0206667631011665,-7.54486303499442e-05,0.6660276151831702,0.5776925558217818,550,46
V1,7,230000,0.0207052313142305,-0.0002642644662068,0.6690802888356793,0.5922868554318104,550,46
V1,7,235000,0.0208428994508713,-0.0006815923874554,0.6711442451328674,0.5995392389797416,550,46
V1,7,240000,0.0208683752043823,-0.000328933584877,0.6670073505662968,0.6131119305756483,550,46
V1,7,245000,0.0208816978431392,-0.0005130378912585,0.6662510007013203,0.6153414678381203,550,46
V1,7,250000,0.020934024086026,-0.0011138151908217,0.6661975735340506,0.5853352247631471,550,46
V1,8,5000,0.0037872756845527,-0.0011981350977125,0.225132195193318,0.2088730751198456,550,46
V1,8,10000,0.0072633110695504,-0.0011818862945153,0.4898481948822724,0.3737729424583292,550,46
V1,8,15000,0.0097224173322747,-0.0009906873720242,0.5271094872317373,0.3786624553256036,550,46
V1,8,20000,0.0120265131877643,0.0009247297450059,0.5444413909543067,0.4479770435269261,550,46
V1,8,25000,0.0135523713487028,-0.0001413774154356,0.5672804618370721,0.4290148042235686,550,46
V1,8,30000,0.0139545433312628,-0.0024906519159933,0.5741267642787766,0.3863527935588912,550,46
V1,8,35000,0.014997379762327,-0.0024511453132052,0.5796419757536935,0.4413718170240382,550,46
V1,8,40000,0.0156106304419754,-0.0028409678315178,0.5811314519318289,0.431114511626916,550,46
V1,8,45000,0.0159996429527245,-0.0026081992605799,0.5895578054419143,0.4395633086213469,550,46
V1,8,50000,0.0163706487154979,-0.0025287816175833,0.5940809309824208,0.4610435105437693,550,46
V1,8,55000,0.0167194694690215,-0.002451394728781,0.5995266321172817,0.4839023817175856,550,46
V1,8,60000,0.017016681665289,-0.002252810163428,0.5963455998204592,0.4504259274748054,550,46
V1,8,65000,0.0172353444964812,-0.0023944970492304,0.6041065276164433,0.4657683724574792,550,46
V1,8,70000,0.0175106959936947,-0.0023010959603104,0.6060371768492746,0.4535020399137581,550,46
V1,8,75000,0.017751507391848,-0.0022854098979822,0.6059573061085023,0.4787265409406342,550,46
V1,8,80000,0.0178105220113786,-0.0021798611559639,0.601591373322849,0.5025220940739056,550,46
V1,8,85000,0.0180452943970457,-0.0024095390783959,0.6102073052349469,0.5293400396234227,550,46
V1,8,90000,0.0181737804802823,-0.002424180550824,0.6096370020862892,0.5678611274267982,550,46
V1,8,95000,0.0183301222849956,-0.0027176741940181,0.614256845335823,0.5561910808094895,550,46
V1,8,100000,0.0184992034920079,-0.0025100821817233,0.6184889728075242,0.543672583038448,550,46
V1,8,105000,0.0186590772712586,-0.002782516833813,0.6209256265968315,0.5174691201516974,550,46
V1,8,110000,0.0187357519884896,-0.0030521786044813,0.6211458641962928,0.5268108960078263,550,46
V1,8,115000,0.0188816918242305,-0.002772114502027,0.6248625024539767,0.5073616581588462,550,46
V1,8,120000,0.0190055046417022,-0.0029111561156817,0.6236386981227752,0.5230718435704006,550,46
V1,8,125000,0.0188353576838361,-0.0027211795630909,0.6213989243123935,0.5491498829244404,550,46
V1,8,130000,0.0192012901101644,-0.0026769699255628,0.6324157363474041,0.5263326544671241,550,46
V1,8,135000,0.0193236291362686,-0.0019197903634433,0.6330938553160411,0.5420650965086794,550,46
V1,8,140000,0.0194467874636718,-0.0020077871898368,0.6370514624507094,0.5412395982853151,550,46
V1,8,145000,0.0195110678246565,-0.0016768549333928,0.6395497560178038,0.562272611916871,550,46
V1,8,150000,0.0195450127993762,-0.0019073005088845,0.64170661447614,0.5738059699472606,550,46
V1,8,155000,0.0195309833594857,-0.0012554256641494,0.634754818527497,0.560217151025039,550,46
V1,8,160000,0.0198400516364634,-0.0005241765431962,0.6450628120417001,0.5385619881316185,550,46
V1,8,165000,0.0199968900915485,-0.0010625239294639,0.6451060400166369,0.5315453725390018,550,46
V1,8,170000,0.0200688996667744,-0.0011802253053963,0.6480191255321295,0.5538976338327465,550,46
V1,8,175000,0.020049106529671,-0.0012348131737048,0.6496099180073808,0.5342243337695503,550,46
V1,8,180000,0.0201718287581235,-0.0009218649005678,0.6534057978725101,0.5469941780012182,550,46
V1,8,185000,0.0202481292282018,-0.0008979200208917,0.6505948891349325,0.5604344477701406,550,46
V1,8,190000,0.0203348378414072,-0.0011250959783713,0.651774420594846,0.5691926308527046,550,46
V1,8,195000,0.0204171836296718,-0.0005238915570858,0.6499510147459708,0.5620914262745006,550,46
V1,8,200000,0.020558844562613,-0.0015442376529756,0.6572283663220062,0.5418694192685025,550,46
V1,8,205000,0.020596098626244,-0.0019677801954199,0.659611977822542,0.5439825324950732,550,46
V1,8,210000,0.0205746871391368,-0.0022249297536342,0.6596193129524766,0.5553421374758319,550,46
V1,8,215000,0.0206078016455145,-0.002137317957772,0.6598894191133281,0.5569451561103825,550,46
V1,8,220000,0.0205916672319122,-0.0016307899726295,0.6586984499140136,0.5333939488480156,550,46
V1,8,225000,0.0205479496323218,-0.0018751782406226,0.6634281841882049,0.542518745025884,550,46
V1,8,230000,0.0206311227399958,-0.00147246183018,0.6641157533459782,0.5307831534988579,550,46
V1,8,235000,0.0205558173801668,-0.000918527940283,0.6628782918737601,0.5185893273533168,550,46
V1,8,240000,0.0207011989656599,-0.0013505533707286,0.6666523014211244,0.5349021354147848,550,46
V1,8,245000,0.0207165832162412,-0.0014790534252663,0.6681659897985728,0.5721565059071186,550,46
V1,8,250000,0.0207855519783605,-0.0013101773650317,0.6711169516295856,0.5801549297721137,550,46
V1,9,5000,0.0033932381404835,-0.0012966181392412,0.2077327165240262,0.1852234481729475,550,46
V1,9,10000,0.0079481156337811,-0.0004736381005175,0.4839407511118028,0.4047005095233762,550,46
V1,9,15000,0.0113116845085385,-0.0024603812849481,0.533844055060171,0.3970865785292259,550,46
V1,9,20000,0.0125957928779819,-0.000888624662985,0.5584721634842076,0.4171526110020735,550,46
V1,9,25000,0.0136802626215528,-0.0019998511576793,0.568690438889528,0.4398077933606366,550,46
V1,9,30000,0.0146637223071667,-0.0013755216066803,0.5779107884737867,0.4621515708639027,550,46
V1,9,35000,0.0151808477607169,-0.0010823870641004,0.5822385966216778,0.5024141351812826,550,46
V1,9,40000,0.0158066412801167,-0.0008665854943977,0.5891533520934628,0.479985532373012,550,46
V1,9,45000,0.0162454235744618,-0.0009180707720923,0.5943494244417653,0.5157217990287355,550,46
V1,9,50000,0.0165786717323221,-0.0001814431107919,0.5988910422713019,0.5210641992356895,550,46
V1,9,55000,0.0168856890303947,-0.0006817367090346,0.6040930750997111,0.5079848077479158,550,46
V1,9,60000,0.0172354932416446,-0.0005182827086833,0.6118403612313674,0.5175483927215698,550,46
V1,9,65000,0.017439289097936,-0.0007493760202712,0.6153579817187673,0.5240955522149152,550,46
V1,9,70000,0.0177235737876977,-0.0013216464062507,0.6233125679619659,0.5566752195479893,550,46
V1,9,75000,0.0178950091328693,-0.0019734154820362,0.6206931576628114,0.5360822075817573,550,46
V1,9,80000,0.0180638799802543,-0.0018697551574724,0.6225938782748827,0.5172427238304134,550,46
V1,9,85000,0.0181200413005629,-0.0014779502990791,0.6192859763243294,0.5350300684363826,550,46
V1,9,90000,0.0183120195652974,-0.001120855003254,0.6248293106542686,0.510772532490508,550,46
V1,9,95000,0.0184214514244116,-0.000946581248575,0.6232711342976197,0.5199776125162751,550,46
V1,9,100000,0.0185502438889108,-0.0014160136802507,0.6261071279744043,0.4947251562809095,550,46
V1,9,105000,0.0187530753960836,-0.0011719536161946,0.628552386655452,0.4967781556868206,550,46
V1,9,110000,0.0188776397958609,-0.001126227639671,0.632233443183263,0.5353281264137978,550,46
V1,9,115000,0.0189995511582356,-0.0016375755142146,0.6291266400473671,0.5349637146214965,550,46
V1,9,120000,0.0191509295685236,-0.0018088927097452,0.6310594587388613,0.4807397015292108,550,46
V1,9,125000,0.0192001931854743,-0.0017327412686419,0.6268289239269467,0.4566928116034551,550,46
V1,9,130000,0.0193170660630037,-0.0019997522262376,0.6352530946275498,0.4850355139810494,550,46
V1,9,135000,0.019379273277806,-0.0008631897322478,0.6420727123388537,0.5030136360653402,550,46
V1,9,140000,0.0194250252728367,-0.0004878107074337,0.6450112341439409,0.5092205894936211,550,46
V1,9,145000,0.0195555895058988,-0.0006495242086943,0.644701436853235,0.5154671050670736,550,46
V1,9,150000,0.0197428469126278,-0.0008368847355719,0.6444613492727523,0.4955566238396621,550,46
V1,9,155000,0.0197342064129668,0.0001829236013357,0.6477536961402879,0.5434356883315122,550,46
V1,9,160000,0.0198138713715667,-0.0001842274265766,0.6478742891814823,0.5424993027537036,550,46
V1,9,165000,0.0199786232364685,-0.0002185292441481,0.6476077710505734,0.5807446975620515,550,46
V1,9,170000,0.0201490421591525,-1.991245728084222e-05,0.6434996837892872,0.5473695033948796,550,46
V1,9,175000,0.0201637516151432,-0.0005374266742843,0.6507495407931081,0.5738920240732683,550,46
V1,9,180000,0.0202927470111053,-0.0006887015149644,0.6483980959752683,0.5583122555555624,550,46
V1,9,185000,0.02036172436872,-0.0006916302647989,0.6521940912643909,0.5739767282974707,550,46
V1,9,190000,0.0204554428198971,-0.0009607337395131,0.6493987487771599,0.5617265815106512,550,46
V1,9,195000,0.0203475535211978,-0.0016205253973181,0.6514000167652274,0.5838723989357856,550,46
V1,9,200000,0.0203741313279024,-0.0020888962933069,0.6537147665155983,0.5680612837455893,550,46
V1,9,205000,0.0203952431615281,-0.002011437575427,0.6548325440266544,0.5575840093180361,550,46
V1,9,210000,0.0204976106804678,-0.0013411541395512,0.6535629562605095,0.556745832825931,550,46
V1,9,215000,0.0205975985088507,-0.0015616511897187,0.6517133036814117,0.5711339440321821,550,46
V1,9,220000,0.0206752989649439,-0.0015920781712252,0.6545043951077218,0.5560490198018498,550,46
V1,9,225000,0.0206336443737812,-0.0018174708603219,0.6520028496710988,0.5642083876393135,550,46
V1,9,230000,0.0207252889371716,-0.0018552311726162,0.6604619130120072,0.5428080075898429,550,46
V1,9,235000,0.0207556975416598,-0.0014883703455789,0.6602460648265657,0.5531089662994553,550,46
V1,9,240000,0.0208025556402388,-0.0019666890565864,0.6623386893028635,0.5387486771524923,550,46
V1,9,245000,0.0208462551718904,-0.0018772982123711,0.6621867306521474,0.5302479155385439,550,46
V1,9,250000,0.0208506701472888,-0.0017281035746915,0.6605439142738861,0.5326647666846338,550,46
V2,0,5000,0.0012815471777689,-0.0006181336318853,0.0304572903683183,0.0478644550839244,550,46
V2,0,10000,0.0018744034170068,-0.0006100096574939,0.0608183570831437,0.0680679471604301,550,46
V2,0,15000,0.0053632606913031,-0.0011708383141016,0.2405839421834212,0.1764827569310485,550,46
V2,0,20000,0.0085639359012235,-0.0027765659038617,0.4246718567147929,0.3835088796309238,550,46
V2,0,25000,0.0101381951986701,-0.0028338638452265,0.4700195406539089,0.4505234905200301,550,46
V2,0,30000,0.0111906888810303,-0.0026637543650538,0.4951586046234691,0.4398206832781828,550,46
V2,0,35000,0.0124724919836101,-0.0011217785348062,0.5251554719731797,0.4263172694314134,550,46
V2,0,40000,0.0132801669045927,-0.0007487644486785,0.5474603444467678,0.4427862643819478,550,46
V2,0,45000,0.0141492324352701,-0.0003211225704531,0.5518895708177735,0.4413809522329958,550,46
V2,0,50000,0.014820986011256,-0.0006775239398587,0.5562714161350948,0.423978846734014,550,46
V2,0,55000,0.0152956072891778,-0.0006185571705277,0.5638821222976084,0.4042355920346808,550,46
V2,0,60000,0.015565860205353,-0.00056021520448,0.5717327459018094,0.4102126523722472,550,46
V2,0,65000,0.0159949381781902,-0.0008828858047837,0.581024152202402,0.4054265861109521,550,46
V2,0,70000,0.0162515940557868,-0.0009782125196681,0.5832270763778273,0.4159418774182405,550,46
V2,0,75000,0.0166787805827899,-0.000706044652525,0.5835462945369725,0.4252470063611743,550,46
V2,0,80000,0.0168061049250494,-0.0003815627839635,0.5908595664723977,0.4266974708856995,550,46
V2,0,85000,0.0169269606813034,-0.000606356724782,0.5942664483109431,0.4236452963908505,550,46
V2,0,90000,0.0170702011412072,-0.0006078648118836,0.598007993614234,0.4385820504465285,550,46
V2,0,95000,0.017358864548689,-0.0007328062560193,0.6008387070390243,0.4513730129136968,550,46
V2,0,100000,0.017429391276259,-0.0008938214879578,0.6014111086458169,0.4347744308595352,550,46
V2,0,105000,0.0175638839970945,-0.0003779276760419,0.6023919799741765,0.4316195379217166,550,46
V2,0,110000,0.0177746934541916,-0.0004921411317373,0.6028394937168414,0.4291179463982539,550,46
V2,0,115000,0.0180042349305538,-0.0004237848676612,0.6051851436308426,0.4381092478581173,550,46
V2,0,120000,0.018136724197103,-0.0003242525050878,0.6055580314972883,0.4427044307822637,550,46
V2,0,125000,0.0183545562300642,-0.0009645349633059,0.6049314546951015,0.4343619008766852,550,46
V2,0,130000,0.0185671122409633,-0.0013711822685986,0.6098825997987148,0.4509276299762577,550,46
V2,0,135000,0.0186185087072945,-0.0013558814761716,0.607412557606168,0.4437737344370119,550,46
V2,0,140000,0.0188159495709231,-0.0014679983017072,0.6105584137934614,0.4334070564917212,550,46
V2,0,145000,0.0189490536112922,-0.0010338559647495,0.6150615718604463,0.4212236580988227,550,46
V2,0,150000,0.019054417720821,-0.0006250668455396,0.6191368855144225,0.399789741198476,550,46
V2,0,155000,0.0192186215901302,-0.0007027002520828,0.6213918195875316,0.3814516936322355,550,46
V2,0,160000,0.0192495512178984,-0.0011057997702241,0.622882266918651,0.3830330600738914,550,46
V2,0,165000,0.0194047609952164,-0.0012921703661344,0.6215439369464922,0.3987521163902085,550,46
V2,0,170000,0.0194597211355559,-0.0013227454584417,0.6259656126353205,0.391292689865357,550,46
V2,0,175000,0.0195299439535424,-0.0013571925482559,0.6310512937106098,0.3961541897648569,550,46
V2,0,180000,0.0195637038872217,-0.0010206817713995,0.6272503920096748,0.4212609620703754,550,46
V2,0,185000,0.0197164436382091,-0.001013854105053,0.6299796740541904,0.414746478325453,550,46
V2,0,190000,0.0196753905338593,-0.0013619733153856,0.6313709480157352,0.4169053677475176,550,46
V2,0,195000,0.0197918092452284,-0.0014048326426301,0.634489825238979,0.4062881998360295,550,46
V2,0,200000,0.0198770792030603,-0.0015221361263599,0.6375522766102958,0.4224617930240875,550,46
V2,0,205000,0.0199264190946121,-0.0017840833436594,0.63846972287318,0.4403463806140298,550,46
V2,0,210000,0.0199767363598164,-0.0014016751556727,0.6401250516611318,0.4404338288544284,550,46
V2,0,215000,0.0199940193752239,-0.0014556443374016,0.6447423680675466,0.4350222098485766,550,46
V2,0,220000,0.020190472652173,-0.0016129973140306,0.6485877065387672,0.4534090658473836,550,46
V2,0,225000,0.0202481897941424,-0.0020385958873972,0.6508717942730075,0.4564709864994161,550,46
V2,0,230000,0.0203295451086761,-0.0018919251080785,0.6509471178169743,0.4375178318417514,550,46
V2,0,235000,0.0203489020924485,-0.0020481724709333,0.653924914061805,0.4464636637894069,550,46
V2,0,240000,0.0203984836589635,-0.0022314679757026,0.653999439399955,0.4393974905064354,550,46
V2,0,245000,0.0204946733431665,-0.0021703864731779,0.6536019615991493,0.441791271643207,550,46
V2,0,250000,0.0204933332957573,-0.00192497346263,0.6522008609665484,0.4573729507452618,550,46
V2,1,5000,0.001317435074754,-0.0006533703235455,0.0348793001829918,0.0603561760198189,550,46
V2,1,10000,0.0022462138607469,-0.0003802412287611,0.0650568415717971,0.0753230525185959,550,46
V2,1,15000,0.0061629662246372,0.000295487557008,0.2682907973075928,0.2321663574095674,550,46
V2,1,20000,0.0092321927617139,-0.0003283594001542,0.4326360227303844,0.3162255619189488,550,46
V2,1,25000,0.0097460514499705,0.0012108734952631,0.469466189075517,0.3966386219026929,550,46
V2,1,30000,0.0112983783163319,0.0005941533228185,0.528710721133622,0.4480946907072118,550,46
V2,1,35000,0.0122503079109848,-0.0006593138237104,0.5489357248015666,0.4447890173382361,550,46
V2,1,40000,0.0131888586694054,0.0002877021771772,0.5600049629847988,0.4890282451194574,550,46
V2,1,45000,0.0140720733743733,-0.0002911703755182,0.5768553179941682,0.5309444483657437,550,46
V2,1,50000,0.0145957292314988,-0.0002838243084623,0.5729710087872282,0.5057408391307504,550,46
V2,1,55000,0.0152464785378266,-0.0004289448712239,0.5793154731595132,0.5098572234927746,550,46
V2,1,60000,0.0156191016858306,-0.0006880716438347,0.5880071953561378,0.4760507343007177,550,46
V2,1,65000,0.0158411431321585,-0.0003920706270803,0.5953022594357402,0.4838940135133069,550,46
V2,1,70000,0.0161837526562794,-0.0002225924112375,0.6027362774037647,0.4881957076378383,550,46
V2,1,75000,0.0164552188311643,-0.0001740785164487,0.608756690980515,0.4717433949417032,550,46
V2,1,80000,0.0165867891214135,-0.0001610455667262,0.6158033724468696,0.4710859107491916,550,46
V2,1,85000,0.0167522656976791,5.2742564389097825e-05,0.614219198746911,0.4524220657015295,550,46
V2,1,90000,0.0170700263190736,-0.0001603546065653,0.6187624335763445,0.4510637176503667,550,46
V2,1,95000,0.0171646724600202,-0.0004146271123209,0.6209019277663363,0.4686840581025729,550,46
V2,1,100000,0.0172136964508386,2.7847248522540183e-05,0.624601672221971,0.4542404437661402,550,46
V2,1,105000,0.0174655545599421,-0.0004104155775278,0.6254636181657264,0.4750150213685763,550,46
V2,1,110000,0.0176288539341109,-0.0004483269173625,0.6295755205092024,0.4673656862922075,550,46
V2,1,115000,0.0178663796075865,-0.0010314909835005,0.6258050773981885,0.4744166212214188,550,46
V2,1,120000,0.0180675556007655,-0.0012511772785334,0.6331226829713541,0.4963145460368177,550,46
V2,1,125000,0.0182834946962648,-0.0008236247770884,0.6299947617489376,0.5027683188957398,550,46
V2,1,130000,0.0183793886683039,-0.0005780925913621,0.6289369089105882,0.4778431642561218,550,46
V2,1,135000,0.0184521850646194,-0.0002544621953888,0.6344239587719904,0.4880598414463449,550,46
V2,1,140000,0.0185999583956563,-0.0001054660624561,0.6388601864776725,0.5000559959909776,550,46
V2,1,145000,0.0186234276292605,-0.0004757466602561,0.6391620921666251,0.5178159341716086,550,46
V2,1,150000,0.0187608808246201,-0.0004399205922629,0.6427491463863767,0.5156516546141287,550,46
V2,1,155000,0.0189502287452549,-0.0009743736719824,0.64206378913892,0.5273327827751294,550,46
V2,1,160000,0.0190498670761859,-0.0011314207502659,0.6455814798393628,0.5274674350821246,550,46
V2,1,165000,0.0192143281076865,-0.0014773798982321,0.6492972584553008,0.5190886007846878,550,46
V2,1,170000,0.0193368397595566,-0.0008990213616912,0.6511064159991967,0.5050547377711209,550,46
V2,1,175000,0.0194087379893364,-0.000818763254669,0.6497257822128658,0.4830173639378379,550,46
V2,1,180000,0.0194453334801414,-0.0010438596333774,0.6484844598613028,0.4892319662620159,550,46
V2,1,185000,0.019579163585224,-0.001304486276944,0.6532725476681449,0.5055965730502264,550,46
V2,1,190000,0.0196565854626811,-0.0010080322038261,0.6560951252969568,0.5039820331438274,550,46
V2,1,195000,0.0197353254945689,-0.00128747830635,0.6593273616984888,0.5039194355479927,550,46
V2,1,200000,0.0197678725719294,-0.0019022718072305,0.6566626394587626,0.5168292226425797,550,46
V2,1,205000,0.0198758288987735,-0.0021263331761599,0.6553119893681126,0.520294664740225,550,46
V2,1,210000,0.0199031767387454,-0.001827159778216,0.6594280827953855,0.5203158118472312,550,46
V2,1,215000,0.0200268717593063,-0.0014377151264706,0.657681890001136,0.514876395438106,550,46
V2,1,220000,0.0200517753478133,-0.0010814145228416,0.6589571472961206,0.5207225523708269,550,46
V2,1,225000,0.0201109629850702,-0.0011458891384745,0.6594095911830931,0.516175497577916,550,46
V2,1,230000,0.0202655190307283,-0.001289116007833,0.6602087107081872,0.528284180859707,550,46
V2,1,235000,0.0202713089530118,-0.0013255968494762,0.6574730063559044,0.534717405176552,550,46
V2,1,240000,0.0204116043300233,-0.0010008884849521,0.6579028294289272,0.5343667998853323,550,46
V2,1,245000,0.0204140222279305,-0.001133521909237,0.6612892953309016,0.5254252651311645,550,46
V2,1,250000,0.0204697398266766,-0.0012283252836994,0.6619835477915677,0.5326986864199842,550,46
V2,2,5000,0.001354480347357,-0.0005870406887447,0.0303684298661787,0.0494665750736275,550,46
V2,2,10000,0.0021826245962456,-0.0004453952721195,0.0659529088795379,0.0741337835079706,550,46
V2,2,15000,0.0061000115765923,-0.0002120099154607,0.2689169148033043,0.2359949558066048,550,46
V2,2,20000,0.0090043562742234,0.0003710680197446,0.4547673569671214,0.3953748108481436,550,46
V2,2,25000,0.0102108820228239,-0.0021265218529197,0.4902895882081421,0.3677049820213099,550,46
V2,2,30000,0.0112505571739734,-0.0016163729170513,0.5105534671048959,0.4045786260376017,550,46
V2,2,35000,0.0123156936965696,-0.0016368264843572,0.5355526674094583,0.4928136475398216,550,46
V2,2,40000,0.0132379737458062,-0.0025271208547953,0.5461523789679772,0.4366736976064171,550,46
V2,2,45000,0.0139494935936652,-0.0028950215439979,0.5553481559266689,0.4325267720614665,550,46
V2,2,50000,0.0142866060049223,-0.0028533680063247,0.5736428500696866,0.4310691602897009,550,46
V2,2,55000,0.0146709406527298,-0.0023443105076525,0.5765126424735232,0.4166655675388776,550,46
V2,2,60000,0.0149771819460045,-0.0017681341805503,0.5839290315019503,0.4109040917127687,550,46
V2,2,65000,0.0154277029541793,-0.0015782926860139,0.5950121557043713,0.4188151643393479,550,46
V2,2,70000,0.0156440053233136,-0.0012218860636279,0.5929509850844868,0.4234199967127954,550,46
V2,2,75000,0.0160188671938519,-0.0017272614013152,0.5969409404183226,0.4228565471352127,550,46
V2,2,80000,0.0162587304692268,-0.0018641271627656,0.5906281044609086,0.4226838102501578,550,46
V2,2,85000,0.0164009234995713,-0.0022114214073023,0.5952364353717059,0.4315554029900921,550,46
V2,2,90000,0.0166095790251326,-0.0017582983215645,0.5971901672393015,0.4076184887691495,550,46
V2,2,95000,0.0168737121785414,-0.0015493641510238,0.5995964841099869,0.4104435384095098,550,46
V2,2,100000,0.0169893859934041,-0.0013531411790082,0.6018008805920813,0.4126133557925339,550,46
V2,2,105000,0.0172771610521797,-0.0014229143660015,0.6037349019851376,0.4299255279633591,550,46
V2,2,110000,0.0174362510769434,-0.0010015834561174,0.6019980264783817,0.4261534658293127,550,46
V2,2,115000,0.0175550293983511,-0.0008220268145244,0.6072982455616839,0.4223124713577267,550,46
V2,2,120000,0.017742405165328,-0.0006918507418638,0.6114762535071808,0.4197195179135373,550,46
V2,2,125000,0.0179956461679744,-0.0007576702729819,0.6170025914631835,0.4132011645464747,550,46
V2,2,130000,0.0182578808456549,-0.0005035174647388,0.6146692020614292,0.3968596465900542,550,46
V2,2,135000,0.0183009517476555,-0.0006963889781859,0.6177433789979974,0.3967512158524869,550,46
V2,2,140000,0.0184339039452913,-0.0008765335121456,0.6190532537063371,0.4035699944941345,550,46
V2,2,145000,0.0185660695922187,-0.0008909909892054,0.6179235447690771,0.4044617225189387,550,46
V2,2,150000,0.0187387873352586,-0.0006547543668733,0.6201637895862419,0.4061585065671139,550,46
V2,2,155000,0.0189001158755667,-0.0005143030187213,0.6233432838884783,0.4165511148440954,550,46
V2,2,160000,0.0190501853801817,-0.0007852251973322,0.6241973275903493,0.425388660911015,550,46
V2,2,165000,0.0191812425688484,-0.0011662970960892,0.6282360850325954,0.4374928513446708,550,46
V2,2,170000,0.019192033130993,-0.0010617256607525,0.6287152361369861,0.4368470355373849,550,46
V2,2,175000,0.0192958963679876,-0.0011795806764,0.6336919303095885,0.4360131654766423,550,46
V2,2,180000,0.0194849406030869,-0.0011991228132961,0.6367917856872733,0.4447711223693285,550,46
V2,2,185000,0.0195847799199314,-0.0010964540861724,0.6377863194539058,0.4476351000205803,550,46
V2,2,190000,0.0196651336750123,-0.0009077890893662,0.6375632691596961,0.4514881201750417,550,46
V2,2,195000,0.0197170502591318,-0.0012491235655144,0.6398888491832682,0.4584201915372969,550,46
V2,2,200000,0.0197483601018718,-0.0012154538654104,0.6419399203289248,0.4750377408145617,550,46
V2,2,205000,0.0198444416153662,-0.0014675797130588,0.6419493381011026,0.4706719863655644,550,46
V2,2,210000,0.0198957081791035,-0.0012318415989357,0.6457538710097549,0.4504182920042062,550,46
V2,2,215000,0.0199607791979177,-0.0010456538974428,0.6489602994150958,0.4399974923501806,550,46
V2,2,220000,0.019992104648417,-0.0007520103861811,0.6498720008855985,0.4455953280106952,550,46
V2,2,225000,0.0200601789790228,-0.0007507885475163,0.6510369666676828,0.434662454641629,550,46
V2,2,230000,0.0200635899440547,-0.0007357038923154,0.6508618813621456,0.4366240977702615,550,46
V2,2,235000,0.0201263177943903,-0.0007222597197355,0.6521148067951401,0.426233978085185,550,46
V2,2,240000,0.0201671291349394,-0.0010720236146372,0.6544746650372016,0.4163708299938083,550,46
V2,2,245000,0.020168422074757,-0.0011670982498403,0.6554480737617087,0.4310798468687972,550,46
V2,2,250000,0.0202464075612969,-0.0013116456279239,0.6575003339523967,0.4338479861899034,550,46
V2,3,5000,0.0013075733509046,-0.0003973526753249,0.0324976019866067,0.0570870607019816,550,46
V2,3,10000,0.0020036408671805,-0.0004530189022134,0.0582802449524325,0.0722362836949878,550,46
V2,3,15000,0.0062316177348402,-0.0002863491396118,0.2620347665132632,0.2321525763368383,550,46
V2,3,20000,0.0090315458687108,-0.0007038978915206,0.4440741076450483,0.3238696823472147,550,46
V2,3,25000,0.0099376418076831,-0.0003962211403921,0.4752978938786393,0.3665656980793252,550,46
V2,3,30000,0.0110536901566033,0.0003130477830532,0.5165774871390871,0.4392712777382485,550,46
V2,3,35000,0.0123601648647296,-0.0003512633933813,0.5434517071244671,0.4770347191568318,550,46
V2,3,40000,0.0133109920013574,-0.0002766764835888,0.5549806870496674,0.4531774990790076,550,46
V2,3,45000,0.014280268020665,-0.0008793913889939,0.5727623562658306,0.4519567104303406,550,46
V2,3,50000,0.014755124005981,-0.0002601393277784,0.5869518343130721,0.4527948695799391,550,46
V2,3,55000,0.0151231752238485,-0.0005247423503583,0.5916753576295637,0.4383562367756438,550,46
V2,3,60000,0.0155507403097181,-0.0008616446499253,0.5973580190094548,0.4554669682061667,550,46
V2,3,65000,0.016012423894444,-0.0010111287470857,0.597612133358453,0.484748666158499,550,46
V2,3,70000,0.0163515513044298,-0.0006313825619856,0.5996054808073416,0.4807697818249973,550,46
V2,3,75000,0.0165260713886438,-0.0004793045667741,0.606970552503894,0.4836153561346918,550,46
V2,3,80000,0.0167201026631573,-0.0005696515494487,0.6087319227158747,0.5147784037185883,550,46
V2,3,85000,0.0170093960481102,-0.0007546529007384,0.6150825341494532,0.4933370458707085,550,46
V2,3,90000,0.0171214699796443,-0.0007147637129589,0.6190009468702212,0.4955880387952014,550,46
V2,3,95000,0.0173043838058792,-0.0004872981828263,0.6250331015129321,0.4988536383904583,550,46
V2,3,100000,0.0174441870411859,-0.000623995194589,0.626942094344249,0.5028425358998814,550,46
V2,3,105000,0.0176194886372607,-0.0007008049059389,0.6299119441400765,0.4945588045790943,550,46
V2,3,110000,0.0178709672458229,-0.0010030036954812,0.6366959726637517,0.5019307197654543,550,46
V2,3,115000,0.0180929925736723,-0.0012285726946486,0.634062247940511,0.5013638841890519,550,46
V2,3,120000,0.0183120287899829,-0.0010057024841184,0.642599436928538,0.5074052814736024,550,46
V2,3,125000,0.0184490445617175,-0.0009795282585717,0.638628929572309,0.5053820654821862,550,46
V2,3,130000,0.0185631459885148,-0.0014212083422919,0.6344591363449155,0.5046597839889103,550,46
V2,3,135000,0.0188121886151708,-0.0015774167724153,0.6339411753102987,0.5241374941101948,550,46
V2,3,140000,0.0188920720030533,-0.0012207516771946,0.635194334925867,0.5308119962633997,550,46
V2,3,145000,0.019037559786644,-0.0009610119984926,0.6390619587625477,0.5375761102214356,550,46
V2,3,150000,0.019244769695162,-0.0011316069705059,0.6421010827114224,0.5506541878486916,550,46
V2,3,155000,0.0192774332565867,-0.0011307488155528,0.640202714631786,0.5608913549039325,550,46
V2,3,160000,0.019399256910238,-0.0008992881683851,0.6391943433847569,0.5583047732261729,550,46
V2,3,165000,0.0194843383071835,-0.0007720332833656,0.6415782868246039,0.5649581326334152,550,46
V2,3,170000,0.0196124352614486,-0.0004814850517522,0.6442887976629273,0.5763085623952354,550,46
V2,3,175000,0.019596516429707,-0.0005973802585311,0.6443563797836676,0.5858398956335479,550,46
V2,3,180000,0.0197174162239351,-0.0001547025697775,0.648230440808861,0.5725393038956278,550,46
V2,3,185000,0.0198227496028333,-0.0003153086218475,0.6510501758889466,0.5781656752234611,550,46
V2,3,190000,0.019863873506675,-0.0011001345206638,0.649604303762672,0.5724528471133642,550,46
V2,3,195000,0.0199100499508865,-0.0016071016993294,0.6485022814784529,0.5642965696046006,550,46
V2,3,200000,0.0199868748054332,-0.0014613533599749,0.6484709556738175,0.5576723556447195,550,46
V2,3,205000,0.0200559987708135,-0.0017070672713836,0.6512682199918707,0.5583487142933514,550,46
V2,3,210000,0.0200837331258592,-0.0019555646180735,0.6514838059541802,0.5439726240494316,550,46
V2,3,215000,0.020166892119711,-0.0015364772128514,0.6528314774963314,0.5320441321330873,550,46
V2,3,220000,0.0201793747956815,-0.0012065280368351,0.6543461478496089,0.5397055923435239,550,46
V2,3,225000,0.0202184947602967,-0.0009440932867117,0.6610900550916504,0.5372267039244883,550,46
V2,3,230000,0.0202658431271069,-0.0011664535674107,0.6602422624283465,0.5233583877813199,550,46
V2,3,235000,0.0203422609448542,-0.0012643200319007,0.6583120155900555,0.5414811435789741,550,46
V2,3,240000,0.020280883227412,-0.0011737279065614,0.6564632160437437,0.5486537789912544,550,46
V2,3,245000,0.0203682429326532,-0.0010934267653624,0.6632623096451613,0.5372933382504242,550,46
V2,3,250000,0.0204100226355354,-0.0013527539483395,0.6603802052462177,0.5316842579943126,550,46
V2,4,5000,0.0013293325969318,-0.0006414856532995,0.0324920701439631,0.0520258336715356,550,46
V2,4,10000,0.0023661087972959,-0.000568151246109,0.0726547825253998,0.0841987798851135,550,46
V2,4,15000,0.0064648033727024,-0.0004662155531701,0.2800279267542432,0.2349778996007265,550,46
V2,4,20000,0.0088283825715423,-0.0005087427275494,0.4395697397794232,0.3411799159794059,550,46
V2,4,25000,0.0096171261176399,0.0010753393404663,0.4796298338097421,0.4785549193729092,550,46
V2,4,30000,0.0107267795925963,0.0016537476349329,0.4924506195386069,0.4810818579910468,550,46
V2,4,35000,0.012254795996361,0.0002741113677642,0.5346768527208396,0.4898785758094134,550,46
V2,4,40000,0.0134464621032399,0.0014039626605956,0.5514458677953588,0.4569093871556099,550,46
V2,4,45000,0.0138307356502058,0.0014067805717962,0.5642281946516218,0.4676717061360623,550,46
V2,4,50000,0.0142942020067763,0.0011267575129423,0.57357553071362,0.4630053554507795,550,46
V2,4,55000,0.014725410881629,0.0008833516332025,0.5800493386830775,0.4820746584355141,550,46
V2,4,60000,0.0151038116770478,0.0008292636718993,0.5869898695008751,0.5065343535747522,550,46
V2,4,65000,0.0153810336708455,0.0007697549154512,0.5957564237020258,0.5091125691980484,550,46
V2,4,70000,0.0156741875851851,0.0011447033674755,0.6010493513625859,0.4839144334465512,550,46
V2,4,75000,0.0159733362459799,0.0012846639058916,0.6086747109039865,0.4766759297761148,550,46
V2,4,80000,0.0164770002657084,0.0016453749213668,0.6176836349257192,0.5048866643849277,550,46
V2,4,85000,0.0166350662043967,0.0016070783992569,0.6249841601336336,0.5037958759450606,550,46
V2,4,90000,0.0167600554214055,0.001271493900895,0.6259835981628928,0.5070432205462042,550,46
V2,4,95000,0.0169071205140588,0.0013836241781148,0.6237496809112093,0.4848997353519296,550,46
V2,4,100000,0.0170646376936239,0.0017424881161014,0.6250438386588536,0.482184647658501,550,46
V2,4,105000,0.0172393674365947,0.0012488985703362,0.6323155542212892,0.4776509381398023,550,46
V2,4,110000,0.017461689273588,0.0012885080527294,0.6330154437038781,0.5026322351767568,550,46
V2,4,115000,0.0177670188784688,0.0007386479808326,0.6365146501469578,0.511564097157879,550,46
V2,4,120000,0.017961574442236,0.0011032035670092,0.6338023217714869,0.5305952032684127,550,46
V2,4,125000,0.0182499333415497,0.0006175255619366,0.6333121075311349,0.5044846706686982,550,46
V2,4,130000,0.018443187112166,0.0007425843468011,0.6323788264550737,0.4735803915677642,550,46
V2,4,135000,0.0186274730042458,0.0004845023206537,0.6357221849666278,0.4502352360923659,550,46
V2,4,140000,0.0187639530050643,0.0002687175557426,0.6325928628742089,0.440529629661241,550,46
V2,4,145000,0.0189176756094307,0.0002998724564274,0.6347257433725471,0.4708309779292369,550,46
V2,4,150000,0.0190194449981385,0.0005860889886969,0.6379076077678573,0.5079449961832866,550,46
V2,4,155000,0.01917861754016,-0.0003060108651843,0.6426352763475045,0.5338576091048086,550,46
V2,4,160000,0.0193354602343346,-6.034370627240747e-05,0.6462673937099032,0.5459328915848009,550,46
V2,4,165000,0.019447010897962,-3.325712410630949e-05,0.6475378852003911,0.5380528435542853,550,46
V2,4,170000,0.0195123019299343,-0.0001582825833292,0.6482234990186738,0.5273723731298332,550,46
V2,4,175000,0.0196674744565447,-0.0003375630521255,0.6493775278940354,0.5250728230212868,550,46
V2,4,180000,0.0196987072922159,-0.0006131657328543,0.6509597749798209,0.5373481253667265,550,46
V2,4,185000,0.0197447069925016,-0.0008160419394437,0.649556042729991,0.5154336973765282,550,46
V2,4,190000,0.0197664012695438,-0.0006875567793295,0.6537468798040145,0.518021595038389,550,46
V2,4,195000,0.019835338845935,-0.0003521850460564,0.6539639681114997,0.5044053889781516,550,46
V2,4,200000,0.0199103956545825,-0.0002482437428164,0.6542151141235819,0.5111188735503852,550,46
V2,4,205000,0.0200161386770908,-0.0004730856385062,0.6560539197423594,0.5003144421304934,550,46
V2,4,210000,0.0200761759396038,-0.0007423781605691,0.6570630286281711,0.5006550305819661,550,46
V2,4,215000,0.0200410786507273,-0.0009126898842283,0.6581562216326359,0.5042647137193503,550,46
V2,4,220000,0.0200794365460839,-0.0008049187157485,0.6568235837556399,0.5194529961477992,550,46
V2,4,225000,0.0200908624547969,-0.0010376896068502,0.6581915110212276,0.5369998462863927,550,46
V2,4,230000,0.0201685097283086,-0.0013266129688773,0.6597499594296954,0.5388416530466996,550,46
V2,4,235000,0.0202239305855436,-0.0016897522553296,0.6590871922780901,0.531102134084408,550,46
V2,4,240000,0.0203129368240399,-0.0018257271574568,0.6574498216648654,0.5464764807656058,550,46
V2,4,245000,0.0203421393342134,-0.0016840161574903,0.6588366377439999,0.5596754376883062,550,46
V2,4,250000,0.0203291468265055,-0.0020443067492594,0.6610904105827479,0.5741174254785134,550,46
V2,5,5000,0.0013886861925427,-0.0006645528993318,0.0333134807154937,0.0535129677507188,550,46
V2,5,10000,0.0022798578750045,-0.0005130576214685,0.0658231564823779,0.0820698710339579,550,46
V2,5,15000,0.0068739694565906,0.0001422845927071,0.2768776692873957,0.2080767214557855,550,46
V2,5,20000,0.0095628714534954,-0.0006817455487257,0.4694938861958991,0.2987102805740665,550,46
V2,5,25000,0.0105120795727318,-0.0002539253800011,0.4963858760322759,0.3968662170951597,550,46
V2,5,30000,0.0117502237087686,-0.0009895741271401,0.5244761939348537,0.4260632067760146,550,46
V2,5,35000,0.0124897765638927,-0.0031282307023347,0.542331607995732,0.4731853246994102,550,46
V2,5,40000,0.0135128949936669,-0.0031398088936832,0.5659799777256429,0.4643261237964853,550,46
V2,5,45000,0.0141716027768678,-0.0034172517008569,0.5753443168691539,0.4235141103751178,550,46
V2,5,50000,0.0147971845296107,-0.0032656788122967,0.5886326336148829,0.4246269062026893,550,46
V2,5,55000,0.0151262713652871,-0.003874727846673,0.5896384536557647,0.4358255782366622,550,46
V2,5,60000,0.0154397669621225,-0.004243499523757,0.5860814841037881,0.4261644703597524,550,46
V2,5,65000,0.0158053212058647,-0.0042028316633407,0.5929369908198165,0.4202458967821203,550,46
V2,5,70000,0.0162199861261767,-0.0033738193502288,0.5984117921676474,0.4322708728350937,550,46
V2,5,75000,0.0165494486540741,-0.002970231844178,0.6058438759068355,0.4425877428206317,550,46
V2,5,80000,0.0166355982909907,-0.0025107631481751,0.6141640573932706,0.4627251297312916,550,46
V2,5,85000,0.0168237867784452,-0.0026728592293873,0.6183047850678186,0.4488799580424085,550,46
V2,5,90000,0.0170729201313215,-0.0026764559600684,0.6224938822723395,0.4513739936045105,550,46
V2,5,95000,0.0171523962618316,-0.0019558298462228,0.6256926195820401,0.448218380818807,550,46
V2,5,100000,0.0173658141457723,-0.0014421091217273,0.6274030547457532,0.4600645972432399,550,46
V2,5,105000,0.0175739168980918,-0.001362344025994,0.626713443548614,0.4551640540102578,550,46
V2,5,110000,0.0178716566940104,-0.0013327973511418,0.6301315191651989,0.4583801780135633,550,46
V2,5,115000,0.0180586970251302,-0.0019913359215719,0.6333405071665835,0.4754372930019611,550,46
V2,5,120000,0.0182228917878716,-0.0015858847200109,0.6317258284936734,0.4537491384995428,550,46
V2,5,125000,0.0183928447110588,-0.001419877652156,0.6337088293821056,0.4457485032586448,550,46
V2,5,130000,0.0185796957375584,-0.0016108801699865,0.6371262997053619,0.4474933784050599,550,46
V2,5,135000,0.018772344226307,-0.0016578484611641,0.6362213944769246,0.4452779796251176,550,46
V2,5,140000,0.0189101964607205,-0.0014464140941665,0.6367285632581339,0.4447411137463481,550,46
V2,5,145000,0.0191201964997868,-0.0016689040595582,0.6382910738513606,0.4250020296297895,550,46
V2,5,150000,0.0192623908383371,-0.0017778490324067,0.6403291737989534,0.4320867045373641,550,46
V2,5,155000,0.0193818709723689,-0.0017286302930293,0.6441188181993254,0.4341702217152136,550,46
V2,5,160000,0.0194770433020753,-0.0019209031612697,0.6396482271367989,0.429135230109173,550,46
V2,5,165000,0.019579641843983,-0.002109415069113,0.6415441593852543,0.437908548480722,550,46
V2,5,170000,0.0196303141758209,-0.0020355110550918,0.646346952513874,0.4616061195336177,550,46
V2,5,175000,0.0197627679901289,-0.0017846527529306,0.6497760823527343,0.4616851367955378,550,46
V2,5,180000,0.0198389842251153,-0.0016317865988639,0.652847943859342,0.4537800949378563,550,46
V2,5,185000,0.019867240004952,-0.0015906122154774,0.6549365955674735,0.4526041593265862,550,46
V2,5,190000,0.0199143156091865,-0.0018116593949379,0.6500275991329871,0.4397980699741541,550,46
V2,5,195000,0.019936549046469,-0.0018629987581473,0.6570629636666163,0.4545732983013567,550,46
V2,5,200000,0.0200307594322712,-0.0018245750164386,0.6556317750255632,0.449674100466552,550,46
V2,5,205000,0.0200924288777267,-0.0017103675313903,0.6561360036794757,0.4649810703116325,550,46
V2,5,210000,0.0201052452240102,-0.0015887238831397,0.655425456719714,0.4679105176840483,550,46
V2,5,215000,0.0201534407086979,-0.0014973614136638,0.6593084410491336,0.4756990595662957,550,46
V2,5,220000,0.0202053489776882,-0.0014883473392488,0.6575412566748702,0.4826018445783103,550,46
V2,5,225000,0.0202555648805199,-0.0016804473161877,0.6607243259648082,0.4877043305657502,550,46
V2,5,230000,0.020360448882992,-0.001682338557877,0.6592878554351111,0.4913606286822543,550,46
V2,5,235000,0.020330986169685,-0.001574899260998,0.6591481845861669,0.4942276311389069,550,46
V2,5,240000,0.0204085516992921,-0.0014175653924232,0.6614590141480933,0.4968465525093821,550,46
V2,5,245000,0.0205077321888542,-0.0014393748487126,0.6653255274509775,0.4936447957338009,550,46
V2,5,250000,0.0205708572186862,-0.00172260190639,0.6669002363581171,0.4920834143572299,550,46
V2,6,5000,0.0013329149739394,-0.0005575847936172,0.0326585545839421,0.0510624926207874,550,46
V2,6,10000,0.0022061812767044,-0.0006287476724846,0.065023446243835,0.0677039745951767,550,46
V2,6,15000,0.00663692746677,-0.0014952362622339,0.2780390390620313,0.20396180446517,550,46
V2,6,20000,0.0097815217941391,-0.0014540199661207,0.462203650072489,0.3319122294203702,550,46
V2,6,25000,0.0107496547916199,-0.0013591102376448,0.4953910894759023,0.390222776166797,550,46
V2,6,30000,0.0116768208626485,-0.0014285960399056,0.5312601604966054,0.4122244740437442,550,46
V2,6,35000,0.0126596584337667,-0.0021582665644161,0.5322985941691669,0.3828485715882618,550,46
V2,6,40000,0.0134729024088237,-0.002413276688296,0.5552628406902049,0.4386602820973567,550,46
V2,6,45000,0.0142759102339947,-0.0023959392094752,0.5658162363837087,0.4735131070081667,550,46
V2,6,50000,0.014705234360478,-0.0018774646431613,0.5709851209569946,0.4805814306184485,550,46
V2,6,55000,0.0152303475332435,-0.0020627580765799,0.5747824045753271,0.5029422640774294,550,46
V2,6,60000,0.0155339838551104,-0.0019380023230698,0.5885310930111439,0.508645372406744,550,46
V2,6,65000,0.0157942894989574,-0.0022292698418116,0.5995605303966969,0.5207536855808184,550,46
V2,6,70000,0.0161216869332176,-0.0019229151561152,0.5993318607359145,0.5051089576884494,550,46
V2,6,75000,0.016346056095758,-0.0017675691546346,0.6012735985799013,0.4838780131635865,550,46
V2,6,80000,0.0165722830025516,-0.0018451027682158,0.5998553351747348,0.5031012568196065,550,46
V2,6,85000,0.016830257380514,-0.0017650062514567,0.6102015898768098,0.4771468273173465,550,46
V2,6,90000,0.0170466023079983,-0.0016291024158735,0.6188575300749682,0.4837229263809163,550,46
V2,6,95000,0.0171854231221514,-0.0012993692473827,0.6203114047073268,0.4963146501895387,550,46
V2,6,100000,0.0173357434659398,-0.0012991929083108,0.6230684592205131,0.4931806731599243,550,46
V2,6,105000,0.0175441105360204,-0.0016230497096601,0.6274629979389061,0.4888565171837678,550,46
V2,6,110000,0.0177282384937935,-0.001663836684743,0.6300437087918557,0.4916752293961837,550,46
V2,6,115000,0.0178450363491869,-0.0012879064568846,0.6282079927783604,0.5119983259526822,550,46
V2,6,120000,0.0180947226015524,-0.0016892893938596,0.6285495088194392,0.5360566685090918,550,46
V2,6,125000,0.0183161813909985,-0.0012029704531334,0.6348976381976255,0.5199267213209992,550,46
V2,6,130000,0.0185205473136011,-0.0009776909252171,0.6369081781980849,0.5127643886648403,550,46
V2,6,135000,0.0187151188566909,-0.0012701376307116,0.6398403451921486,0.5252528123512648,550,46
V2,6,140000,0.0189209495757443,-0.0017599831259058,0.6389898036216918,0.519873624793818,550,46
V2,6,145000,0.0190015813828537,-0.001625772578951,0.6381366340576006,0.535287290553714,550,46
V2,6,150000,0.0189802440380773,-0.0018395597253383,0.6400193151744604,0.544640441068783,550,46
V2,6,155000,0.0192057485125432,-0.0019851418563318,0.641350100183007,0.5358272311701594,550,46
V2,6,160000,0.019357512044305,-0.0022251445552896,0.6446810796847391,0.5313416877407235,550,46
V2,6,165000,0.0194698607157631,-0.0022060605983454,0.6472793844385771,0.5130690325806828,550,46
V2,6,170000,0.019518789421949,-0.0023931208551594,0.6463486994511961,0.5021946424977898,550,46
V2,6,175000,0.0195682940053134,-0.0025484602891536,0.6477354039804208,0.5151330062408853,550,46
V2,6,180000,0.0196534678974162,-0.0028315232772392,0.6478004058721082,0.5250013634989991,550,46
V2,6,185000,0.0197896312667926,-0.0022315652670167,0.64825261918011,0.52957517032129,550,46
V2,6,190000,0.0197822867012737,-0.0022735540563133,0.6458844697370237,0.5394463479464761,550,46
V2,6,195000,0.0198551993405118,-0.0028172573190084,0.646105569733175,0.5369726016686066,550,46
V2,6,200000,0.0198377701726351,-0.0027663058923729,0.6520524204407754,0.5252016805096484,550,46
V2,6,205000,0.0199690912845489,-0.0023714035640054,0.6545738609316968,0.5385737014040755,550,46
V2,6,210000,0.0199239878698075,-0.0022254549470045,0.6626371678363618,0.5424321086986547,550,46
V2,6,215000,0.0200540226992797,-0.002222558506288,0.6574937597864869,0.5502039716164766,550,46
V2,6,220000,0.0200904791208062,-0.0022683485094813,0.6575799246564458,0.5380494740531272,550,46
V2,6,225000,0.020166446202179,-0.0020825981973761,0.6575924250747166,0.5424734685214875,550,46
V2,6,230000,0.020241804113549,-0.0020501181920089,0.6601029913801293,0.5057003326755369,550,46
V2,6,235000,0.0203294522587757,-0.0022125040468427,0.6583977631372296,0.505574379973093,550,46
V2,6,240000,0.0203718510401166,-0.0022354894354958,0.6577813545970813,0.4944274935170558,550,46
V2,6,245000,0.0204074920476621,-0.0023405959855693,0.6616391736207108,0.5357104592856204,550,46
V2,6,250000,0.0204851115603302,-0.002286084345736,0.6631570805716959,0.5320692386749152,550,46
V2,7,5000,0.0013411133085218,-0.0007129371777975,0.0319300827575226,0.0490870552656861,550,46
V2,7,10000,0.0019093819052331,-0.0003346746370192,0.0677145018017156,0.0834139023428605,550,46
V2,7,15000,0.0059215771215878,-0.0017436427037912,0.2699350016289341,0.2041242260877928,550,46
V2,7,20000,0.0095519202614198,-0.001922050282352,0.4488631939476911,0.3526506073661832,550,46
V2,7,25000,0.0099305605565883,-0.0010340602292253,0.4900369117547395,0.4363461761805199,550,46
V2,7,30000,0.0112230788173701,-0.0011188280340859,0.5118872728558437,0.3825859336279172,550,46
V2,7,35000,0.011974999800015,-0.0014104566085337,0.5260350304999343,0.3825296613128299,550,46
V2,7,40000,0.0130647553903869,-0.0011307087732059,0.540914578826535,0.4360718051557766,550,46
V2,7,45000,0.0136099958552458,-0.0014729886406069,0.5552007840874548,0.4236264500847571,550,46
V2,7,50000,0.0145794584856646,-0.0020711279197732,0.5700633344062267,0.4564654401684562,550,46
V2,7,55000,0.0150389567332111,-0.0019558451740718,0.5788327947172065,0.4505370215822084,550,46
V2,7,60000,0.0152593114182351,-0.0011949923693753,0.5883488664426259,0.4486081346549978,550,46
V2,7,65000,0.0157724621323438,-0.0010465554746103,0.6005849097028058,0.4695073042281948,550,46
V2,7,70000,0.0159759443729637,-0.0022957776122968,0.600943620333218,0.4730519386149843,550,46
V2,7,75000,0.0162579316161064,-0.0015981601726491,0.6010468203900912,0.453101482790644,550,46
V2,7,80000,0.016533063558368,-0.0011189019488108,0.6041778746859235,0.4465773686334656,550,46
V2,7,85000,0.0167476173340625,-0.0012706637989471,0.6124388550474388,0.458476604628409,550,46
V2,7,90000,0.0168809427520158,-0.0017268900742319,0.615403059810978,0.4683690736852954,550,46
V2,7,95000,0.0170048399774781,-0.0010829115892082,0.6178887271235497,0.4570348575481426,550,46
V2,7,100000,0.0171704545299398,-0.000774506690495,0.6218881263188302,0.4430446607558742,550,46
V2,7,105000,0.0173790216880487,-0.0006813722984269,0.6264747414739612,0.4515733173517506,550,46
V2,7,110000,0.0175816933266216,-0.0003667421549902,0.6239512680855235,0.4510072326870845,550,46
V2,7,115000,0.0178042748511308,-0.0003886156025396,0.6287275557413748,0.4435418053617485,550,46
V2,7,120000,0.0179174369498763,-0.0007492967495435,0.631383859169038,0.4431029256230627,550,46
V2,7,125000,0.0181705634361125,-0.0009080549687432,0.6283285082212311,0.4482818533745356,550,46
V2,7,130000,0.0184615938838259,-0.0004675064397803,0.6313144236565748,0.4634683233018018,550,46
V2,7,135000,0.0186171104521904,-0.0001447165995734,0.6341833692436267,0.4686840793807836,550,46
V2,7,140000,0.0187542970175968,-0.0004324599512827,0.6360074525184705,0.4648051108961923,550,46
V2,7,145000,0.0189329854203996,-0.000507216174988,0.6379801034236153,0.4634365179096665,550,46
V2,7,150000,0.0190176979866701,-0.0002239818826866,0.6416536807396777,0.485955504408356,550,46
V2,7,155000,0.0191164861944635,3.505417090735848e-05,0.6447230139582705,0.4989642457424054,550,46
V2,7,160000,0.0192411945603798,0.0004325535146486,0.6460082823550926,0.5143405529515757,550,46
V2,7,165000,0.019316999264976,0.0002223088052874,0.6473245052353616,0.5155175069682797,550,46
V2,7,170000,0.0193880911998437,0.0003202412294584,0.6508754357671974,0.5337581688940751,550,46
V2,7,175000,0.0194573126666551,0.0001819840349404,0.6539756956509033,0.5212279746079409,550,46
V2,7,180000,0.0195810557961519,0.0002550449851725,0.651262515170867,0.5187506113525969,550,46
V2,7,185000,0.0196527972547304,-5.0489871395318327e-05,0.6456922269422677,0.5140734380735482,550,46
V2,7,190000,0.0197326526065256,-0.0007808242933781,0.648134213009406,0.5083174104432385,550,46
V2,7,195000,0.0197726644527743,-0.0014085481347815,0.6491697995765087,0.5018447369329254,550,46
V2,7,200000,0.019821644254161,-0.0016286846547291,0.6493106994408953,0.5070414248021919,550,46
V2,7,205000,0.0198457860758124,-0.0015378543596277,0.650077243797628,0.509668414041952,550,46
V2,7,210000,0.0198589837379718,-0.0017409645316321,0.6516233167366026,0.5289125662318431,550,46
V2,7,215000,0.0198843233449278,-0.0016543541337945,0.6539828606269761,0.537484922942529,550,46
V2,7,220000,0.019983989297109,-0.001704396028219,0.650989938390869,0.5570251767227216,550,46
V2,7,225000,0.0200702291001806,-0.0014728552257386,0.6550184619462094,0.5539157638814132,550,46
V2,7,230000,0.0201578577121737,-0.0017419545795083,0.6555885506875851,0.5513285107375474,550,46
V2,7,235000,0.020250214890172,-0.0020400860299427,0.6560182334349528,0.5540168249751902,550,46
V2,7,240000,0.0202865721862503,-0.0019934895308696,0.6581400944987333,0.5672341749052329,550,46
V2,7,245000,0.0203499369872363,-0.0018728621935002,0.6621935346112152,0.5509852307974631,550,46
V2,7,250000,0.0203448502666324,-0.0017214604574227,0.6629955944476513,0.5426394452881089,550,46
V2,8,5000,0.0013075709668805,-0.0005237689467657,0.0301266502288468,0.0510201245073088,550,46
V2,8,10000,0.0021771231436723,-0.0006581276168153,0.0670708555598738,0.0820566845612027,550,46
V2,8,15000,0.0060646275672735,-0.0009580274496515,0.2703239861876494,0.2332016926981939,550,46
V2,8,20000,0.0090003819434761,-0.002208237438188,0.4438940572028884,0.3905894278457077,550,46
V2,8,25000,0.0103693712358108,-0.0022632185148315,0.4887039092376724,0.4277571379138178,550,46
V2,8,30000,0.011709779144087,-0.0015642243085786,0.5214547385844753,0.4357562014072655,550,46
V2,8,35000,0.012834994379862,-0.0013816173694168,0.5451856279563869,0.4736510611240156,550,46
V2,8,40000,0.0138526844724923,-0.0010133523399892,0.5498626134014842,0.4859176754923791,550,46
V2,8,45000,0.0145163636367227,-0.0003490096865744,0.5627908029987921,0.4673540526324654,550,46
V2,8,50000,0.0149913206972891,-0.0011322663328461,0.5842230512631734,0.4463151441944477,550,46
V2,8,55000,0.0154353313424496,-0.0016003278068456,0.5885996840885453,0.4444676858545732,550,46
V2,8,60000,0.015677485965315,-0.0012820906435112,0.6013444689737295,0.4631723264150658,550,46
V2,8,65000,0.0160532383045632,-0.0011605907948109,0.6134575706829469,0.4716544530695681,550,46
V2,8,70000,0.0162759219429151,-0.0011447496580936,0.6147255777620209,0.4617532756342205,550,46
V2,8,75000,0.0165620459999948,-0.0008071871645676,0.6164655049745753,0.4678556828653511,550,46
V2,8,80000,0.0167436300376263,-0.0004089257796409,0.6163642748162176,0.4740226655891657,550,46
V2,8,85000,0.0168503939884746,-0.0002655477284092,0.6165540481299391,0.4675088026900512,550,46
V2,8,90000,0.0170489932158205,-7.577389396717865e-05,0.6180539810571812,0.4800148768054724,550,46
V2,8,95000,0.0171915443172216,-0.0001503231073202,0.6222471312073089,0.4811351228853916,550,46
V2,8,100000,0.017311277043895,0.0002571431033438,0.6245462819694438,0.4745589542535851,550,46
V2,8,105000,0.0175646798016277,0.0006287982823059,0.6307275339431,0.462979825827157,550,46
V2,8,110000,0.0178340973864071,0.0004057024245097,0.6338156111014845,0.4542010829553687,550,46
V2,8,115000,0.0180329085111795,0.0003715858123928,0.6345070049712845,0.4737973750607001,550,46
V2,8,120000,0.0183271916624095,0.0002254843390652,0.634935750055134,0.4899926989700071,550,46
V2,8,125000,0.0184993713017802,0.0002212500248562,0.6307884179894723,0.4928953978823285,550,46
V2,8,130000,0.0186150682181529,0.0001453113484884,0.6293807102879916,0.4772105842988399,550,46
V2,8,135000,0.0187368435629171,-0.0003141726129251,0.6298105242527111,0.468041667751045,550,46
V2,8,140000,0.0188634404175217,-0.0004220059420986,0.6307813980763564,0.4974009463940141,550,46
V2,8,145000,0.0190031773510423,-0.000736412837709,0.634761266754165,0.5084096362701529,550,46
V2,8,150000,0.0191346857682367,-0.000806559912966,0.6349404475590881,0.4989357413281316,550,46
V2,8,155000,0.0192340222372021,-0.0005835755414551,0.6342764178193961,0.520066089563498,550,46
V2,8,160000,0.0192842906499385,-0.0003593444558371,0.6349742809154872,0.5275794797206425,550,46
V2,8,165000,0.0193809050954749,-0.0002182497758186,0.6381521817837934,0.5317842539909509,550,46
V2,8,170000,0.0194173103229757,-0.0006293993758594,0.6400816428612608,0.5373879775765471,550,46
V2,8,175000,0.0195159330867844,-0.0010835041527372,0.6431063389139634,0.5309293292785352,550,46
V2,8,180000,0.0195478808837413,-0.0012119497260682,0.6393402430260561,0.5306085830402762,550,46
V2,8,185000,0.0196319314344831,-0.0011689471103024,0.6459904317172619,0.504795163749078,550,46
V2,8,190000,0.0197264067483916,-0.0013310518541439,0.6476737683154425,0.531768800432835,550,46
V2,8,195000,0.0198728801295401,-0.0014124959693952,0.6509357069009987,0.5232308823602028,550,46
V2,8,200000,0.0199053294490385,-0.000970657230027,0.6509861873567351,0.5233312293544207,550,46
V2,8,205000,0.0199361453261077,-0.0010058046505182,0.6522088553351534,0.5270719586450948,550,46
V2,8,210000,0.0200074722622056,-0.0005727145410726,0.6558947269913994,0.5226814171030176,550,46
V2,8,215000,0.0200698181239765,-0.0005509000854911,0.6526128118913513,0.5208481205489163,550,46
V2,8,220000,0.0201556066504358,-0.0002400725166843,0.6553169299630291,0.5154148826649378,550,46
V2,8,225000,0.0201819404678221,-0.000395363563547,0.6561348706904835,0.5128571816779967,550,46
V2,8,230000,0.0201863027476977,-0.0001430651776802,0.6516161653985448,0.4948321566724354,550,46
V2,8,235000,0.0202584570127508,-0.0005195255864087,0.6533553785640107,0.4814351507992731,550,46
V2,8,240000,0.0203178178054964,-0.0002777344580975,0.654466687287626,0.491486185115375,550,46
V2,8,245000,0.0203932259383508,-0.000476241402904,0.6590718853595487,0.5223692845111856,550,46
V2,8,250000,0.0204286565906805,-0.0007353714626008,0.6603185756218943,0.5286685506185288,550,46
V2,9,5000,0.0013213950824301,-0.0005325367813351,0.0344475708087957,0.0547354673090472,550,46
V2,9,10000,0.0023262412919541,-0.0006001244723253,0.0715507869029142,0.07421358651261,550,46
V2,9,15000,0.0063704561794115,-0.0009099606697968,0.2826236290404735,0.2142314206851781,550,46
V2,9,20000,0.0091203994836704,-0.0017786748774137,0.4765108333722837,0.3145284963871854,550,46
V2,9,25000,0.0105151269492176,-0.0013155812155986,0.5004684085499217,0.3731679554897992,550,46
V2,9,30000,0.0116254410853154,-0.0018828738760998,0.5226081561894541,0.3470947155707119,550,46
V2,9,35000,0.0124490935860405,-0.0012373339564235,0.5396618433973186,0.3719408747538915,550,46
V2,9,40000,0.0134024663665146,-0.0005465503163327,0.5597102681112095,0.3859165968890112,550,46
V2,9,45000,0.014077366942311,-0.0011639913336784,0.5811895448983098,0.4018899164589169,550,46
V2,9,50000,0.0147201880262007,-0.0009254205318096,0.5929305604396841,0.4134746570447056,550,46
V2,9,55000,0.0154752826311755,-0.0016012037996715,0.5964289682063033,0.4098574517293545,550,46
V2,9,60000,0.0157559175665753,-0.001763375941444,0.5998312985204349,0.3880050086954565,550,46
V2,9,65000,0.0159867758050463,-0.0017173032728266,0.6046817326766752,0.3960899105319056,550,46
V2,9,70000,0.0163266697439334,-0.0013981528944664,0.6145684782730235,0.4031279545943,550,46
V2,9,75000,0.016599384033741,-0.0009883353517034,0.6141548005589846,0.4093858493327406,550,46
V2,9,80000,0.0168649212679838,-0.0005557247074767,0.6118626074876953,0.437544983070669,550,46
V2,9,85000,0.0170600323802801,-0.0005320866176277,0.6155546428710454,0.4386313332515755,550,46
V2,9,90000,0.017170976936528,-0.0006186468133016,0.6223656931758415,0.4478147185221603,550,46
V2,9,95000,0.0173104856914135,-0.0006682106383312,0.6236843081390657,0.4470995357798632,550,46
V2,9,100000,0.0173933884625865,-0.0006346223098283,0.6296981343510845,0.4520286913129476,550,46
V2,9,105000,0.0176012519260205,-0.0008311090350333,0.625699323464524,0.466145932557,550,46
V2,9,110000,0.0179165483100726,-0.0006995059381227,0.6305886893574937,0.4939640709072446,550,46
V2,9,115000,0.018097811390884,-0.0004239662411057,0.6290937849620317,0.4981080059302289,550,46
V2,9,120000,0.0183043889117037,-0.0007465856849617,0.6276347010097174,0.4941419863563747,550,46
V2,9,125000,0.0185159045892374,-0.001138945775895,0.6260716857600588,0.5163822041500338,550,46
V2,9,130000,0.0187805233931377,-0.0008796278771262,0.628086248041193,0.5099425145742394,550,46
V2,9,135000,0.0189824789226715,-0.0007602185669787,0.6304541024776374,0.4997484626225709,550,46
V2,9,140000,0.0190679231858347,-0.0009230579418454,0.633077972580654,0.502797930980445,550,46
V2,9,145000,0.0192020031650333,-0.0008953715727977,0.635284181395217,0.4917641313855219,550,46
V2,9,150000,0.0194114568499921,-0.000741790135119,0.6408166306046931,0.4770230175951275,550,46
V2,9,155000,0.0194887536999266,-0.0008416465221988,0.6411256569162228,0.4701206424636442,550,46
V2,9,160000,0.0195893196457373,-0.0010136796550231,0.6444266573425464,0.4922326486720138,550,46
V2,9,165000,0.0196867688220038,-0.00126407475342,0.6482783409430231,0.501541672416198,550,46
V2,9,170000,0.0197607857820386,-0.0009109784493572,0.6464246842892755,0.4818061901218373,550,46
V2,9,175000,0.0199028171917516,-0.000901342035344,0.6506742206420649,0.4872094656395077,550,46
V2,9,180000,0.019981113090236,-0.0008701772862254,0.6542410479435193,0.4711077350983267,550,46
V2,9,185000,0.0200236801178096,-0.0007637897096053,0.6546595486372552,0.4579986851995531,550,46
V2,9,190000,0.0200493426218796,-0.0003880729869541,0.6562686517759423,0.4571343733239032,550,46
V2,9,195000,0.0201517859779497,-0.0005755339038661,0.656378446219052,0.4487587470413182,550,46
V2,9,200000,0.0201902879816903,-0.0010244690500468,0.65496630431573,0.4433707708555521,550,46
V2,9,205000,0.0203012916364416,-0.0012232542029583,0.6534310608213993,0.431735173789328,550,46
V2,9,210000,0.0203851237856367,-0.0009708188083482,0.6536572847295213,0.4558526043347538,550,46
V2,9,215000,0.0204038412840945,-0.0009719780588375,0.6546696737540714,0.4758701367230317,550,46
V2,9,220000,0.0204780905755169,-0.0007844306418227,0.6568099978888601,0.481632158306287,550,46
V2,9,225000,0.0205344283108311,-0.0010976628202871,0.6614753643037471,0.4801988697291505,550,46
V2,9,230000,0.0205571691682242,-0.0009379361748577,0.6637237857729561,0.4769806769184694,550,46
V2,9,235000,0.0206390138203251,-0.0007022264922157,0.661621737263248,0.4974237742392224,550,46
V2,9,240000,0.0205821455335985,-0.0011093824123717,0.6633793715968918,0.4818400373200045,550,46
V2,9,245000,0.0207111620105697,-0.0010896882566781,0.6640675981949058,0.5013566716738795,550,46
V2,9,250000,0.0207104795515721,-0.0013578405083777,0.6617892268345319,0.4958258497936583,550,46
V4,0,5000,0.0013139704137069,-0.0004814307018019,0.0315351946870689,0.0496447701485756,550,46
V4,0,10000,0.0024409485212217,-0.0003657855113706,0.0723147899622917,0.0769024469923007,550,46
V4,0,15000,0.0064187644263655,-0.0005309895086686,0.2850293431382134,0.2322713941235395,550,46
V4,0,20000,0.0089121324522789,-0.0021800858609398,0.4459495338184006,0.3132267631009059,550,46
V4,0,25000,0.0096756784668829,-0.0004072627937966,0.4783134934033296,0.3319289399787127,550,46
V4,0,30000,0.0105532371012031,-0.0008049259329788,0.510542029833449,0.3216353745578596,550,46
V4,0,35000,0.0116594120106745,-0.0011868303888002,0.5366390575605309,0.358103638341994,550,46
V4,0,40000,0.0128654491064598,-0.0010850102683892,0.5549141265688333,0.3617165302008478,550,46
V4,0,45000,0.0136117183858508,-0.0011115557351231,0.5515431537231839,0.3955356791695864,550,46
V4,0,50000,0.0144238011855957,-0.001147153938509,0.564356540705325,0.397547157544225,550,46
V4,0,55000,0.0149699553295788,-0.0008037549818711,0.5827384019027807,0.4099547270192302,550,46
V4,0,60000,0.0154113706130037,-0.0009875844015168,0.5826093608516838,0.3984296435852109,550,46
V4,0,65000,0.0157103973881641,-0.000614043948059,0.589084673814378,0.399194505673234,550,46
V4,0,70000,0.0161443435315427,-0.0009798003931857,0.5911206486903493,0.4265459868242235,550,46
V4,0,75000,0.0164396145518533,-0.0018076635483224,0.5988483286269126,0.4043258125726193,550,46
V4,0,80000,0.0166778375806562,-0.002527981524965,0.6101772208510836,0.4071716133883786,550,46
V4,0,85000,0.0169560296903181,-0.0025482108622378,0.6101475826968856,0.4074531742493449,550,46
V4,0,90000,0.0170387867511816,-0.0017514774796002,0.609700028751713,0.4239858337888691,550,46
V4,0,95000,0.0171795394809883,-0.001553380928499,0.6134727427355132,0.4385217787022157,550,46
V4,0,100000,0.0174263824924184,-0.0014964102811787,0.6187090400199742,0.4258480210781626,550,46
V4,0,105000,0.0176498938713389,-0.0018258898587361,0.6212712531336152,0.420694360854518,550,46
V4,0,110000,0.0178528214320604,-0.0013171004357478,0.618766950797669,0.421563985084769,550,46
V4,0,115000,0.0181457948505646,-0.0010285663273648,0.6238448151823733,0.4305123478534837,550,46
V4,0,120000,0.0183780782425268,-0.0009875300850089,0.6335622208999424,0.4573840685500231,550,46
V4,0,125000,0.0185399929583164,-0.0005915696945437,0.6318808951281474,0.4294506776323042,550,46
V4,0,130000,0.0186971570849488,-0.0006260837166801,0.6309478985379903,0.4259067009514583,550,46
V4,0,135000,0.0187547216079235,-0.000360188852766,0.6327693960569694,0.4109323709316332,550,46
V4,0,140000,0.0188460432624382,-0.0004465694858661,0.6376119172452139,0.4376526704171638,550,46
V4,0,145000,0.0190340597682624,-0.0004781538372585,0.6403431583153226,0.4382434607895686,550,46
V4,0,150000,0.019157186787219,-0.0006558539063123,0.6406899758172294,0.4363903572958642,550,46
V4,0,155000,0.0191989885254065,-0.0009380554678136,0.6405039924329757,0.4546302902421101,550,46
V4,0,160000,0.0194085461239501,-0.0013539760492112,0.6434985030810416,0.4548129352803279,550,46
V4,0,165000,0.019473835444155,-0.0013250223889955,0.642623307923969,0.4710698563080163,550,46
V4,0,170000,0.0195581350021448,-0.0017356158882993,0.6454551069483386,0.5064408338743612,550,46
V4,0,175000,0.0196720399658104,-0.0015940829726411,0.6506224503870023,0.522622952151244,550,46
V4,0,180000,0.019709052105743,-0.0019685211379694,0.6508295721679895,0.5348051055632983,550,46
V4,0,185000,0.019722508171216,-0.0017380451873529,0.6521421440501695,0.5397087670806313,550,46
V4,0,190000,0.0198103267416426,-0.0020438747395934,0.6541755277839734,0.5286430137962231,550,46
V4,0,195000,0.0198961989459634,-0.0022387121541075,0.6541591486566521,0.5333823424702908,550,46
V4,0,200000,0.0199763256427446,-0.0020639568443955,0.6518286988937997,0.5325732129919676,550,46
V4,0,205000,0.0200693141950422,-0.0020746068544467,0.6554611282527242,0.5337765256028506,550,46
V4,0,210000,0.0201294678536517,-0.0020071159683717,0.6561953606426242,0.5221880101981274,550,46
V4,0,215000,0.0201334822318686,-0.0019397797890658,0.659064071012321,0.514684847015824,550,46
V4,0,220000,0.0201784852469899,-0.0016469446768781,0.6653324956826372,0.5068787373886832,550,46
V4,0,225000,0.0202325679131967,-0.0016440517791698,0.6658702585063608,0.4960094261396029,550,46
V4,0,230000,0.020354693710063,-0.0014780351220429,0.6679939704924027,0.4931299058779493,550,46
V4,0,235000,0.0203899289276999,-0.0018386478515703,0.6680183313555454,0.4798988937113477,550,46
V4,0,240000,0.0204075899881926,-0.0019388292001464,0.6678203238978807,0.4853567976970496,550,46
V4,0,245000,0.0204974493939131,-0.0020293719945016,0.6701922545221338,0.4906185304886173,550,46
V4,0,250000,0.0206038865785688,-0.0019086637937313,0.6703058489571305,0.489983911129684,550,46
V4,1,5000,0.0013440345612204,-0.0006966345000716,0.0302997796865763,0.051210324717675,550,46
V4,1,10000,0.002216278320484,-0.0004854361552876,0.0626001664421351,0.0760585115047607,550,46
V4,1,15000,0.0066079091155135,-0.0006425837688987,0.2633710963328828,0.2351018445890068,550,46
V4,1,20000,0.0092875128854327,-0.0002155868718095,0.432182227935779,0.3744214935835478,550,46
V4,1,25000,0.0102164664268204,5.945495430744164e-05,0.4700905499705897,0.423597148477712,550,46
V4,1,30000,0.0117238426509098,0.0005367163904691,0.5035522969271731,0.4549771305220795,550,46
V4,1,35000,0.0125664782236145,-0.0001483730227206,0.5159347453510507,0.4366683299878089,550,46
V4,1,40000,0.0136068846352831,-0.0005645335363737,0.5360368759984674,0.4938994197692163,550,46
V4,1,45000,0.0144236168669456,-0.0008237508777724,0.5555315466509563,0.5249815463172854,550,46
V4,1,50000,0.0151004457993448,-0.0010158108325173,0.5671167393225981,0.5102498479385666,550,46
V4,1,55000,0.0155060515321446,-0.0006415923815739,0.5765393779992912,0.4979077110902554,550,46
V4,1,60000,0.0157735600072958,-0.0003039787615503,0.5799682655124052,0.482496240048697,550,46
V4,1,65000,0.015959699970302,-0.0014527671234914,0.5782053665426902,0.499132954341179,550,46
V4,1,70000,0.0161393588058771,-0.0018370022845306,0.5817726036708837,0.512902165796676,550,46
V4,1,75000,0.0164665863969441,-0.0018644616602324,0.5840061624694549,0.5007362589411697,550,46
V4,1,80000,0.0167190951295666,-0.0019663807395109,0.5916784280733202,0.5072043814292309,550,46
V4,1,85000,0.0168649007683922,-0.0019328972508694,0.5927065348477899,0.5281689117436501,550,46
V4,1,90000,0.0170795742714454,-0.0018612618771974,0.6029714703926189,0.54685363458598,550,46
V4,1,95000,0.017296401920369,-0.00214610465088,0.6074840546067306,0.5193087118639498,550,46
V4,1,100000,0.0174918658619432,-0.0023119522000268,0.6086440362465526,0.5181462777719434,550,46
V4,1,105000,0.0177663217045759,-0.0024610011292997,0.6125707561267141,0.5186731694255396,550,46
V4,1,110000,0.0179287078262399,-0.0026350914022456,0.6123817099097995,0.504332429282876,550,46
V4,1,115000,0.0182567740988271,-0.0028481111725055,0.6199924453203619,0.5055390854440978,550,46
V4,1,120000,0.0183811690768126,-0.0024747448265881,0.6272712962880445,0.5075737029584946,550,46
V4,1,125000,0.0184181543985966,-0.0022089428891878,0.6322173108773508,0.5088968954775369,550,46
V4,1,130000,0.0186766856550597,-0.0014346523533971,0.6311177570407792,0.4941659826949117,550,46
V4,1,135000,0.0188768477036992,-0.0015651365270463,0.6301173730028309,0.4911475260429275,550,46
V4,1,140000,0.019140979782999,-0.0011432856792275,0.6311955366483365,0.4785126891227392,550,46
V4,1,145000,0.0192992450865497,-0.0010766406868139,0.6367699365197197,0.4681846205141762,550,46
V4,1,150000,0.0194664314502036,-0.0009608954397377,0.6406161609331102,0.4542351218218599,550,46
V4,1,155000,0.0196035094206671,-0.0011761654353569,0.6433434590611794,0.4602103925648379,550,46
V4,1,160000,0.0197454967472698,-0.0012299399009974,0.6438415383507465,0.4676366284019065,550,46
V4,1,165000,0.0198115799816449,-0.0010632895804101,0.6423123194142571,0.4566669953211825,550,46
V4,1,170000,0.0198438778871851,-0.0015254220555174,0.6428934191103237,0.4671265348932847,550,46
V4,1,175000,0.0198989148172606,-0.0018820166755256,0.6427405704713368,0.4714323991515651,550,46
V4,1,180000,0.0200418114475072,-0.0015441464420131,0.6434810111404671,0.4466126268853677,550,46
V4,1,185000,0.0201220918673939,-0.0014320772460552,0.6464958842492026,0.4569255681086491,550,46
V4,1,190000,0.020172174896961,-0.0013975031592199,0.6467131104918264,0.4565235228193964,550,46
V4,1,195000,0.0202584730538618,-0.0011331959329808,0.6488225855498084,0.4712513211279137,550,46
V4,1,200000,0.0202887147798156,-0.001229002855508,0.6515364578645081,0.4818121483963078,550,46
V4,1,205000,0.0203632715599084,-0.0015440070234573,0.6515074383564347,0.479741559476682,550,46
V4,1,210000,0.0204082528039859,-0.0020044586082807,0.654613736922608,0.4881739325861139,550,46
V4,1,215000,0.0204340670804537,-0.002126344350366,0.6531762970341563,0.4997519389239166,550,46
V4,1,220000,0.0205228410351689,-0.0022249140816232,0.6580864037921726,0.484773474092913,550,46
V4,1,225000,0.020564828187098,-0.0025507078456322,0.6539701995897996,0.4904788292724691,550,46
V4,1,230000,0.0205918208012552,-0.0021666653990296,0.656519494500741,0.4848195210508734,550,46
V4,1,235000,0.0206221906771836,-0.0023159155257288,0.659437543299747,0.4923655097606085,550,46
V4,1,240000,0.0207383098388317,-0.0025049934766754,0.6584793820774474,0.492412933373154,550,46
V4,1,245000,0.0207855808296933,-0.0028933920632083,0.660672118967648,0.4987357113177276,550,46
V4,1,250000,0.0207858319856641,-0.0029074156470114,0.6611695727119558,0.4881560015930163,550,46
V4,2,5000,0.0013014291838326,-0.0007034139211404,0.0355568400692917,0.0534612578051325,550,46
V4,2,10000,0.0020456552143513,-0.0006767551353971,0.0638450597994658,0.0718090855585718,550,46
V4,2,15000,0.0072738473956164,-0.0018588483496841,0.3050209315196778,0.2250451763656301,550,46
V4,2,20000,0.010554676895196,-0.0030106977551001,0.4681425941185305,0.3373489440828056,550,46
V4,2,25000,0.0112836652746693,-0.0042277659224835,0.4973846136258851,0.4577005816135055,550,46
V4,2,30000,0.0125563967331589,-0.0035832208596568,0.5286855515069924,0.4111025339294268,550,46
V4,2,35000,0.0136289092801986,-0.0025463373182194,0.5499597528948691,0.4099486834249735,550,46
V4,2,40000,0.014198024536972,-0.0030473984638524,0.5546718114981362,0.4517193803829761,550,46
V4,2,45000,0.0147153200273695,-0.0028310019683677,0.5717353193331599,0.4869783111271392,550,46
V4,2,50000,0.0153450185395224,-0.0029163263827311,0.5844909723626316,0.5129893366506344,550,46
V4,2,55000,0.0157816702342583,-0.0031112754613652,0.5966327998014864,0.5312392961681445,550,46
V4,2,60000,0.0160749840878704,-0.0029273524725945,0.600641646858484,0.5206606848226109,550,46
V4,2,65000,0.0164150342799946,-0.0033030582481413,0.6108228687510018,0.5330526896512008,550,46
V4,2,70000,0.0167425880418298,-0.003031877967347,0.6160622397744258,0.5276291560168321,550,46
V4,2,75000,0.0169412272990944,-0.0029245741534814,0.6153667778942664,0.546882735751964,550,46
V4,2,80000,0.0172814849542274,-0.0029117216688312,0.6164643698432055,0.5470561690191347,550,46
V4,2,85000,0.0173635560491733,-0.0028856395826913,0.6124073557601609,0.5384472473724593,550,46
V4,2,90000,0.0175648190701178,-0.0027590619220153,0.617091731861469,0.5398829971321727,550,46
V4,2,95000,0.0176708430424446,-0.0023901330808785,0.6205093649624368,0.5278825609757154,550,46
V4,2,100000,0.0177698001989239,-0.002848191119075,0.6184086679822157,0.5140997729752652,550,46
V4,2,105000,0.0179233566859525,-0.0026381758090151,0.6241043465902383,0.4985868241955922,550,46
V4,2,110000,0.0180893393644447,-0.0030169226669524,0.623304417489971,0.4860593839068273,550,46
V4,2,115000,0.0181870601435155,-0.0022574237605548,0.6221531884382834,0.4781834447585065,550,46
V4,2,120000,0.0183703216541631,-0.0020289477700705,0.6218255984687514,0.4758820431326478,550,46
V4,2,125000,0.0185583687849704,-0.0026785713443342,0.6190400092932973,0.4840595624913892,550,46
V4,2,130000,0.0186428751269692,-0.0024431509240296,0.6203222538331556,0.4880584458474675,550,46
V4,2,135000,0.0188599658321278,-0.0017431633620174,0.6290581425582464,0.4813382775529879,550,46
V4,2,140000,0.0189965659272842,-0.0022729310034392,0.6283977137885048,0.4857264682485314,550,46
V4,2,145000,0.0191138839845374,-0.0027690525493391,0.6304955134867353,0.5060285709884335,550,46
V4,2,150000,0.0192448605288975,-0.0026532975448975,0.6319778116358066,0.5105152842315036,550,46
V4,2,155000,0.0193943284703022,-0.0021974784480821,0.6394938152897899,0.4980430438841002,550,46
V4,2,160000,0.0193717835393537,-0.0019613376474887,0.6367728417693397,0.5053448321188844,550,46
V4,2,165000,0.0194289228393528,-0.0016550882161653,0.6413344491393764,0.4874037474673425,550,46
V4,2,170000,0.0195194233367295,-0.0012257549320966,0.644648838169215,0.4922046073405143,550,46
V4,2,175000,0.0195676893118641,-0.0011657962428189,0.6464494856614813,0.4862611889758046,550,46
V4,2,180000,0.0196935866677682,-0.0015540925694706,0.6479007330213565,0.4979549455699811,550,46
V4,2,185000,0.019766293062459,-0.0013437591116452,0.6485349576487672,0.4966160117064133,550,46
V4,2,190000,0.0197464925079297,-0.0014843730777324,0.6551938037279474,0.487335730851907,550,46
V4,2,195000,0.0198489006796823,-0.0017471612390668,0.6558927595223294,0.5026100179593858,550,46
V4,2,200000,0.0199263023433122,-0.0016211723426334,0.6531986727579827,0.5084680948749465,550,46
V4,2,205000,0.0199292228248674,-0.0012527958338784,0.6569858504045434,0.5139239859019432,550,46
V4,2,210000,0.0200118118676876,-0.0008879301085212,0.6554981546723679,0.5132714229621783,550,46
V4,2,215000,0.0200614710799986,-0.0009587215821265,0.6567454072527907,0.509699946056182,550,46
V4,2,220000,0.0202132990429391,-0.0012100269533099,0.6584729843764884,0.5226369614257372,550,46
V4,2,225000,0.0202701077873506,-0.0014344696332993,0.6602111319630692,0.5115157370349178,550,46
V4,2,230000,0.0203284746373883,-0.0013800793142784,0.6638225031335021,0.5301038658998456,550,46
V4,2,235000,0.0203557683470653,-0.001367492606539,0.6632157787425583,0.5331133064566391,550,46
V4,2,240000,0.0203863203082715,-0.0012397975174336,0.666108207550843,0.5193201057560968,550,46
V4,2,245000,0.020479847536253,-0.0017343671216066,0.6613431704188472,0.518171700025664,550,46
V4,2,250000,0.0204645054214331,-0.0019109169546224,0.6627370669933464,0.5467567636360365,550,46
V4,3,5000,0.0013496698523824,-0.0005413205303984,0.0285663660887202,0.0485942801308013,550,46
V4,3,10000,0.0022772989122069,-0.0005231107800989,0.0635425633584652,0.0701087081674303,550,46
V4,3,15000,0.0066790106441463,-0.0008584750062413,0.2546575683567637,0.1929627708951361,550,46
V4,3,20000,0.0100907284065173,-0.0014885893742642,0.4546363998287286,0.3321517728399386,550,46
V4,3,25000,0.0111915937089671,-0.0025236118289678,0.5070161770417665,0.3501923879088295,550,46
V4,3,30000,0.012209036791568,-0.0026798235258322,0.5234886468778974,0.3751893350976615,550,46
V4,3,35000,0.0132522957514619,-0.0020898318209056,0.5416156333271076,0.3811511165695592,550,46
V4,3,40000,0.0140595323875065,-0.0026570721868315,0.5476173979198546,0.4129617729219433,550,46
V4,3,45000,0.0147509209444767,-0.0026334721402444,0.5597630389925433,0.3890011303722894,550,46
V4,3,50000,0.0152206893915558,-0.0030309925904293,0.5664152853034247,0.411078399444723,550,46
V4,3,55000,0.0157004002513287,-0.0025486634988193,0.5839535470760113,0.4154430147296074,550,46
V4,3,60000,0.0160494629040076,-0.0026388745069609,0.5877940003376667,0.4225518654806879,550,46
V4,3,65000,0.0164333558196854,-0.0027083028007092,0.5946662563803082,0.4403780917648045,550,46
V4,3,70000,0.0167895938827293,-0.0019097272793812,0.5985732068570936,0.4543256153844463,550,46
V4,3,75000,0.0169044078747451,-0.0022213380724965,0.6015216853744426,0.4956282770843427,550,46
V4,3,80000,0.0171028583295943,-0.0025672836840791,0.604924140752089,0.5105403848985225,550,46
V4,3,85000,0.0172000763221588,-0.0032732370492617,0.6099132076304585,0.506546911881545,550,46
V4,3,90000,0.0173531887945013,-0.0035487212054525,0.6138027743751474,0.4950051324829928,550,46
V4,3,95000,0.0175765907024695,-0.0036781708172833,0.6110172235471253,0.4880913765228076,550,46
V4,3,100000,0.0177504683150563,-0.0032227365064436,0.6111670655179702,0.4708461694948248,550,46
V4,3,105000,0.0179393973560908,-0.0028725669337101,0.6169149364220562,0.486603560745287,550,46
V4,3,110000,0.0181332430005854,-0.0027284258814402,0.6204094937433291,0.4724794942875972,550,46
V4,3,115000,0.0183204590064747,-0.0024448191687127,0.6221042883414581,0.4856274279311716,550,46
V4,3,120000,0.0184813114593975,-0.0024533129534194,0.6254066789006586,0.4895682367666336,550,46
V4,3,125000,0.0186293764583813,-0.0025210641045884,0.629481237989548,0.481451889936822,550,46
V4,3,130000,0.0189068812061721,-0.002274675305198,0.6303181272250992,0.4835342165589978,550,46
V4,3,135000,0.0191387560424237,-0.0022764476975809,0.6364802832209697,0.4867340509508001,550,46
V4,3,140000,0.0192721543870159,-0.0024611982826871,0.6379017034693037,0.4979301399402317,550,46
V4,3,145000,0.0193499236480085,-0.0025075090738506,0.6380173481478248,0.503256815737638,550,46
V4,3,150000,0.019434388996346,-0.0025390077746567,0.6346598475507274,0.4826211949468442,550,46
V4,3,155000,0.0195587195302828,-0.002692623396771,0.6388784619787334,0.4867050215381591,550,46
V4,3,160000,0.0196606042901183,-0.0021593439316264,0.6412126618702932,0.5044619051146454,550,46
V4,3,165000,0.0196870368367638,-0.0022120638330123,0.6383515630934987,0.5027319882244783,550,46
V4,3,170000,0.0197860854529317,-0.0023842783819458,0.6452703987035724,0.4954952679190214,550,46
V4,3,175000,0.01979340047383,-0.0027397731920645,0.6480451882889114,0.4838225745183567,550,46
V4,3,180000,0.0199030662797083,-0.0027398061372738,0.651661505685952,0.479313698222452,550,46
V4,3,185000,0.0199607597226348,-0.0025460664758108,0.6532227422770118,0.486049412049427,550,46
V4,3,190000,0.0200344020420849,-0.0023635117074588,0.6502463663085004,0.4894899931308761,550,46
V4,3,195000,0.0200713731679142,-0.0021378954457574,0.6534934195827762,0.4791117281705566,550,46
V4,3,200000,0.020189370052037,-0.0026059046860992,0.6586282829228922,0.4953387821240819,550,46
V4,3,205000,0.020233299186804,-0.0025534572850118,0.6592103358265442,0.48585374604606,550,46
V4,3,210000,0.0202890581988811,-0.0025319515768093,0.6622624962856363,0.4737093086357399,550,46
V4,3,215000,0.0203582420025688,-0.0027836768676537,0.6641551147679264,0.4647006212641847,550,46
V4,3,220000,0.0203797013985439,-0.002370711798338,0.6670997851973183,0.469457846822893,550,46
V4,3,225000,0.0204323400608807,-0.0021445864256074,0.6692486161024159,0.4681160365131601,550,46
V4,3,230000,0.0204704150265139,-0.0021455514444341,0.6693817326221849,0.447842891050493,550,46
V4,3,235000,0.0205290312822759,-0.0022554876080349,0.6676548226716421,0.4505798355601533,550,46
V4,3,240000,0.0205740210653745,-0.0023059189330957,0.6682570253330182,0.4552704403384469,550,46
V4,3,245000,0.0206631756599657,-0.0020668582847932,0.6695565367923096,0.4646224997808949,550,46
V4,3,250000,0.020675504565038,-0.0020059388523134,0.6688959110718471,0.4651111907727611,550,46
V4,4,5000,0.0013348739952254,-0.0006041070631519,0.0298228201599122,0.0493843858615205,550,46
V4,4,10000,0.0020095019426854,-0.000522080151465,0.0551100323088464,0.0716768416292086,550,46
V4,4,15000,0.0068606756415827,-0.0008716951547032,0.2689489062340799,0.1689703719399353,550,46
V4,4,20000,0.0094596789904354,-0.0023083258203528,0.4568734152269978,0.4076744885423008,550,46
V4,4,25000,0.010597636099639,-0.0018864108732906,0.5041213306400706,0.4276344703226312,550,46
V4,4,30000,0.0116527103791434,-0.0014841179164304,0.5254145842936565,0.3670002696385007,550,46
V4,4,35000,0.0127420579938966,-0.0005388582466644,0.5527787152236857,0.4569970733790056,550,46
V4,4,40000,0.0135327277830332,-0.0003442097506551,0.5655301300876503,0.4983137137905573,550,46
V4,4,45000,0.0143127412152531,-0.0002856324309961,0.5592290037751994,0.46141232643558,550,46
V4,4,50000,0.0148062718517394,-0.0007250370179307,0.5782698725296055,0.4319061582884118,550,46
V4,4,55000,0.0152281650251702,-0.000749313104634,0.5886257870389852,0.4686707269066679,550,46
V4,4,60000,0.0154921157695769,-0.0007832067536503,0.5908891596744347,0.4449446043427943,550,46
V4,4,65000,0.0157567880522683,-0.0008284662279947,0.5930644997288022,0.4126352558832836,550,46
V4,4,70000,0.0160719806820434,-0.000741372344724,0.5967400767609394,0.4195766165218043,550,46
V4,4,75000,0.016263802168998,-0.0011345445322542,0.598714054402686,0.4093733620309262,550,46
V4,4,80000,0.0164429929996172,-0.001336627310215,0.6007175405285772,0.4336364209128839,550,46
V4,4,85000,0.0166155920086682,-0.001419991199423,0.6090977372007033,0.447396192152672,550,46
V4,4,90000,0.0166670379829746,-0.0016587997213625,0.6088852206163478,0.4878340595819946,550,46
V4,4,95000,0.0169041561615807,-0.0016909180653488,0.6093219644043546,0.5138974701292315,550,46
V4,4,100000,0.0170227891987149,-0.0017900821400152,0.6086439844804427,0.5215789853233207,550,46
V4,4,105000,0.0171726930149286,-0.001383888076901,0.6154572675047479,0.53073448100633,550,46
V4,4,110000,0.0174116949177575,-0.0015727526676331,0.61790317158779,0.5384758408792066,550,46
V4,4,115000,0.0177094444805299,-0.001345326126021,0.6232540063034614,0.5170271435986276,550,46
V4,4,120000,0.0179571471286035,-0.0013225389218293,0.6241996779469723,0.5078981429337022,550,46
V4,4,125000,0.0182865276397455,-0.0012347076225827,0.6255943143855971,0.4971374124553389,550,46
V4,4,130000,0.0184308911764094,-0.0013053772642936,0.6274547695323159,0.5092486069622265,550,46
V4,4,135000,0.0187106747559465,-0.0010933689224087,0.6317428156683961,0.4906116560313069,550,46
V4,4,140000,0.0188575646391047,-0.0011253510398099,0.6384707156173663,0.4777679999986165,550,46
V4,4,145000,0.0189418942470665,-0.0015335778606752,0.6407337742159365,0.496066732383592,550,46
V4,4,150000,0.019018901372178,-0.0006397483199818,0.6424851014094615,0.5171703399049783,550,46
V4,4,155000,0.0190928812916487,-0.0004445485078417,0.6415828789580227,0.5152178541030422,550,46
V4,4,160000,0.019137277559412,-0.0005764214547229,0.6410312543868348,0.5466891359588574,550,46
V4,4,165000,0.019375916832668,-0.0013544183377764,0.6428502924429574,0.5282922207492701,550,46
V4,4,170000,0.0194962610288541,-0.0008201529939965,0.6437992904510834,0.5315727616981102,550,46
V4,4,175000,0.0195806850856574,-0.0007253463237549,0.6466291192009969,0.5389602028067041,550,46
V4,4,180000,0.019538821727789,-0.0008347176261192,0.6492557192676803,0.5255765967823461,550,46
V4,4,185000,0.0197206160023529,-0.0004366427756532,0.6479508265901495,0.5368379584616869,550,46
V4,4,190000,0.0197722224980656,-0.0003915443106454,0.6490666031108038,0.5551543445089608,550,46
V4,4,195000,0.0198771474961434,0.0001793424410838,0.6497523689935955,0.5430898777585645,550,46
V4,4,200000,0.0199741760338369,0.0002993668016681,0.6539441629313387,0.5393527984852267,550,46
V4,4,205000,0.0199892677164044,0.0002113070861141,0.6529737218902691,0.5513874865351929,550,46
V4,4,210000,0.0200744487309772,0.0002318506613645,0.6537019776159831,0.5464433919226527,550,46
V4,4,215000,0.0200539421227974,0.0002068271666506,0.6510975414581979,0.5474251550193944,550,46
V4,4,220000,0.0201848970979614,0.0003136680320247,0.6537849117473017,0.5431851750002641,550,46
V4,4,225000,0.020228027247048,-0.0002221755951576,0.6557993737531786,0.5379373649795688,550,46
V4,4,230000,0.0202735590731489,-0.0001342596950071,0.6544911703832341,0.5349109100167656,550,46
V4,4,235000,0.0203401530015171,-0.0002827369226534,0.650740932887763,0.5285961793082451,550,46
V4,4,240000,0.0203544482125481,-0.0003935114137545,0.6555084011848522,0.5394868104882365,550,46
V4,4,245000,0.020402008103828,-0.0006707733361527,0.6544619707537378,0.5378006947267666,550,46
V4,4,250000,0.0204323302937262,-0.00060940853773,0.6571155417569816,0.5329436717134738,550,46
V4,5,5000,0.0013321022071139,-0.0005548855291223,0.0274509382986503,0.0443490658822757,550,46
V4,5,10000,0.0021213122091012,-0.0006230899555575,0.0611957731162524,0.0638079987055469,550,46
V4,5,15000,0.0063593187649967,-0.0011612652866507,0.272737681909662,0.2077576959664278,550,46
V4,5,20000,0.008908981667281,-0.001995898283035,0.4532497730155225,0.378916498374078,550,46
V4,5,25000,0.0104282290337647,0.000821183088686,0.5102260205286966,0.4051778759922659,550,46
V4,5,30000,0.0116519904521086,0.0004794281967461,0.5441939874205332,0.4345624696383736,550,46
V4,5,35000,0.012789548781235,-0.0005851569834428,0.5566542041164735,0.515987276880636,550,46
V4,5,40000,0.0136160114691939,-0.0012732761319149,0.5649419494386448,0.4963482888217187,550,46
V4,5,45000,0.0144548556776728,-0.0012327064267792,0.5848092307070709,0.5086651367660538,550,46
V4,5,50000,0.0148328043983651,-0.0007668951818374,0.585462830955098,0.534446494798709,550,46
V4,5,55000,0.0152900548721696,-0.0001563974286933,0.5943698842437545,0.5370930058978507,550,46
V4,5,60000,0.0156582143003371,-0.0003278686449706,0.6048929532763058,0.511025758635111,550,46
V4,5,65000,0.0159678976598445,-0.000429217514251,0.6091090063274368,0.514593134490667,550,46
V4,5,70000,0.0162635338730192,-0.0009335224859944,0.6153045637198699,0.5124030223975271,550,46
V4,5,75000,0.0164830592325794,-0.0011198586087678,0.6162194758997784,0.5335127813303443,550,46
V4,5,80000,0.0165853561918409,-0.001185515808679,0.615475600467002,0.5335271908961255,550,46
V4,5,85000,0.016869573207642,-0.0005326381692307,0.6153741037820275,0.530664394446534,550,46
V4,5,90000,0.0170433479342458,-0.0002680854295274,0.616050773228566,0.5097061570580059,550,46
V4,5,95000,0.0172211481108865,-0.0006083729796679,0.6164885645163282,0.50502214727723,550,46
V4,5,100000,0.0174232335343174,-0.000448667097609,0.6202110311544429,0.4858681145244574,550,46
V4,5,105000,0.0175224872326061,-0.0004750011014631,0.6277968057377497,0.4913093257396593,550,46
V4,5,110000,0.0176566063643071,-0.0002745451356084,0.6260948277053943,0.4882199379819766,550,46
V4,5,115000,0.0178780991720565,-0.0005997080546102,0.6265862132049649,0.4922697397941288,550,46
V4,5,120000,0.0181126509996483,-0.0006204184001183,0.6245405794835311,0.500491051945759,550,46
V4,5,125000,0.018272361067348,-0.0004834491940427,0.6288291818498962,0.4909998799298535,550,46
V4,5,130000,0.0184037221164057,-0.0003787775728876,0.6304046934727613,0.4803439170807698,550,46
V4,5,135000,0.0186397527895922,-0.0006638671421544,0.6308913983796289,0.4829140679495018,550,46
V4,5,140000,0.01878685153491,-0.0007002330721716,0.6334528114576411,0.4682212981514931,550,46
V4,5,145000,0.0189588398783282,-0.0007586776090856,0.6363257391607139,0.4833003821498299,550,46
V4,5,150000,0.0191078460173532,-0.0010443065275091,0.6349337999183633,0.4827390598201028,550,46
V4,5,155000,0.0191447773902149,-0.0007901134351839,0.6397400147506986,0.5030394729232563,550,46
V4,5,160000,0.0192576532567796,-0.0011338326106631,0.6414444577045614,0.482550697367766,550,46
V4,5,165000,0.019304451614289,-0.0008488478743424,0.6443615890171172,0.4771423601568161,550,46
V4,5,170000,0.0194640568075315,-0.0008769818922502,0.6481548653412205,0.4837042784668766,550,46
V4,5,175000,0.0195529475244122,-0.0008922179596195,0.646670101179683,0.4792670742084381,550,46
V4,5,180000,0.019626714564615,-0.0008767124312869,0.6507297599133869,0.4800870477711147,550,46
V4,5,185000,0.0197255883953574,-0.0011770487663201,0.6519425457245773,0.464444962251701,550,46
V4,5,190000,0.019781152219722,-0.001350476620578,0.6542494213991862,0.4690042310821996,550,46
V4,5,195000,0.0198564581118072,-0.001340428817373,0.6547577696791435,0.4849946920022498,550,46
V4,5,200000,0.0198829255188166,-0.0012527301430465,0.6561353259344527,0.5066542144017494,550,46
V4,5,205000,0.0199478519791023,-0.0013068691945836,0.6580169685994769,0.5049013926127243,550,46
V4,5,210000,0.0199820522845775,-0.0011193022567851,0.6576794169094834,0.4913943394515231,550,46
V4,5,215000,0.0200726259373544,-0.0013910426975627,0.6578087316169081,0.4975191391200173,550,46
V4,5,220000,0.0200807874518587,-0.0014060028178714,0.6576146484701952,0.492295140251291,550,46
V4,5,225000,0.0201507611889235,-0.0013695988087794,0.6600127410596194,0.483790734596131,550,46
V4,5,230000,0.0202140305571204,-0.0014190552232558,0.6621604135431417,0.4814072387708593,550,46
V4,5,235000,0.0202624448853457,-0.0016640298718111,0.6619112387582894,0.5002476735499276,550,46
V4,5,240000,0.0202862014269725,-0.0014943966535334,0.6637205662928534,0.4897032485039988,550,46
V4,5,245000,0.0203565024816689,-0.0013944328638343,0.6617666338287448,0.4974506104284909,550,46
V4,5,250000,0.0203987393137552,-0.0013411853777045,0.6603625778492006,0.4974334842202995,550,46
V4,6,5000,0.0012810613901733,-0.0005259554258068,0.0293435580173503,0.0503508141075191,550,46
V4,6,10000,0.0021609894329159,-0.0004171133284705,0.0587150679887944,0.0729381699302118,550,46
V4,6,15000,0.0069412024836545,6.699413366528342e-05,0.266975482640934,0.219379053422942,550,46
V4,6,20000,0.0094982198227183,0.0006117684894426,0.4594172014277656,0.3498913918227004,550,46
V4,6,25000,0.0104868236975324,-0.0004425630205092,0.4861288440065281,0.4452204357628913,550,46
V4,6,30000,0.0114196022220286,-0.0021014830291151,0.5154865978725474,0.44566184175779,550,46
V4,6,35000,0.0125406259175779,-0.0021531171854595,0.5371521460094426,0.4681458496600936,550,46
V4,6,40000,0.0133157671447681,-0.0013522673512114,0.5516753085526976,0.4769006713470038,550,46
V4,6,45000,0.0138885930360433,-0.000879211935685,0.5563846070987103,0.4820501415758749,550,46
V4,6,50000,0.0145097719768252,-0.0011379940022692,0.5623081370981242,0.473820997765623,550,46
V4,6,55000,0.0148510167426721,-0.0013536701253083,0.5741526598383059,0.4564489994360438,550,46
V4,6,60000,0.0152700095273583,-0.000878761003012,0.5839397583919566,0.4837459150665242,550,46
V4,6,65000,0.0156063809657572,-0.000238381861304,0.5905107580186036,0.4750021577056296,550,46
V4,6,70000,0.016019692281041,-0.0004304162649054,0.5938103578678087,0.4876970114465431,550,46
V4,6,75000,0.0162569317991047,-0.0005804609067529,0.6006262454413488,0.4972007492098713,550,46
V4,6,80000,0.0164261013674271,-0.0004190943924465,0.596429966998731,0.4908696407021299,550,46
V4,6,85000,0.0165534759632466,-0.0002793488563358,0.5979364040432951,0.4810723808978439,550,46
V4,6,90000,0.0167019475962733,-0.0004852943770944,0.603456410542406,0.4895740238234072,550,46
V4,6,95000,0.0169451353356352,-0.0006168307854868,0.6049282006012182,0.4844299766114341,550,46
V4,6,100000,0.0170132731782702,-0.0002775131095111,0.6113478462291904,0.4558619076702727,550,46
V4,6,105000,0.0172420595850463,-0.0004943104137514,0.6142561046888069,0.4357671119106384,550,46
V4,6,110000,0.0174946064413857,-0.0004285586826713,0.616643958432061,0.4617644007882685,550,46
V4,6,115000,0.0176640648355358,-0.0006110596374602,0.6207532946010003,0.4546889870331761,550,46
V4,6,120000,0.0178035728972434,-0.0005622225472691,0.6263411990528076,0.468946860440336,550,46
V4,6,125000,0.0180355966309201,-0.0003893525226779,0.6263396550151201,0.4649215958282635,550,46
V4,6,130000,0.0182657782678273,-0.0006384151449001,0.6243701673438756,0.4725936021859478,550,46
V4,6,135000,0.0184260053200477,-0.0007632472604893,0.623161047785876,0.474936295885789,550,46
V4,6,140000,0.0184981535716721,-0.0008447026466949,0.625487437817689,0.4885255377362843,550,46
V4,6,145000,0.0186619916889608,-0.0009036101015452,0.631758642222876,0.4788405432925181,550,46
V4,6,150000,0.0188148910273686,-0.000624379430147,0.6346545320942332,0.5285576691997325,550,46
V4,6,155000,0.019018094589281,-0.000697029737415,0.6355537871500115,0.5081290959404071,550,46
V4,6,160000,0.0191076909168742,-0.0009456648107411,0.6364966962095001,0.5155981708215621,550,46
V4,6,165000,0.0192575910587705,-0.0016489510591843,0.6393790702994374,0.506107971137469,550,46
V4,6,170000,0.019301381139858,-0.0015619377111978,0.6387204305421679,0.506876670776863,550,46
V4,6,175000,0.0193779682036332,-0.0013631620635205,0.6425216911965634,0.4910703674344143,550,46
V4,6,180000,0.0194156773003361,-0.0013490810433425,0.6486341672981478,0.4887192548755868,550,46
V4,6,185000,0.0195846269435176,-0.0009944876780401,0.6461309793150892,0.4637881546703101,550,46
V4,6,190000,0.0196301566381206,-0.0007781251074278,0.6494489719592812,0.4842446448259214,550,46
V4,6,195000,0.0196629509028396,-0.0010042065123996,0.6491645274740064,0.4776586204273466,550,46
V4,6,200000,0.0197578408275083,-0.0011859434673544,0.648005171271588,0.4845233779026663,550,46
V4,6,205000,0.0198272445998624,-0.0011116992552341,0.6489792958094046,0.472944668640719,550,46
V4,6,210000,0.0199364386583735,-0.0009073576685531,0.6508244422797729,0.4747790609701918,550,46
V4,6,215000,0.0200119925932257,-0.0013174890653725,0.6490282443821958,0.4750208885793171,550,46
V4,6,220000,0.0200696930839845,-0.0011542018812001,0.6517830155665636,0.4835667227942355,550,46
V4,6,225000,0.0201271700857155,-0.0008752647713964,0.654745268827726,0.5007185412042247,550,46
V4,6,230000,0.0202266286732053,-0.0010833846896852,0.6551926831390545,0.5060059272688773,550,46
V4,6,235000,0.0202609098804902,-0.0005885487487048,0.6572829152320202,0.5069859007689859,550,46
V4,6,240000,0.0202934765348091,-0.0004831016165786,0.6586137535930248,0.507821496770158,550,46
V4,6,245000,0.0203015161762644,-0.0007965682229811,0.6597614575541902,0.522353523423518,550,46
V4,6,250000,0.0203973629936028,-0.0007006243974689,0.6601322067792533,0.5204094601531333,550,46
V4,7,5000,0.0013487703636086,-0.0006302905371884,0.0338679683812878,0.054499740124755,550,46
V4,7,10000,0.0021115396770919,-0.0005837812445042,0.0612815205551206,0.0700407279199807,550,46
V4,7,15000,0.0071855087518712,-0.0021561049915422,0.2935621778341655,0.2241562889247204,550,46
V4,7,20000,0.010471425163519,-0.0021882340654491,0.4741620727940277,0.3322763511256376,550,46
V4,7,25000,0.0114700239916857,-0.0023091582208178,0.5070360121051053,0.3618765295848044,550,46
V4,7,30000,0.0122987842076359,-0.0025122406310941,0.5283024036900755,0.3983687658779059,550,46
V4,7,35000,0.0133143811622215,-0.0027999335180713,0.5336804746583295,0.4528695204366039,550,46
V4,7,40000,0.0140196495578328,-0.0035214799328841,0.5603883255674645,0.4598922999261988,550,46
V4,7,45000,0.0146335066576799,-0.0039198026662099,0.5728901687381529,0.4663496638987426,550,46
V4,7,50000,0.0150143529577707,-0.0037191951030642,0.5825898631757761,0.4875704211303374,550,46
V4,7,55000,0.0155792951615699,-0.0033338970501049,0.5812699303531778,0.4862966230211319,550,46
V4,7,60000,0.0160993697697349,-0.0029709742089217,0.5891675482601663,0.4888729511973126,550,46
V4,7,65000,0.0163057360485923,-0.0025464357523669,0.5933581922194041,0.4916144766572295,550,46
V4,7,70000,0.0166690743487624,-0.0024769482472322,0.6002914278950222,0.475216185524684,550,46
V4,7,75000,0.016886314356266,-0.0029523351374483,0.6004235890448676,0.4894791466755879,550,46
V4,7,80000,0.0171186446469048,-0.0029921123245133,0.6018788480550677,0.4932018424677721,550,46
V4,7,85000,0.0172767532200882,-0.0031782725292144,0.6047401560695517,0.4972792804422567,550,46
V4,7,90000,0.0174187206286635,-0.0027214443491897,0.6056963249845942,0.5000106323308336,550,46
V4,7,95000,0.017533278732236,-0.0022060974907227,0.6121045798420282,0.5210721507466076,550,46
V4,7,100000,0.0176531385508525,-0.0023444626775393,0.6147202582672125,0.5198146161634589,550,46
V4,7,105000,0.0178749632832477,-0.0024814726415911,0.6149130524453819,0.5384198138804301,550,46
V4,7,110000,0.018073875942269,-0.003130824362825,0.6161836598983467,0.5532252196640541,550,46
V4,7,115000,0.0182585745886042,-0.0030625037753023,0.6187799396504111,0.5420698481300674,550,46
V4,7,120000,0.0185127966906295,-0.0031746224135317,0.6157253708385482,0.5341864650799775,550,46
V4,7,125000,0.0187601668990313,-0.004063510764254,0.6137180310026327,0.5299862451595304,550,46
V4,7,130000,0.0188710523871063,-0.0039869680119505,0.6175655242289674,0.5316009593865092,550,46
V4,7,135000,0.0190337580586369,-0.003737219060299,0.6207908526849345,0.5377031170523726,550,46
V4,7,140000,0.0191801068839191,-0.0037676071787236,0.6230399541272428,0.5314230015261596,550,46
V4,7,145000,0.0192624816920548,-0.0033308897766796,0.6244639146890268,0.5063756131394868,550,46
V4,7,150000,0.0193404688739285,-0.0032345648332619,0.6257951204202166,0.5073699207871905,550,46
V4,7,155000,0.0194955847199322,-0.0038971863665661,0.6303261162149107,0.506528038004001,550,46
V4,7,160000,0.0196202391430096,-0.0036408359495056,0.629239377067453,0.4640230525200933,550,46
V4,7,165000,0.0196571815653987,-0.0034928196213369,0.6334821504948618,0.4653195432093895,550,46
V4,7,170000,0.0197345903559885,-0.0030345724220576,0.6371327644023871,0.4991754494743071,550,46
V4,7,175000,0.0198015265170526,-0.0031232382153792,0.6337176519194201,0.4925370643766127,550,46
V4,7,180000,0.0198706991764248,-0.0030589310673796,0.6357660402635007,0.4971859566440619,550,46
V4,7,185000,0.0199586862524246,-0.0028096216401808,0.6366004055046434,0.5214475066902061,550,46
V4,7,190000,0.0199906572511091,-0.0028455811761742,0.6359765930720068,0.5232303978020747,550,46
V4,7,195000,0.0201196485542835,-0.00299774627508,0.639427288351893,0.5156666896698866,550,46
V4,7,200000,0.0201017092721823,-0.0030103604169377,0.6419923637606046,0.5167911738910068,550,46
V4,7,205000,0.0202035097574064,-0.0029837926788504,0.6459315128347106,0.5151796106001386,550,46
V4,7,210000,0.0202479072078066,-0.0028749609344679,0.6462079311022344,0.505665615357882,550,46
V4,7,215000,0.0203361081588522,-0.0029636593457598,0.648242324145741,0.5042752013079028,550,46
V4,7,220000,0.0203911007757318,-0.0029337002369971,0.6494789746112674,0.5145650032274677,550,46
V4,7,225000,0.0204477461639819,-0.0032349070406677,0.648360674136389,0.5011940138096262,550,46
V4,7,230000,0.0205054200939644,-0.0031797483487448,0.6509106675968845,0.4960112321360584,550,46
V4,7,235000,0.0205699160739841,-0.0031858565250273,0.6509518663474394,0.5070249205902836,550,46
V4,7,240000,0.0206157978785704,-0.0032395231386349,0.6505408266686492,0.4962703468638799,550,46
V4,7,245000,0.0206512680395102,-0.0034746681539228,0.6542289731384019,0.4991517005473995,550,46
V4,7,250000,0.0206249666893302,-0.0034856434819628,0.6573334685534581,0.4976775407299381,550,46
V4,8,5000,0.0013263967834362,-0.0004866858160463,0.0301461173905489,0.0534475617330526,550,46
V4,8,10000,0.0021868596811622,-0.0007794896377254,0.0607354177766227,0.0690110073073013,550,46
V4,8,15000,0.0061466599424565,-0.0019466118224234,0.2631601607863278,0.2147980121741374,550,46
V4,8,20000,0.0089346948683685,-0.0031418021099731,0.4381540603058161,0.3978084480921087,550,46
V4,8,25000,0.0103316649844082,-0.0012131633206288,0.4669095643088701,0.4887232143277893,550,46
V4,8,30000,0.0115467518963344,-0.0015916609039182,0.5143188723579251,0.5497625985120866,550,46
V4,8,35000,0.0126288276386119,-0.0023793501107101,0.5350911303249439,0.5175353227982905,550,46
V4,8,40000,0.0135014644379225,-0.002599335485921,0.5538667383919547,0.5525720558267002,550,46
V4,8,45000,0.014037739165427,-0.0035257833653165,0.562503226402658,0.5289538323820339,550,46
V4,8,50000,0.0147409214335178,-0.0034438823818051,0.5766773505218986,0.5233850833701242,550,46
V4,8,55000,0.0151615360269812,-0.0031898064680603,0.5814671199957139,0.552118089492403,550,46
V4,8,60000,0.0156235069731474,-0.0035064262079027,0.5862318792904698,0.540117957806976,550,46
V4,8,65000,0.0160563351317716,-0.0031854063198491,0.5984829744024651,0.50259828735802,550,46
V4,8,70000,0.0162175887590446,-0.0027553921507659,0.6041852272000068,0.4989211557614776,550,46
V4,8,75000,0.0164163028997825,-0.0022115991574032,0.6055359693461551,0.5143585415635353,550,46
V4,8,80000,0.01669014440739,-0.0023038990508135,0.6060945242726945,0.5360427712603963,550,46
V4,8,85000,0.0168327345039696,-0.0023604680386527,0.607094181402308,0.5421170213704143,550,46
V4,8,90000,0.0170632188102639,-0.0021918971970964,0.6097650059020739,0.5578298335988346,550,46
V4,8,95000,0.0172016498107241,-0.0024830767251157,0.6071428294040007,0.5596136061004777,550,46
V4,8,100000,0.0172871804831204,-0.0026035768716554,0.6112170676846759,0.5372255540591836,550,46
V4,8,105000,0.0175181717941516,-0.0021286692816372,0.6127952922753281,0.5378704729781574,550,46
V4,8,110000,0.0177278689244344,-0.0014818617001897,0.6177497758470044,0.5179649418692877,550,46
V4,8,115000,0.0180174545289806,-0.0016910109584885,0.6234621863119488,0.5365201824179894,550,46
V4,8,120000,0.0181815156509897,-0.001534036988241,0.6258088873553898,0.5335313600672232,550,46
V4,8,125000,0.0183139531842864,-0.0017946833036303,0.6248946029824273,0.5229260899424399,550,46
V4,8,130000,0.0184807595848742,-0.0020928856728733,0.6240138984760456,0.5252529150738592,550,46
V4,8,135000,0.0186144029322092,-0.0020966329495767,0.6252505690819051,0.527771910384221,550,46
V4,8,140000,0.0188066969783391,-0.0024161874061815,0.6310263821855538,0.5197950179272376,550,46
V4,8,145000,0.0189605691161437,-0.0020404612662779,0.631036533253255,0.5130760101118946,550,46
V4,8,150000,0.0191063777385762,-0.0020119148740732,0.6292557077012082,0.5182235170856032,550,46
V4,8,155000,0.0191470398750641,-0.0026469124469188,0.6360155426559254,0.5105564260090764,550,46
V4,8,160000,0.0193065100465508,-0.0027143098085045,0.6328318751294062,0.4983604463757778,550,46
V4,8,165000,0.0193788916778144,-0.0026646522954676,0.6350909429942119,0.5244923236451704,550,46
V4,8,170000,0.0194920900493572,-0.0032554623434332,0.6390553798157563,0.5363692081399157,550,46
V4,8,175000,0.0195702423876016,-0.0027772201606691,0.6391501149481048,0.5468643167828143,550,46
V4,8,180000,0.0196866309589517,-0.0024519888062778,0.6439109147794643,0.5077833315578891,550,46
V4,8,185000,0.0197481234643755,-0.0025638645328967,0.6447165094530273,0.5118911628574945,550,46
V4,8,190000,0.0198661574480044,-0.002217293606239,0.648473802845019,0.5162180647700566,550,46
V4,8,195000,0.01993625316346,-0.0021515851137939,0.6507362442810452,0.5054800428945541,550,46
V4,8,200000,0.0200031573798709,-0.0021481498014263,0.657370677669909,0.5130082435665134,550,46
V4,8,205000,0.0200435428997689,-0.0022004825214642,0.6595013287282845,0.5154489588723842,550,46
V4,8,210000,0.0200287196683905,-0.0023629845641064,0.6582524699510789,0.5240717569538446,550,46
V4,8,215000,0.0201206234446497,-0.0023712644989113,0.6552775991673754,0.5298588722015954,550,46
V4,8,220000,0.0201954157277512,-0.0025712472457968,0.6570711957883961,0.5480012119321693,550,46
V4,8,225000,0.0202937740579082,-0.0023279399569583,0.6541451757551245,0.5465974262953665,550,46
V4,8,230000,0.0203026470159586,-0.0028064189806529,0.6553121370449063,0.5232363003088311,550,46
V4,8,235000,0.0202878040796665,-0.0024873274042151,0.6550515106299872,0.5232129181193149,550,46
V4,8,240000,0.0203683848722751,-0.002637910570088,0.6556465211114679,0.5337075039912228,550,46
V4,8,245000,0.0204238305230982,-0.0022699812311778,0.6582007123585045,0.5412058803782817,550,46
V4,8,250000,0.020494351455415,-0.002132586418331,0.6576262049381267,0.5487065655511882,550,46
V4,9,5000,0.0013406639851593,-0.000693725523331,0.0302352117260244,0.0525018732583257,550,46
V4,9,10000,0.0023543116828715,-0.0003786012934171,0.0712071486783984,0.0772675163848402,550,46
V4,9,15000,0.0063906330233751,-0.0002178066907573,0.2819521446128651,0.2397496842899794,550,46
V4,9,20000,0.0091331883178923,-9.303877138389544e-05,0.4749314503659188,0.4588221166747907,550,46
V4,9,25000,0.0105224175654768,-0.0016659966092581,0.5081662248676009,0.3950049489068152,550,46
V4,9,30000,0.0119109975951451,-0.00217491216701,0.5289489639824542,0.403056660703914,550,46
V4,9,35000,0.0129488919172675,-0.0020381104702705,0.5393804333755456,0.4696375157459709,550,46
V4,9,40000,0.0137063547563276,-0.0020182586144154,0.553108121879506,0.4820969311150783,550,46
V4,9,45000,0.0143250754781322,-0.0011666351119281,0.5670572816920129,0.4742422806344963,550,46
V4,9,50000,0.0148859411761504,-0.0017822384148503,0.5810742166919235,0.4935197648261324,550,46
V4,9,55000,0.0151746123667915,-0.0013285586879084,0.5891502123964087,0.5228855957026244,550,46
V4,9,60000,0.0153759807955528,-0.0018387380467078,0.5897385856637205,0.5308349322904494,550,46
V4,9,65000,0.0155860521757603,-0.0018950869986074,0.5949361996297995,0.5328333332205093,550,46
V4,9,70000,0.0158881955119319,-0.0025726708532888,0.6054902692206844,0.5239887267911917,550,46
V4,9,75000,0.0161442100235341,-0.0023314860890941,0.6086755946489673,0.5084414419876724,550,46
V4,9,80000,0.016401388360082,-0.002348990579937,0.6125290290422976,0.5115345259287591,550,46
V4,9,85000,0.0166214605319465,-0.0025567596305518,0.6197355329230214,0.50436365553198,550,46
V4,9,90000,0.0167955726096164,-0.0024304941213788,0.6217670952265338,0.5139288262330409,550,46
V4,9,95000,0.0169132806678012,-0.0019398932003633,0.6278512896301423,0.5019622361980507,550,46
V4,9,100000,0.01704682412922,-0.0016028423269213,0.6288189795365677,0.4865504720055712,550,46
V4,9,105000,0.0171306114951073,-0.001838405549856,0.634079779641038,0.4785244190449649,550,46
V4,9,110000,0.0174368344810485,-0.0017639366419831,0.6344427459342545,0.4747761361198791,550,46
V4,9,115000,0.01764414325898,-0.0018273041345155,0.6286546222184505,0.4886893444494257,550,46
V4,9,120000,0.0178871810668674,-0.0018121377614169,0.6304792466467819,0.4928157163711815,550,46
V4,9,125000,0.0181252100166295,-0.0020532495763129,0.628082013825586,0.5049175384678029,550,46
V4,9,130000,0.018284645022776,-0.0016952396572003,0.6269583093066761,0.4793795162181432,550,46
V4,9,135000,0.0184664934719233,-0.0013051711178271,0.6265927797812911,0.4469634825146993,550,46
V4,9,140000,0.0185772825475583,-0.0010545854637566,0.6278082084408956,0.4453072566435468,550,46
V4,9,145000,0.0187499465285877,-0.0008629299841007,0.6281518008959562,0.4486395760857815,550,46
V4,9,150000,0.0188288884517766,-0.0011365657047063,0.6303019373541313,0.4626027115800924,550,46
V4,9,155000,0.0189160302379572,-0.0013949672739527,0.6345457887816015,0.4610395785589553,550,46
V4,9,160000,0.0191531380926996,-0.0019006496778133,0.6374569881006453,0.4714894198501513,550,46
V4,9,165000,0.0192476315048878,-0.0023201733837444,0.6368409268062691,0.4928269143692513,550,46
V4,9,170000,0.0193227308936236,-0.0019951923344464,0.6382645672779349,0.4886020528532757,550,46
V4,9,175000,0.0193954242748388,-0.0017139780604385,0.6389021384178664,0.4938547600463475,550,46
V4,9,180000,0.0194007809319166,-0.0017002661247272,0.6365281954335578,0.4700769582911575,550,46
V4,9,185000,0.0194096425986238,-0.0019832769954579,0.6389949551578936,0.4658849835258394,550,46
V4,9,190000,0.0195298908011956,-0.0016932243673781,0.6377320028423188,0.4818547772232868,550,46
V4,9,195000,0.0195885863183152,-0.0014245034405404,0.6408418462724954,0.4859878070364046,550,46
V4,9,200000,0.0197213941249549,-0.001239140252868,0.6429895510283411,0.489268751312678,550,46
V4,9,205000,0.0198405675766846,-0.0013704707943543,0.6462247481649873,0.501326741530842,550,46
V4,9,210000,0.0199252211874629,-0.0017027091106651,0.6490405966376895,0.5095042439717736,550,46
V4,9,215000,0.0199591609523362,-0.0017729801482064,0.649382785370659,0.515987354926761,550,46
V4,9,220000,0.0200243624516225,-0.0017337785351015,0.6481992931907522,0.5031333864661413,550,46
V4,9,225000,0.0201148070822638,-0.0017764119693302,0.6475653322355935,0.5091460250290976,550,46
V4,9,230000,0.0200964976844691,-0.0016708534359657,0.650489752342485,0.5121517207116094,550,46
V4,9,235000,0.0201905786989221,-0.0017664645098021,0.6540940046220123,0.5210105105439439,550,46
V4,9,240000,0.0202234482060643,-0.0015976131107089,0.6565641849908153,0.5269570586827815,550,46
V4,9,245000,0.0202722092946377,-0.0016066910014484,0.6567776217109846,0.5224707958090539,550,46
V4,9,250000,0.0202619330765472,-0.0023996075786554,0.6586118562302119,0.5542672889016826,550,46
C4,0,5000,0.0035867667076613,-0.001140402529086,0.2047766267848708,0.2072068388484455,550,46
C4,0,10000,0.0097421467238645,-0.0012202562829707,0.484591849812052,0.4379318669316842,550,46
C4,0,15000,0.0126799956924582,-0.0012112202823233,0.5545319373883064,0.4782690694247822,550,46
C4,0,20000,0.0144136622535474,-0.001755253578164,0.5767485505479908,0.4752170690480318,550,46
C4,0,25000,0.015492116328562,-0.0020811600703047,0.6100617399831789,0.4693150048420834,550,46
C4,0,30000,0.0160914614500642,-0.0011864138972793,0.6235505993094652,0.4744186169109571,550,46
C4,0,35000,0.0166252961041526,-0.0004271836670317,0.6302194706966634,0.4524529971027343,550,46
C4,0,40000,0.0170912947513924,3.567804428268014e-05,0.633231410505618,0.4836335354822861,550,46
C4,0,45000,0.0175041896804324,-0.0010956040491388,0.6386028885930218,0.5195615761647502,550,46
C4,0,50000,0.017870972847787,-0.0017092639801212,0.6404829294590626,0.5195159355005049,550,46
C4,0,55000,0.0182893914656524,-0.0012951151979767,0.6465308963141073,0.4911823746128004,550,46
C4,0,60000,0.0185003170718392,-0.0010886207607862,0.6496798805248822,0.5166548694146811,550,46
C4,0,65000,0.0187103360431103,-0.0010893528801468,0.6571228697398283,0.5347703165497899,550,46
C4,0,70000,0.0188390132565239,-0.0011031361264708,0.6595980349997026,0.5314344198914072,550,46
C4,0,75000,0.018989489918523,-0.001339944914667,0.6615356107273115,0.5390786242912042,550,46
C4,0,80000,0.0192050172652015,-0.0013116735541828,0.6618147546333424,0.5549689758713295,550,46
C4,0,85000,0.01934183076301,-0.0010403359804002,0.6637088644672149,0.552327203437218,550,46
C4,0,90000,0.0194697761121261,-0.0008107591839317,0.664717964793071,0.5546490500804827,550,46
C4,0,95000,0.0195324870142071,-0.0008500809900168,0.6633170851608773,0.5796927552951595,550,46
C4,0,100000,0.0196503260952532,-0.0016836705329451,0.6657428067417248,0.5904267051609863,550,46
C4,0,105000,0.0197754841251063,-0.0024114380879098,0.6631169650784037,0.5856608382198596,550,46
C4,0,110000,0.0199553458227732,-0.0020751599808036,0.6674601208445848,0.5863558176073514,550,46
C4,0,115000,0.020085517789285,-0.0015413199921469,0.670299522432933,0.6154416896010015,550,46
C4,0,120000,0.0201997544619955,-0.0019558071287184,0.6738638667833647,0.6127105316889531,550,46
C4,0,125000,0.0202797858283821,-0.0021127076187051,0.6725844123684088,0.6008856054682623,550,46
C4,0,130000,0.0203566552145885,-0.0025192769668287,0.6728485984179049,0.6000359384864511,550,46
C4,0,135000,0.0204402111703922,-0.0026956276801556,0.675263960866157,0.5753040530723403,550,46
C4,0,140000,0.0205194333077979,-0.0021075846027379,0.6747357417230302,0.6027250344538067,550,46
C4,0,145000,0.0205733038334582,-0.0027777900292401,0.677097149550666,0.5930352506930793,550,46
C4,0,150000,0.0205374072009732,-0.0022188199784021,0.6769775501003049,0.5876643653667383,550,46
C4,0,155000,0.0206491993180922,-0.0023659226705822,0.6812840485473602,0.5966356901627579,550,46
C4,0,160000,0.020595181666489,-0.0028705631878359,0.6777382922813052,0.5922187740941801,550,46
C4,0,165000,0.0208412435478316,-0.0025443272097808,0.6839421416270324,0.5728086972062968,550,46
C4,0,170000,0.0209425136414257,-0.0018459796332532,0.6853641047075685,0.5623657104925381,550,46
C4,0,175000,0.0209515354697985,-0.0015000542351967,0.6825753896209843,0.586751214034011,550,46
C4,0,180000,0.0210243351934558,-0.0011362860660514,0.6800740868589776,0.5368344408906964,550,46
C4,0,185000,0.0210455958992957,-0.0013934061482133,0.6786765555404798,0.5525404562296441,550,46
C4,0,190000,0.021163690846035,-0.0010522703810438,0.678274801966422,0.5711407946995751,550,46
C4,0,195000,0.0212197234633998,-0.0008100584980591,0.68250792762459,0.5585294933742964,550,46
C4,0,200000,0.0212384574612896,-9.50952915183558e-05,0.6827449634433697,0.6014045385038098,550,46
C4,0,205000,0.0213012041495214,-4.964383833891383e-05,0.6864535637285328,0.608236757196403,550,46
C4,0,210000,0.0213163857382914,-0.0004461764601767,0.6889066533841661,0.5868568308148927,550,46
C4,0,215000,0.0213551234002469,8.794050748802063e-05,0.6911500571000277,0.5695994191830867,550,46
C4,0,220000,0.0213944338116936,-0.0003728224587628,0.6928293205697703,0.5559078662502912,550,46
C4,0,225000,0.0214031109346181,-0.0001152517753182,0.6923115882366268,0.5671573103998285,550,46
C4,0,230000,0.0214447840749926,-0.0007570559897986,0.6913527809670152,0.5488912377276672,550,46
C4,0,235000,0.0215017037604726,1.5993275102215352e-05,0.6919060148813008,0.5694235073540842,550,46
C4,0,240000,0.0215269208507996,-0.0007076831200471,0.6945429332276918,0.5360798356346661,550,46
C4,0,245000,0.0215263498099642,-0.0010598980804341,0.697603635764172,0.5048253502207842,550,46
C4,0,250000,0.0215548016965677,-0.00072690845937,0.6942151913097033,0.5255255064369257,550,46
C4,1,5000,0.0040908643993683,-0.0005710002219231,0.2061074716884403,0.222438480572594,550,46
C4,1,10000,0.0098810302271696,-0.0011394562651425,0.5103220560875973,0.4431908857048299,550,46
C4,1,15000,0.0132125532703181,-0.0010545756907027,0.5774404397821055,0.4428181080096554,550,46
C4,1,20000,0.0146870001954877,-0.0011444850376258,0.6001916241760462,0.4770291752993547,550,46
C4,1,25000,0.0155332487637851,-0.0022678473988785,0.6132705587045675,0.5047973202748519,550,46
C4,1,30000,0.0164980052172679,-0.0018905129866836,0.6320649059930824,0.4937676832610656,550,46
C4,1,35000,0.0171138481681301,-0.0010569641610219,0.6345396651993642,0.5096929952395073,550,46
C4,1,40000,0.0176099002327372,-0.0014708946755554,0.6388193890186163,0.4755797704221917,550,46
C4,1,45000,0.0179925751182239,-0.0020459767361231,0.6415558536385888,0.5222764076594556,550,46
C4,1,50000,0.0183246389701352,-0.001692858034592,0.6464476915434038,0.5094354932126192,550,46
C4,1,55000,0.0185708074183476,-0.0021871052103121,0.6482489391349238,0.5139511964532035,550,46
C4,1,60000,0.0188344954786979,-0.0023706449331562,0.6491835205801589,0.5065070069854274,550,46
C4,1,65000,0.0190654123666937,-0.0019732104926536,0.6489680556855772,0.5401467403929108,550,46
C4,1,70000,0.0191629307383163,-0.0021084238068806,0.6498688780307013,0.5463125419233755,550,46
C4,1,75000,0.0193146546733788,-0.0015131945736775,0.6520558179347588,0.5355029702559896,550,46
C4,1,80000,0.0194780815791509,-0.0020530303225768,0.6535601714222949,0.5481238534534846,550,46
C4,1,85000,0.0195272332923834,-0.0017001657348701,0.6563300456423123,0.5829666770269273,550,46
C4,1,90000,0.0196712815909466,-0.002350044211876,0.6618388391631027,0.5744442329990462,550,46
C4,1,95000,0.0197163406955883,-0.0025145544638123,0.6619379080644746,0.561585578255796,550,46
C4,1,100000,0.0197965267498532,-0.0023974929104744,0.6583266122172696,0.5529610735906677,550,46
C4,1,105000,0.0199258681717965,-0.0030260496683932,0.659687354401965,0.5483179273209474,550,46
C4,1,110000,0.020027970265052,-0.0025689520340262,0.6617349800882288,0.5159919106401794,550,46
C4,1,115000,0.0201096851630699,-0.00240533286908,0.6630295082202811,0.5448986443371183,550,46
C4,1,120000,0.0201977850820076,-0.0022740153050949,0.6682454727854935,0.5437676653108469,550,46
C4,1,125000,0.0203121811797656,-0.0033807502847813,0.6702613763809714,0.5562321865626331,550,46
C4,1,130000,0.0203541392243832,-0.00333144234974,0.6727701650219182,0.5567501527586539,550,46
C4,1,135000,0.020506342729022,-0.0037025741144542,0.6661950695716816,0.5478066874755911,550,46
C4,1,140000,0.0205188855563104,-0.0031726979696435,0.6676805392565607,0.528437960788969,550,46
C4,1,145000,0.0205997104082775,-0.0037019809779489,0.6654473272295665,0.5749970647524767,550,46
C4,1,150000,0.0205876636806279,-0.0037833371486348,0.665950979326016,0.5715078773171242,550,46
C4,1,155000,0.0207396418364687,-0.003314423619684,0.6642744221241941,0.6195369904617537,550,46
C4,1,160000,0.0208338050055767,-0.0023005797779476,0.6625456665612445,0.5832241074362675,550,46
C4,1,165000,0.0208963237346678,-0.0026778067020589,0.667813503868065,0.5840175484195764,550,46
C4,1,170000,0.0209963924198609,-0.0031411556252978,0.6724915188816484,0.5697890526613595,550,46
C4,1,175000,0.0210485665324737,-0.0031706590352187,0.6701980449662267,0.5717504748915105,550,46
C4,1,180000,0.0209346433147039,-0.0031435796221268,0.6733839133675091,0.5605883602152781,550,46
C4,1,185000,0.021058901755711,-0.0025790458883553,0.6691163705213283,0.5547040223244433,550,46
C4,1,190000,0.0210597805950819,-0.0027625785770691,0.6716519806784099,0.5445116847860362,550,46
C4,1,195000,0.0210789137318455,-0.0032611165383215,0.6720247908854338,0.5598437014406736,550,46
C4,1,200000,0.021161618130342,-0.0032731241326917,0.6762326486244021,0.5304756974878387,550,46
C4,1,205000,0.0212343427522007,-0.0034777176646285,0.6741086358419993,0.5420134581564705,550,46
C4,1,210000,0.0212665373881648,-0.0029360154106167,0.6782741958410933,0.5281742253108656,550,46
C4,1,215000,0.0213146975524368,-0.0026676149152848,0.6809259164272724,0.5425684778891792,550,46
C4,1,220000,0.0213751205206664,-0.0022930659709915,0.6794435061333287,0.5269712330917773,550,46
C4,1,225000,0.0213244118460254,-0.0028398567586434,0.6798395807656252,0.5443145677263725,550,46
C4,1,230000,0.0213403643763022,-0.0027947695302978,0.6806292534240188,0.5559901238638119,550,46
C4,1,235000,0.0213971052574465,-0.003317706218154,0.6809435114673693,0.5864926234434893,550,46
C4,1,240000,0.0214165716654718,-0.0028534696122412,0.6821607675516711,0.5807935072798704,550,46
C4,1,245000,0.0213769955470853,-0.0038847983240187,0.6897309640416251,0.589449702144343,550,46
C4,1,250000,0.0213514293116697,-0.003693375586485,0.6785420205104561,0.5773664698351997,550,46
C4,2,5000,0.0039414067097408,-0.001056652750272,0.1887160065258672,0.1745954024260405,550,46
C4,2,10000,0.0102461478188761,-0.0022705092320565,0.4899681907547752,0.4374246988281902,550,46
C4,2,15000,0.013306618795937,-0.0017486525026525,0.5614391007711743,0.4987291575573432,550,46
C4,2,20000,0.014757738686529,-0.0010807250282597,0.5945264122787396,0.5705759249532867,550,46
C4,2,25000,0.0159372751628621,-0.0019391431416455,0.6112282234337363,0.569868944731489,550,46
C4,2,30000,0.0166028320028531,-0.0020018769139221,0.6184338988551843,0.5633588533406164,550,46
C4,2,35000,0.017047059553636,-0.0030085723996161,0.6334983599361472,0.5641871663715785,550,46
C4,2,40000,0.0176037087219992,-0.0018870874086552,0.6307134964772302,0.5477385675760585,550,46
C4,2,45000,0.0180265103030362,-0.0024513509350088,0.6403292735109055,0.5529005343778495,550,46
C4,2,50000,0.0182605671352502,-0.0025370278715917,0.6405120825033015,0.5494553194561707,550,46
C4,2,55000,0.018442179396707,-0.0014246923039429,0.6451582065265399,0.5392596366248883,550,46
C4,2,60000,0.0186545260985447,-0.0008587766071743,0.6487805132207956,0.527952896994,550,46
C4,2,65000,0.018857902229062,-0.001161697139892,0.6493584749447929,0.5256922140054419,550,46
C4,2,70000,0.0190782757907069,0.0001518170093552,0.6563676802868507,0.4998066720661779,550,46
C4,2,75000,0.01918702664274,-0.0003894098181523,0.6553425236144139,0.5223808186703842,550,46
C4,2,80000,0.0193221213132021,-0.000256929082065,0.6555629002431865,0.5108692841611947,550,46
C4,2,85000,0.0194028000131442,-0.0006472872992065,0.6577382742208094,0.5259526791292101,550,46
C4,2,90000,0.0195376394961742,-0.0011859417652625,0.6585402726908457,0.533225873341243,550,46
C4,2,95000,0.019592001494005,-0.0010524997184516,0.6574810584787485,0.5241013001491163,550,46
C4,2,100000,0.0196380806497671,-0.0011252080149324,0.6604949975899047,0.5246722457501908,550,46
C4,2,105000,0.0197761179438258,-0.0008547279959414,0.6605346866916386,0.5297286653283001,550,46
C4,2,110000,0.0198608723728288,-0.0010067535178452,0.6623558022268924,0.5126352240200639,550,46
C4,2,115000,0.0200293073126835,-0.0013781900826588,0.6632182553238959,0.5326023137268318,550,46
C4,2,120000,0.0202410068485749,-0.0009593735518833,0.6649993907207256,0.5579784882800629,550,46
C4,2,125000,0.0202741111896107,-0.0002187446430162,0.6693685728273338,0.5732149408750292,550,46
C4,2,130000,0.0203431474870416,-9.28580333528382e-05,0.6688949967480751,0.5683746825407168,550,46
C4,2,135000,0.0204024301780664,-0.0005453828658534,0.6706202034126074,0.5458135927142623,550,46
C4,2,140000,0.0204376823146165,-0.001188652716359,0.6699702169066432,0.5797011376808002,550,46
C4,2,145000,0.0205376201191663,-0.0007045280750771,0.6733463917839425,0.5567079718905034,550,46
C4,2,150000,0.0205859370019132,-0.000762396926943,0.6762512208476479,0.5461492624891333,550,46
C4,2,155000,0.0206823593160665,-0.0013629004378401,0.6740065359637495,0.5337981609328499,550,46
C4,2,160000,0.0207857900203642,-0.000796652349396,0.675167386558427,0.563332761984077,550,46
C4,2,165000,0.0206315906164144,-0.0005021229868799,0.6761191651938411,0.5439381304856722,550,46
C4,2,170000,0.0207762494787608,-0.0009244582940776,0.6824567884309665,0.5144757398903196,550,46
C4,2,175000,0.0208957977480617,-0.0011363424264123,0.6806255471785984,0.534946410502733,550,46
C4,2,180000,0.0208655233429342,-0.0017846214329797,0.6778042148397154,0.5372395065608478,550,46
C4,2,185000,0.0208654735170767,-0.001850871493916,0.6799837618980699,0.5190649814215906,550,46
C4,2,190000,0.0209566918049606,-0.0019831226458231,0.6881428609271705,0.5279729654458049,550,46
C4,2,195000,0.020984414492988,-0.0017987853072903,0.6858353544802261,0.5289989101957948,550,46
C4,2,200000,0.020982456640454,-0.0017349223923904,0.6892498054999557,0.5503896007133856,550,46
C4,2,205000,0.0211304925843096,-0.0020731128657748,0.6870527940133203,0.5711528896951406,550,46
C4,2,210000,0.0211269866139318,-0.0016652461699678,0.6876024947243023,0.5645401793139111,550,46
C4,2,215000,0.0211529861593096,-0.0020482511612858,0.6884468072530343,0.5717974987737748,550,46
C4,2,220000,0.0211685244056293,-0.0020390593557641,0.6840079302234323,0.5926185240846354,550,46
C4,2,225000,0.0213280655177327,-0.0022978730005133,0.6899556231564037,0.5779451027143171,550,46
C4,2,230000,0.0213012400752187,-0.0020557050283079,0.6859504814085449,0.5926774693097794,550,46
C4,2,235000,0.0213395302818721,-0.0020483311495552,0.6883302896508039,0.5719748542361434,550,46
C4,2,240000,0.0213444291993185,-0.0027709301642233,0.6888407377823756,0.6051301253966406,550,46
C4,2,245000,0.021338361125186,-0.002685890993202,0.6871622941081273,0.5529513296483024,550,46
C4,2,250000,0.0213256169311714,-0.0019672881627547,0.688474120775231,0.5483258933750415,550,46
C4,3,5000,0.0040363172846263,-0.0007496353089378,0.1917215515146674,0.1822278330569249,550,46
C4,3,10000,0.0100778421142404,-0.0010184953903904,0.4992940657269828,0.3981450771301607,550,46
C4,3,15000,0.0129605587567212,-0.0017018727594092,0.567293255404892,0.4474842081269907,550,46
C4,3,20000,0.0145309269902273,-0.0014856575483806,0.5875374561183316,0.4717059589148916,550,46
C4,3,25000,0.0156531883077145,-0.0014954026745321,0.6054998776883516,0.46471116826409,550,46
C4,3,30000,0.0162754952145769,-0.0001620785698254,0.6223589912219303,0.4578403725065067,550,46
C4,3,35000,0.0168704823206507,-0.0005606574551516,0.6305500003189625,0.4463551980108973,550,46
C4,3,40000,0.0171647149638486,-0.0013383615357684,0.6297682773296172,0.4559456890239278,550,46
C4,3,45000,0.0176263825996739,-0.0016830073866405,0.628631309205462,0.4704454775956586,550,46
C4,3,50000,0.0179266947201964,-0.001979459680605,0.6242667434488552,0.4975336167593212,550,46
C4,3,55000,0.0182262699066435,-0.0020887034755231,0.6331220687649536,0.4913420020672618,550,46
C4,3,60000,0.0184338798745368,-0.0021252378128975,0.6330146714355132,0.4756200570422669,550,46
C4,3,65000,0.0186870210145814,-0.002036163865601,0.6359960318480934,0.4646879591988463,550,46
C4,3,70000,0.0188900020333616,-0.0012076589597665,0.637896528913813,0.4674571139314527,550,46
C4,3,75000,0.0191106383260989,-0.0015500708550679,0.6414231426965703,0.5285397571468662,550,46
C4,3,80000,0.0192465755941619,-0.0020011691050462,0.6494142015962022,0.5231778309856753,550,46
C4,3,85000,0.0194046409036762,-0.0026304891545513,0.6463017775740408,0.5167471465676776,550,46
C4,3,90000,0.0195420789730944,-0.0029191086799572,0.647105789755234,0.5255956028120732,550,46
C4,3,95000,0.0196581972936518,-0.0033508814289075,0.6494616096981626,0.5363908828681933,550,46
C4,3,100000,0.0197053180552987,-0.0031645601605827,0.6519325661473075,0.5623628516926716,550,46
C4,3,105000,0.0198783995941602,-0.002737322042922,0.6549482387735165,0.5568086739000376,550,46
C4,3,110000,0.0199725602228904,-0.0030437331066884,0.6571580605056995,0.5446961889400026,550,46
C4,3,115000,0.0200655989613058,-0.0026355915857521,0.6603912197876348,0.5410342963590846,550,46
C4,3,120000,0.0201722453353643,-0.002910612488302,0.6587230575800325,0.5282382776008255,550,46
C4,3,125000,0.0201459572592985,-0.0026747919993327,0.6612162904827068,0.5115611303309351,550,46
C4,3,130000,0.020264042177758,-0.0020013046782762,0.6641102408666903,0.4926985095315629,550,46
C4,3,135000,0.0203650860397048,-0.0016237959228921,0.6687320236572915,0.5098347384775103,550,46
C4,3,140000,0.0204445673382949,-0.0025595228345074,0.6705579943526678,0.5358578685047078,550,46
C4,3,145000,0.0204579547091987,-0.0031967612964241,0.6743306411942949,0.5797181236931681,550,46
C4,3,150000,0.0206005533914871,-0.0037972634579708,0.6720499121462056,0.5437621395512107,550,46
C4,3,155000,0.0206875660130081,-0.0026629215709908,0.6758428467068492,0.5297546477907729,550,46
C4,3,160000,0.0207687782724575,-0.0017261528258934,0.6802616063714516,0.5539378321303298,550,46
C4,3,165000,0.0208414127599358,-0.0013213020165351,0.6766074470570398,0.5225622218203181,550,46
C4,3,170000,0.0208891179538848,-0.0017225477168921,0.6804967014264575,0.5154620496021213,550,46
C4,3,175000,0.02090719474288,-0.0015094346557197,0.685126826797809,0.4867417272510825,550,46
C4,3,180000,0.0209429773164602,-0.0013452637872019,0.6782137572730312,0.5061868011707993,550,46
C4,3,185000,0.0210526705225453,-0.001172355647656,0.6830652359424322,0.5188397542948566,550,46
C4,3,190000,0.0211694955480409,-0.0010327345304896,0.6836135922301402,0.4837694052467594,550,46
C4,3,195000,0.0212203684146172,-0.0014484573282755,0.6875377369409307,0.4941617337138928,550,46
C4,3,200000,0.0212264812595845,-0.0018589136573039,0.6825939248833848,0.4860347420004786,550,46
C4,3,205000,0.0212662218463824,-0.0021307303266229,0.6837058403700931,0.4712513949670086,550,46
C4,3,210000,0.0211867771310495,-0.0026824428611151,0.6872347285159706,0.4839501827416647,550,46
C4,3,215000,0.0212685908353469,-0.0024172262322204,0.6865890128198844,0.4771845672727663,550,46
C4,3,220000,0.0212740782072171,-0.0024204532232512,0.6907250711306214,0.4960545721075329,550,46
C4,3,225000,0.0213142594344587,-0.0020639441046619,0.69139563070848,0.4805200985491553,550,46
C4,3,230000,0.0213560818519991,-0.0016488504130236,0.6907764445721736,0.4513115817103227,550,46
C4,3,235000,0.0213609739268304,-0.0017252903752828,0.6887213391575375,0.4194896057107128,550,46
C4,3,240000,0.0213446664959604,-0.002037382149978,0.6890631981392482,0.4261429313349843,550,46
C4,3,245000,0.0214225715190281,-0.0021984431358374,0.6892963282501773,0.4178211465119336,550,46
C4,3,250000,0.0213884472432757,-0.0022920150631987,0.6890360887213158,0.4509741674681411,550,46
C4,4,5000,0.0033122703324714,1.322899331947515e-05,0.185314645159952,0.1672402272712013,550,46
C4,4,10000,0.0100213142224991,-0.0008074912310022,0.4875236448547441,0.368891060654718,550,46
C4,4,15000,0.0130468514143473,-0.0019168493679713,0.5469515560787412,0.5326146334885498,550,46
C4,4,20000,0.014494732421442,-0.0016445264662115,0.5868165849313883,0.5419079337597303,550,46
C4,4,25000,0.0156509694992842,-0.0024040717225463,0.5959322103289951,0.5290009446253964,550,46
C4,4,30000,0.016342174307587,-0.0022669894440122,0.6093080204246033,0.5564732922960703,550,46
C4,4,35000,0.016916847037137,-0.002550594194762,0.6168820612794749,0.530459478923597,550,46
C4,4,40000,0.0173192437171458,-0.0031823100069362,0.628732504896257,0.5583541462954521,550,46
C4,4,45000,0.0176779195431797,-0.0031363997082363,0.6312888673316258,0.5802251537985907,550,46
C4,4,50000,0.0179514487573767,-0.0028378437626438,0.6335359985443748,0.556738957641159,550,46
C4,4,55000,0.0181883958541166,-0.0026615114595928,0.642353022987912,0.5598646582798369,550,46
C4,4,60000,0.0184951328334713,-0.0029105444980174,0.6507691866713741,0.5431196964833073,550,46
C4,4,65000,0.0186110055211534,-0.0023987217295617,0.6500425379929805,0.5523645946835736,550,46
C4,4,70000,0.0188760277019006,-0.0018759367887003,0.6506630060905749,0.5532551355246708,550,46
C4,4,75000,0.0189433250530912,-0.0017185689320353,0.6568379016764418,0.5510052506872701,550,46
C4,4,80000,0.0191053172388552,-0.0019461141608035,0.6562160483775685,0.5548708021132122,550,46
C4,4,85000,0.019237375636698,-0.0016878808676906,0.6596260490902612,0.5410808052950274,550,46
C4,4,90000,0.0193636392723349,-0.0015882250023203,0.6614024911648854,0.5307789778026648,550,46
C4,4,95000,0.0194962120577742,-0.0021521205942455,0.6593347396916219,0.5389069000771175,550,46
C4,4,100000,0.0195698446366101,-0.0023977851342172,0.6577935386351433,0.5308196084887411,550,46
C4,4,105000,0.019715439168055,-0.0023398597242097,0.6613306345369101,0.5362728470183941,550,46
C4,4,110000,0.019833130161251,-0.0025642413161264,0.6642645265408744,0.5547143881115991,550,46
C4,4,115000,0.0199353911993708,-0.0026202002579406,0.6704210513805159,0.5623748974979549,550,46
C4,4,120000,0.020010307019263,-0.0028512876840629,0.6716406764231065,0.5418934016775667,550,46
C4,4,125000,0.0200908133883704,-0.0028492140170651,0.6749112812570949,0.5536029123499769,550,46
C4,4,130000,0.0201745956156164,-0.0021866043091492,0.6779285435953912,0.5316586981940651,550,46
C4,4,135000,0.0202452656410017,-0.0019675264114322,0.6755767182108672,0.5088784161226286,550,46
C4,4,140000,0.0203534338489441,-0.0021008773731993,0.676643187558566,0.5287255547750768,550,46
C4,4,145000,0.0204450432287568,-0.002094438266823,0.6785874426630072,0.5337037436236589,550,46
C4,4,150000,0.0204819572305239,-0.0018378602912257,0.6777516911031373,0.5546263073342893,550,46
C4,4,155000,0.020491518400536,-0.0023944753070319,0.6774593294861314,0.528679649501962,550,46
C4,4,160000,0.0205757037318919,-0.002381234222014,0.6757945375687157,0.5497881295955823,550,46
C4,4,165000,0.020651732453578,-0.0021067486719105,0.6781015917046602,0.5643502827937685,550,46
C4,4,170000,0.020788051136395,-0.0029399068348848,0.6806869869084393,0.5733637040851124,550,46
C4,4,175000,0.0208635724606215,-0.0028089638508584,0.6826375457910581,0.5795196239614693,550,46
C4,4,180000,0.0208571293929185,-0.0029357055522241,0.684674184390281,0.5772891304617752,550,46
C4,4,185000,0.0209273867882176,-0.0026895135091033,0.6820262008476009,0.5513819345244216,550,46
C4,4,190000,0.0208419648817193,-0.0025766030146273,0.6860991389516351,0.5668450404643952,550,46
C4,4,195000,0.0210326935101158,-0.0022614427802466,0.6807453664781703,0.5755887737771911,550,46
C4,4,200000,0.0211117329273789,-0.0023696642366495,0.6827080912906772,0.5842561545467541,550,46
C4,4,205000,0.0210860141227526,-0.0020969074967421,0.6815319550146272,0.5789824420727002,550,46
C4,4,210000,0.0211456732572052,-0.0017393936579843,0.6841267258251366,0.5599657443664984,550,46
C4,4,215000,0.0212032954297919,-0.0014297581738857,0.6842856157048659,0.5513941216399888,550,46
C4,4,220000,0.0212107465366845,-0.0019009032809074,0.6810172107555017,0.5520634111779249,550,46
C4,4,225000,0.0212461465457785,-0.0017086740013088,0.6826040154478648,0.5631849003694887,550,46
C4,4,230000,0.0212270077460893,-0.0016415192314926,0.6810950075350836,0.5420133850162635,550,46
C4,4,235000,0.021232923130213,-0.0019503151157809,0.6849009388899734,0.5635304511241526,550,46
C4,4,240000,0.0213260532191549,-0.0017221428302355,0.6809245095764064,0.565768345307543,550,46
C4,4,245000,0.0211527892559145,-0.0017403789254211,0.6847628249893656,0.5468199786201616,550,46
C4,4,250000,0.0213383166029987,-0.001600173688701,0.6879160275233045,0.5255596899888166,550,46
C4,5,5000,0.0034796042527618,-0.0007408505829912,0.1568416099134455,0.1529431364403477,550,46
C4,5,10000,0.0101133143350102,-0.0017532502006086,0.5135440562181084,0.3837769193072332,550,46
C4,5,15000,0.0130863902185714,-0.0010119154277106,0.5792491484116474,0.4932269855407976,550,46
C4,5,20000,0.0146505511981191,-0.0003746446894737,0.5998423163235488,0.4812924382752434,550,46
C4,5,25000,0.0157414246278569,-0.0011416971578618,0.6115401601308184,0.5243702556503617,550,46
C4,5,30000,0.0166202413148221,-0.0001995014640789,0.6208626135728715,0.5369331739877634,550,46
C4,5,35000,0.0170599845906924,-0.0005131481192731,0.6201660138082626,0.5293396349481402,550,46
C4,5,40000,0.0174047967216273,-0.0007819808809844,0.6273220846906855,0.5104532508859875,550,46
C4,5,45000,0.0177663232130659,-0.0010688707904498,0.6353527261822682,0.5130440309362951,550,46
C4,5,50000,0.0180288773998241,-0.0011142431411232,0.6378945258369885,0.5096458107539282,550,46
C4,5,55000,0.0182742371280488,-0.0012800202024651,0.6380697148938212,0.508016808934776,550,46
C4,5,60000,0.0185132487578569,-0.0011965952888746,0.640883902699504,0.4663295387075406,550,46
C4,5,65000,0.0186232012998086,-0.0017419221940763,0.6424586553286634,0.5023021082398811,550,46
C4,5,70000,0.018761222800005,-0.0018802145420157,0.6485968530674656,0.5070636853418892,550,46
C4,5,75000,0.0190314301047334,-0.001853653268506,0.6453852055631126,0.49632207773056,550,46
C4,5,80000,0.0191202699424579,-0.0017398041524441,0.6451112087964014,0.4877633910546253,550,46
C4,5,85000,0.0192437048429445,-0.0017082402394017,0.652510715907017,0.4809131372369665,550,46
C4,5,90000,0.0193596484295654,-0.0023531142570181,0.6550157117864965,0.4651214390278734,550,46
C4,5,95000,0.0194954578227325,-0.002245091857357,0.6557118906287825,0.4905239808348957,550,46
C4,5,100000,0.0196295212312041,-0.002462935507318,0.6605995791510103,0.4895321225385716,550,46
C4,5,105000,0.0197217835214602,-0.0026383607166821,0.6595912328606996,0.5133258443864059,550,46
C4,5,110000,0.0198396342288688,-0.0026893667891326,0.6600279067798551,0.5137881781247965,550,46
C4,5,115000,0.0199691261255554,-0.0027639168912703,0.6693664010980055,0.5240150665844885,550,46
C4,5,120000,0.020102939385588,-0.0028792276458185,0.6712191676071143,0.5065494678233237,550,46
C4,5,125000,0.0200614827702689,-0.0032957987603452,0.6712294102105419,0.505851143163869,550,46
C4,5,130000,0.0202327157953668,-0.0038628969247639,0.6807046220507648,0.5064024634185992,550,46
C4,5,135000,0.0203083314003452,-0.0047827718588656,0.6776705044616863,0.5081480832310021,550,46
C4,5,140000,0.0203341125664675,-0.0048207621431366,0.6858892120968462,0.5051796599835656,550,46
C4,5,145000,0.020508438476556,-0.004607191506291,0.6889578765978068,0.5212620793266891,550,46
C4,5,150000,0.0205337120153095,-0.0044637685159098,0.6886948345835042,0.5279417529535929,550,46
C4,5,155000,0.0206423310514287,-0.0046552897358434,0.6913445791450218,0.5218535324283133,550,46
C4,5,160000,0.0206379930483205,-0.0052246157208142,0.6895592807775286,0.5363022932337577,550,46
C4,5,165000,0.0207710451470964,-0.0048341457082523,0.6904832327632725,0.5169660182578101,550,46
C4,5,170000,0.020825508372552,-0.0045293876336465,0.693210178935617,0.5430672051850517,550,46
C4,5,175000,0.0208963221982952,-0.0046597604530266,0.6928592006380533,0.5311226423220993,550,46
C4,5,180000,0.0208570143476615,-0.004363529058681,0.6885730443975326,0.5307104478135851,550,46
C4,5,185000,0.0210453950889461,-0.0042566208447772,0.691169747136997,0.514950126060878,550,46
C4,5,190000,0.0210900383254868,-0.0040112674144205,0.696501341210963,0.480647269659285,550,46
C4,5,195000,0.0211786198445815,-0.0038284272609429,0.6932349772841302,0.4953416961899519,550,46
C4,5,200000,0.0211177707906079,-0.0036575429234549,0.6904795844299356,0.5428180731549884,550,46
C4,5,205000,0.0212222562731577,-0.0040635879206893,0.6907475022752173,0.529390482082777,550,46
C4,5,210000,0.0212137376978604,-0.0035785170287928,0.6908096237727337,0.5065242490962664,550,46
C4,5,215000,0.0213063096435228,-0.0035109556822541,0.6898803916821883,0.4719216192757239,550,46
C4,5,220000,0.0212594442166173,-0.0035670133426863,0.6888300950854607,0.4893646355351612,550,46
C4,5,225000,0.0213898707934021,-0.0034930956687907,0.6905448983711721,0.4835257799898375,550,46
C4,5,230000,0.0213743664692254,-0.0039048410527217,0.6917822358762444,0.4640164626381374,550,46
C4,5,235000,0.0214443272796859,-0.0038666541555611,0.6894910316699421,0.5103717366722267,550,46
C4,5,240000,0.0214540932296027,-0.0035305213250227,0.6872991250735139,0.4935429249220022,550,46
C4,5,245000,0.0214898451190576,-0.0033133006151551,0.6913867764483106,0.5139875666882583,550,46
C4,5,250000,0.0214917411964093,-0.0036257334293145,0.6906692099083478,0.524385214962921,550,46
C4,6,5000,0.0033466663785576,-0.000324409945781,0.1877276249651137,0.1785825555851426,550,46
C4,6,10000,0.0096233865263047,-0.0005854927558178,0.4994566084068456,0.4488016648205639,550,46
C4,6,15000,0.012290846315495,-0.0016048038143994,0.5711393698507993,0.5119499309732501,550,46
C4,6,20000,0.0140133134813681,-0.000728977388659,0.6058765631968408,0.5546097344170341,550,46
C4,6,25000,0.015450172131866,-0.0023777343528714,0.6212350754326665,0.5293689202114332,550,46
C4,6,30000,0.0163321053471683,-0.0026766089779262,0.6315841019799843,0.5378834454744056,550,46
C4,6,35000,0.016958096086381,-0.0018434058268029,0.638310618660455,0.5567500128716322,550,46
C4,6,40000,0.0172593770881903,-0.0020167449780488,0.6463093615942883,0.505378410368403,550,46
C4,6,45000,0.0177543287037407,-0.0013515888469133,0.6473333259977188,0.4943913236896549,550,46
C4,6,50000,0.0180053694461455,-0.001384556980735,0.6461002713291507,0.509471539798012,550,46
C4,6,55000,0.0182631447570371,-0.0019021894919956,0.6518603222061903,0.5206401427250155,550,46
C4,6,60000,0.0185061281550925,-0.0014829685458298,0.6522223881313829,0.4972680353064501,550,46
C4,6,65000,0.0186863643033577,-0.0018786104360333,0.6506893990493061,0.5193268531905183,550,46
C4,6,70000,0.0188621795371659,-0.0015205571468537,0.6530561414412239,0.5033162889390919,550,46
C4,6,75000,0.0190760448752625,-0.0011139198608837,0.6576494205100147,0.5270807964041299,550,46
C4,6,80000,0.0191569827610575,-0.0012347763914405,0.657805713701721,0.5196315119754555,550,46
C4,6,85000,0.0192349039758475,-0.0013441194218393,0.6593026576163108,0.5264950130523799,550,46
C4,6,90000,0.0193845735815517,-0.0016791355064055,0.6587677844001011,0.5242885133949362,550,46
C4,6,95000,0.019464795902743,-0.0017168423616476,0.6624599651847131,0.5274676062037083,550,46
C4,6,100000,0.0195822183000778,-0.0013406052335772,0.6583164656755163,0.5226221917407969,550,46
C4,6,105000,0.0197730891891485,-0.0011087780058173,0.6631495952017067,0.5278571445523289,550,46
C4,6,110000,0.0198872972290904,-0.0012241863399437,0.6621322557947814,0.4938459434185456,550,46
C4,6,115000,0.0200003522825294,-0.0009242697844216,0.6641261062153722,0.5026266385008492,550,46
C4,6,120000,0.020098898031379,-0.0012946525442263,0.6648459133149607,0.5427838953090026,550,46
C4,6,125000,0.0201467119100598,-0.0013592246131958,0.6581116912990015,0.5559957570786012,550,46
C4,6,130000,0.0201767810046548,-0.0007191260738534,0.6601382269316345,0.5626760387594085,550,46
C4,6,135000,0.0202285423655245,-0.0012552999986044,0.6662861065304903,0.5706160441225765,550,46
C4,6,140000,0.0202897026841797,-0.000608735387503,0.667918406024834,0.5762402038234445,550,46
C4,6,145000,0.0203638950488975,-1.7604844605389648e-05,0.6673403679326608,0.5535065347341219,550,46
C4,6,150000,0.020565411576863,-0.0005106688136939,0.6694298232319533,0.5722737392464873,550,46
C4,6,155000,0.0205474856233287,-0.0002257920002715,0.6669085277469313,0.5622694119487793,550,46
C4,6,160000,0.0206845050925995,-0.0002619583708606,0.6681656065765058,0.5962984205403616,550,46
C4,6,165000,0.0206901506402136,-0.0002300405167911,0.6707776323538257,0.5725315938858084,550,46
C4,6,170000,0.0208108982610457,-0.0010782821110261,0.6737645033245655,0.5706175521088422,550,46
C4,6,175000,0.020799099071278,-0.0008625792277321,0.6695959000204874,0.5901727629719464,550,46
C4,6,180000,0.020842538120844,-0.0008686366721962,0.6761467992829564,0.5625279513178547,550,46
C4,6,185000,0.0209123600490808,-0.0017668908681867,0.6738939447369638,0.5688035856520645,550,46
C4,6,190000,0.0210009955793838,-0.0017124131148621,0.6764729740011376,0.5651319743182803,550,46
C4,6,195000,0.0210432003232406,-0.0016933174314871,0.6774135471536529,0.5623149656621247,550,46
C4,6,200000,0.0210296433202543,-0.0009910899481046,0.6755490502411686,0.5616603983182292,550,46
C4,6,205000,0.0211131865811189,-0.0005133677498262,0.6762441121847416,0.5744695343515641,550,46
C4,6,210000,0.0211355066370588,-0.0002466260271204,0.6739554419931972,0.5975401900690744,550,46
C4,6,215000,0.021148022866728,-0.0006638656799385,0.6785191905875043,0.5992756183357463,550,46
C4,6,220000,0.0211167779852312,-0.0004936147980383,0.6797223958750798,0.6048307815090268,550,46
C4,6,225000,0.0212884755512979,-0.0005176284562522,0.6826667076806138,0.5798314479844366,550,46
C4,6,230000,0.0212717741331209,-0.0003407785997692,0.6849800974898835,0.5897348587297446,550,46
C4,6,235000,0.021315887172177,-0.00039607888172,0.6853820792549424,0.5901188701054195,550,46
C4,6,240000,0.0213442720312536,-0.0002345197260311,0.6846562316554301,0.552557529847124,550,46
C4,6,245000,0.0212840133524525,-0.0003386439997805,0.6825827415050769,0.5372098604421806,550,46
C4,6,250000,0.0214113099127802,-0.0006958286314801,0.6838229238434944,0.5576579339715437,550,46
C4,7,5000,0.0035323585587722,-0.0007005822173871,0.1919740260386275,0.1899181522690786,550,46
C4,7,10000,0.0103890822866804,-0.0005583122800749,0.509804191321045,0.4111474972879951,550,46
C4,7,15000,0.0133300285445166,-0.001759431407179,0.5697831460928244,0.409449682908528,550,46
C4,7,20000,0.0149167402223889,-0.0028866459832191,0.5779177577307493,0.4164259568160168,550,46
C4,7,25000,0.015695517146354,-0.0029629246616944,0.5915743847936915,0.4445552840003321,550,46
C4,7,30000,0.0164490689354129,-0.0034340095950724,0.6008092737386718,0.5413018714924617,550,46
C4,7,35000,0.0169986565883331,-0.0026223028407938,0.6104196115688194,0.5033417262606326,550,46
C4,7,40000,0.0175282753956201,-0.0024995950845407,0.611968243649675,0.5084338429426191,550,46
C4,7,45000,0.017882293986841,-0.0022869774326651,0.6276491836073742,0.5089040639195082,550,46
C4,7,50000,0.018124604742074,-0.001419595209768,0.6257449646103125,0.5146857811019455,550,46
C4,7,55000,0.0185147655561919,-0.0004982869852639,0.6300665936806024,0.4929109532936028,550,46
C4,7,60000,0.018640507890963,0.0001730260528654,0.6322213172995339,0.480066002839129,550,46
C4,7,65000,0.0188726495782708,1.8949272833246397e-05,0.6330114190898813,0.4740348423718544,550,46
C4,7,70000,0.0189701130647006,-7.224513804156945e-05,0.6322157164494461,0.4571330076042288,550,46
C4,7,75000,0.0191321997228576,-0.0004974169938325,0.6369011799585416,0.4807428216271692,550,46
C4,7,80000,0.0192793182743683,-0.0001504884366245,0.6353372382608897,0.5218501393723091,550,46
C4,7,85000,0.0193770845546202,-0.0004307023989533,0.640238532025429,0.5574926590548186,550,46
C4,7,90000,0.0195014910555042,-0.0003634974674595,0.6451313480122554,0.5397519291636974,550,46
C4,7,95000,0.019546347706378,5.996582664883806e-06,0.6433690936725844,0.5500040453173907,550,46
C4,7,100000,0.0195843941704628,-0.0002693000674608,0.644669099280843,0.5497083305206201,550,46
C4,7,105000,0.0196620884233799,-0.0004936161057295,0.6465948130589255,0.569866825502019,550,46
C4,7,110000,0.0197834641373508,-0.0009649428998012,0.6501827782531704,0.5566528586926504,550,46
C4,7,115000,0.0199356356939548,-0.0009322057590932,0.6559650725629622,0.5566130615236602,550,46
C4,7,120000,0.0199986245714292,-0.001101506616697,0.6602793719050832,0.5465978685999893,550,46
C4,7,125000,0.0201562066559045,-0.0018897057582439,0.658836712160323,0.53050522028454,550,46
C4,7,130000,0.0201566116556529,-0.0019915800112165,0.6665183562288942,0.5170089303665111,550,46
C4,7,135000,0.020247815658511,-0.0014695922621596,0.6644615673125083,0.4952786218414541,550,46
C4,7,140000,0.0203169043740066,-0.0011956362040113,0.6638788364122256,0.4938083248667917,550,46
C4,7,145000,0.0203910159634597,-0.001133758578698,0.6670132327406179,0.4895885671804834,550,46
C4,7,150000,0.0205106485426299,-0.001344863519949,0.6685853935654416,0.4779915373244881,550,46
C4,7,155000,0.0205940147019582,-0.0012193358186159,0.6699595766290106,0.5072227632684542,550,46
C4,7,160000,0.0206820695340307,-0.0010740868217282,0.6722773383604462,0.5056555346706564,550,46
C4,7,165000,0.0207145062089513,-0.0016057572797925,0.6722147085969545,0.5123027188079514,550,46
C4,7,170000,0.0208955574321843,-0.001422536046147,0.6705509043681673,0.5068200369635908,550,46
C4,7,175000,0.0208689556030471,-0.0012767287496647,0.6731360688137307,0.5139233403579933,550,46
C4,7,180000,0.0209372947779812,-0.000254333581559,0.671889168259919,0.5101256153315098,550,46
C4,7,185000,0.0209341710181848,-0.0005864655312277,0.6738572523255473,0.5179426794555938,550,46
C4,7,190000,0.0209813569795157,-0.0008685452753161,0.673285513336637,0.5207319550671317,550,46
C4,7,195000,0.0210150023992013,-0.0012706374883864,0.6697701277852638,0.4884653842348231,550,46
C4,7,200000,0.021056113260927,-0.0011572369101552,0.6692707975010183,0.5147277278874025,550,46
C4,7,205000,0.021177312486931,-0.0011378838638597,0.6775283253722045,0.5090566169448995,550,46
C4,7,210000,0.02118112864968,-0.0010834034307099,0.6807825647622144,0.480233438443819,550,46
C4,7,215000,0.0212495216183064,-0.0008166109008894,0.6820179851162508,0.475288577470813,550,46
C4,7,220000,0.0212563367354954,-0.0006200853808866,0.679270923327266,0.4598583528854628,550,46
C4,7,225000,0.0213028768828769,-0.0002207688052173,0.6824220876824518,0.5035461548637434,550,46
C4,7,230000,0.0213645123536462,-0.0008143721035464,0.6799109291679161,0.5128480591965424,550,46
C4,7,235000,0.021295614056014,-0.000783433854132,0.6833568193751004,0.5181699736512447,550,46
C4,7,240000,0.0213490191753798,-0.0008284148639895,0.6852261704712982,0.5044703680137083,550,46
C4,7,245000,0.021352289667534,-0.0019015676792843,0.683456738949856,0.5047285173307491,550,46
C4,7,250000,0.0213740939250095,-0.0012022470371784,0.6835303061439522,0.5199708444083341,550,46
C4,8,5000,0.0049905667063021,-0.0003836493157421,0.2343504862212471,0.204664012198128,550,46
C4,8,10000,0.0102122337537364,-0.0008664003082751,0.4912578831989853,0.3872595112554759,550,46
C4,8,15000,0.0125533413452862,-0.0022752166296992,0.5602749151087665,0.448538551956549,550,46
C4,8,20000,0.014198863295016,-0.0022136710218353,0.5926594410819286,0.4411520430797847,550,46
C4,8,25000,0.0153194922012912,-0.0020227098849322,0.6184734722266265,0.409574556416606,550,46
C4,8,30000,0.0162477447744018,-0.0019370474652275,0.6288122589221856,0.4138475892719194,550,46
C4,8,35000,0.0168177047632504,-0.002342599120162,0.6360221911038194,0.4193142418304155,550,46
C4,8,40000,0.017333982638522,-0.0026284426538449,0.6379638574163794,0.4272915133634854,550,46
C4,8,45000,0.0177389273276435,-0.0023685688392866,0.6410027918462856,0.4630819451072285,550,46
C4,8,50000,0.0179951802512715,-0.0025436746769254,0.6451919100889728,0.4552102837742299,550,46
C4,8,55000,0.0183322130116876,-0.0022683921014255,0.6487201926482163,0.4135328998461017,550,46
C4,8,60000,0.0186092135014487,-0.0022055164912984,0.6531287469226806,0.4256470628925239,550,46
C4,8,65000,0.0187571401694247,-0.001832279496056,0.6572629893452394,0.4339870321448081,550,46
C4,8,70000,0.0188515988220557,-0.0023040274951605,0.6560963037706425,0.4368677194586694,550,46
C4,8,75000,0.0190478496068855,-0.0027111927005377,0.6618181197016375,0.4540856955384031,550,46
C4,8,80000,0.0191410232761513,-0.0029968547946211,0.6572741638450361,0.4602801040365901,550,46
C4,8,85000,0.0192788335421104,-0.0029866958503065,0.6590649543430064,0.4732404042609257,550,46
C4,8,90000,0.0194596686704661,-0.0021394712861533,0.6641762581455458,0.4754774625180739,550,46
C4,8,95000,0.0195415216354393,-0.0020703403696529,0.6637277969234702,0.4545375482948961,550,46
C4,8,100000,0.0195987821698009,-0.0022916818094325,0.663871775742866,0.4682213851599249,550,46
C4,8,105000,0.019688381906797,-0.0021595386008186,0.661429840247964,0.4552060641321812,550,46
C4,8,110000,0.0198550627747371,-0.0023522432742326,0.6654921068670733,0.4509740040732895,550,46
C4,8,115000,0.0199101240891145,-0.0030006498933106,0.6666511330979378,0.457404184635526,550,46
C4,8,120000,0.0200688995919655,-0.0025018558355182,0.6696898877655806,0.4595279519428721,550,46
C4,8,125000,0.0201775504459025,-0.0029780498494843,0.6752912999997501,0.4857975272256323,550,46
C4,8,130000,0.0201983467029729,-0.0036592079234676,0.674513861959828,0.5039159098657376,550,46
C4,8,135000,0.0202930468114125,-0.0039306175492314,0.6712213058839263,0.4991696260260507,550,46
C4,8,140000,0.0203363645802708,-0.0035245997419103,0.6770454403132917,0.480156727598366,550,46
C4,8,145000,0.0204545352416237,-0.0038381494221939,0.6747107992650011,0.5104402575794231,550,46
C4,8,150000,0.0205281547556605,-0.0038130409129432,0.6805606189139178,0.527563622556264,550,46
C4,8,155000,0.0206628109604866,-0.0041551377481626,0.6768732914258822,0.5348705282380195,550,46
C4,8,160000,0.0206761104300102,-0.0038847940663074,0.6833655874161336,0.5226744185845545,550,46
C4,8,165000,0.0207433900238553,-0.0040292843750574,0.6793073110966791,0.4812492864117922,550,46
C4,8,170000,0.0209086709162854,-0.004402097039842,0.6808668775577065,0.4846889215243527,550,46
C4,8,175000,0.0209447742559899,-0.0043390668518327,0.6831986740232346,0.474286340344975,550,46
C4,8,180000,0.0210202749132701,-0.0042392815925899,0.6867765288572824,0.4859287975924496,550,46
C4,8,185000,0.0210218773530399,-0.0038779040595291,0.6889752692330717,0.4514518635845606,550,46
C4,8,190000,0.021119761858134,-0.0033975070672656,0.6884605865343454,0.4470695496125463,550,46
C4,8,195000,0.0211198662250219,-0.0030277650075675,0.689100968129436,0.4605070691848873,550,46
C4,8,200000,0.021195735491002,-0.0034615818945014,0.6928746773960401,0.4794435203202404,550,46
C4,8,205000,0.021274281502712,-0.0030526827378453,0.691556135815333,0.4657458970636416,550,46
C4,8,210000,0.0213159302234435,-0.0031905850460894,0.6890030611987018,0.4670702204431036,550,46
C4,8,215000,0.0213118776283392,-0.0037637324171374,0.6890181328838736,0.4849147720737294,550,46
C4,8,220000,0.0212893578063785,-0.0038654783829671,0.6895109585977559,0.4832766067096579,550,46
C4,8,225000,0.0213893518644455,-0.0036339927890358,0.6903000561237478,0.4744008754575974,550,46
C4,8,230000,0.0213435467779952,-0.0033001935004181,0.6884817613234305,0.4787028192917594,550,46
C4,8,235000,0.0213993178437258,-0.0028265913533518,0.6904001795159644,0.4781555048687911,550,46
C4,8,240000,0.0214035634402767,-0.0028372584486699,0.6891366323459241,0.5024834140234623,550,46
C4,8,245000,0.0213727540857327,-0.0025174962373074,0.6913689425943456,0.5073452206367689,550,46
C4,8,250000,0.0214281406976485,-0.0022864201770151,0.6981583091343498,0.5326607421990449,550,46
C4,9,5000,0.0031021721768122,-0.0007665699518615,0.1799180485298774,0.1682085701282394,550,46
C4,9,10000,0.0096496400546157,-0.00124836104191,0.4829679233079517,0.3906930948350141,550,46
C4,9,15000,0.0127632116599606,-0.0027024510091868,0.5657244935772453,0.5504971077894443,550,46
C4,9,20000,0.0147009668127706,-0.0038158446369366,0.5927236583833628,0.520580926599855,550,46
C4,9,25000,0.0158284324741503,-0.0044197016009018,0.6120079702333983,0.5532109918766137,550,46
C4,9,30000,0.0167795501412267,-0.0038414376757647,0.629777928648379,0.5261266950171297,550,46
C4,9,35000,0.0172167878088096,-0.003165739399251,0.6235172624461777,0.5482854003438103,550,46
C4,9,40000,0.0176301394572173,-0.0031248243565554,0.6259255290740385,0.5252827942956132,550,46
C4,9,45000,0.018089363698486,-0.0035172529418729,0.6327614081336349,0.561284986125524,550,46
C4,9,50000,0.0184096947138408,-0.0036112525946825,0.6338294320280787,0.5435885584258915,550,46
C4,9,55000,0.0187270891455221,-0.0031634323941074,0.6374367226007681,0.5528830784925056,550,46
C4,9,60000,0.0189588654220727,-0.0032806770573171,0.6393181762861838,0.5667776396287888,550,46
C4,9,65000,0.0191324731827249,-0.0034467672059206,0.6401390357396837,0.5573937208490465,550,46
C4,9,70000,0.0192917295268475,-0.0033895804243659,0.6434222124436952,0.5187364948930321,550,46
C4,9,75000,0.0193943412347177,-0.0031697678630136,0.649483958769785,0.4996779712113564,550,46
C4,9,80000,0.0195312007000513,-0.0032768222787057,0.6487451198856524,0.4812123165658949,550,46
C4,9,85000,0.0196046239389615,-0.0034139090839793,0.6515035361339303,0.462822508897838,550,46
C4,9,90000,0.0197071628092962,-0.003501811118903,0.6509958054585426,0.4812836875965474,550,46
C4,9,95000,0.019817511489217,-0.0032215627107912,0.6489366740547086,0.4588735972127689,550,46
C4,9,100000,0.0199374980866207,-0.0024184793053198,0.6529515368159202,0.460423154681808,550,46
C4,9,105000,0.0199663104730571,-0.0021539464068902,0.651280328403184,0.4996082152040364,550,46
C4,9,110000,0.020098941341633,-0.0018245944693677,0.654593925301391,0.4873688900359255,550,46
C4,9,115000,0.020200770676185,-0.0018439185525172,0.6591852811840454,0.5029226262179446,550,46
C4,9,120000,0.0203501178713744,-0.0016758230829744,0.661884326575588,0.5075528121172891,550,46
C4,9,125000,0.0204292583759845,-0.0021386437100422,0.6624964087750169,0.5204419516464074,550,46
C4,9,130000,0.0203627615667068,-0.0019659315744838,0.6661322610944823,0.5411456187707954,550,46
C4,9,135000,0.0205251835645558,-0.0017812008661642,0.6711862679682601,0.5507140870524498,550,46
C4,9,140000,0.0205558190986605,-0.0018734055177927,0.669698977607371,0.5836671322896089,550,46
C4,9,145000,0.0205472122431947,-0.0016792312867571,0.6724254282012061,0.5920431977709921,550,46
C4,9,150000,0.0203534523237919,-0.0012272663696381,0.670861673719239,0.6014838696840246,550,46
C4,9,155000,0.0207168728559793,-0.0012024810862597,0.6714596425926417,0.5984587899077585,550,46
C4,9,160000,0.0207917807107421,-0.0009045269390796,0.6753820066594567,0.5617032293774173,550,46
C4,9,165000,0.0209209896714143,-0.0005489790647421,0.6786774725043243,0.6020593056622491,550,46
C4,9,170000,0.021012409422908,-0.0006158783760129,0.6836283650615715,0.6078319229160254,550,46
C4,9,175000,0.0210235015926894,-0.0003922788796752,0.6787886918636117,0.5895678131320105,550,46
C4,9,180000,0.0209973436221969,-2.228162698339061e-05,0.6824242943970856,0.5972170107903889,550,46
C4,9,185000,0.0210064013536912,0.0001872438299765,0.6803848261833023,0.5937957008334103,550,46
C4,9,190000,0.0210687535089455,-0.0003650607667312,0.6810118952809006,0.6054799315286516,550,46
C4,9,195000,0.0211089138862964,-0.0004405747053577,0.6801512509156521,0.6057467617983141,550,46
C4,9,200000,0.0211561391601788,-0.000577057042379,0.6795477555814112,0.621739984695738,550,46
C4,9,205000,0.0213026328598889,-0.0012238071375585,0.6810614007098859,0.6106159012510085,550,46
C4,9,210000,0.0213011511859486,-0.0006959923875567,0.679488132985259,0.617172847428294,550,46
C4,9,215000,0.0212651101197469,-0.0014812642295556,0.6809219460863627,0.6163494526707659,550,46
C4,9,220000,0.021344300615494,-0.0015534474182928,0.6878278731232741,0.6052762173513677,550,46
C4,9,225000,0.0214126459736701,-0.0015287900416983,0.6873370420116763,0.6147175103116309,550,46
C4,9,230000,0.0214267887593452,-0.0017321605501325,0.6862349825871629,0.6200136203887819,550,46
C4,9,235000,0.0213643575880572,-0.0015421833159695,0.6867235167862834,0.6151973205188337,550,46
C4,9,240000,0.021411076467069,-0.0008064223600071,0.6863132206202508,0.6229284273166783,550,46
C4,9,245000,0.0214596322625167,-0.0008389559910337,0.6900674035660599,0.5926677765170999,550,46
C4,9,250000,0.0213449381102839,-0.0017244136742487,0.6853300626824266,0.6064775950827205,550,46
