fold_index,apply_start,apply_end,restart_seed,restart_degenerate,state,bound,value,threshold,fails
150,2019-07-01,2019-07-31,298041735,True,0,expected_duration_days,11.442217050098865,5.0,False
150,2019-07-01,2019-07-31,298041735,True,0,stationary_prob,0.17373008507934654,0.02,False
150,2019-07-01,2019-07-31,298041735,True,1,expected_duration_days,1.2272135200640184,5.0,True
150,2019-07-01,2019-07-31,298041735,True,1,stationary_prob,0.09927786095135292,0.02,False
150,2019-07-01,2019-07-31,298041735,True,2,expected_duration_days,3.302575981419264,5.0,True
150,2019-07-01,2019-07-31,298041735,True,2,stationary_prob,0.5595137291671024,0.02,False
150,2019-07-01,2019-07-31,298041735,True,3,expected_duration_days,1.2401488846218829,5.0,True
150,2019-07-01,2019-07-31,298041735,True,3,stationary_prob,0.16747832480219807,0.02,False
150,2019-07-01,2019-07-31,901161385,True,0,expected_duration_days,1.8599330092727073,5.0,True
150,2019-07-01,2019-07-31,901161385,True,0,stationary_prob,0.042405625580496535,0.02,False
150,2019-07-01,2019-07-31,901161385,True,1,expected_duration_days,1.6170827437881032,5.0,True
150,2019-07-01,2019-07-31,901161385,True,1,stationary_prob,0.17404188005175764,0.02,False
150,2019-07-01,2019-07-31,901161385,True,2,expected_duration_days,4.800509940381683,5.0,True
150,2019-07-01,2019-07-31,901161385,True,2,stationary_prob,0.5131241211695964,0.02,False
150,2019-07-01,2019-07-31,901161385,True,3,expected_duration_days,10.909725829125868,5.0,False
150,2019-07-01,2019-07-31,901161385,True,3,stationary_prob,0.27042837319814944,0.02,False
150,2019-07-01,2019-07-31,586967790,True,0,expected_duration_days,1.521798251903517,5.0,True
150,2019-07-01,2019-07-31,586967790,True,0,stationary_prob,0.1250816409412788,0.02,False
150,2019-07-01,2019-07-31,586967790,True,1,expected_duration_days,1.9979634111583702,5.0,True
150,2019-07-01,2019-07-31,586967790,True,1,stationary_prob,0.05923021157158228,0.02,False
150,2019-07-01,2019-07-31,586967790,True,2,expected_duration_days,7.948703558277127,5.0,False
150,2019-07-01,2019-07-31,586967790,True,2,stationary_prob,0.26594945704567463,0.02,False
150,2019-07-01,2019-07-31,586967790,True,3,expected_duration_days,6.677143235557148,5.0,False
150,2019-07-01,2019-07-31,586967790,True,3,stationary_prob,0.5497386904414643,0.02,False
150,2019-07-01,2019-07-31,1154248666,True,0,expected_duration_days,11.690360978866947,5.0,False
150,2019-07-01,2019-07-31,1154248666,True,0,stationary_prob,0.26613305667542553,0.02,False
150,2019-07-01,2019-07-31,1154248666,True,1,expected_duration_days,1.67062600441168,5.0,True
150,2019-07-01,2019-07-31,1154248666,True,1,stationary_prob,0.057850710188183926,0.02,False
150,2019-07-01,2019-07-31,1154248666,True,2,expected_duration_days,3.9120308653338887,5.0,True
150,2019-07-01,2019-07-31,1154248666,True,2,stationary_prob,0.5034935266448535,0.02,False
150,2019-07-01,2019-07-31,1154248666,True,3,expected_duration_days,1.4177843262118428,5.0,True
150,2019-07-01,2019-07-31,1154248666,True,3,stationary_prob,0.17252270649153703,0.02,False
150,2019-07-01,2019-07-31,24392807,True,0,expected_duration_days,1.9979709446729106,5.0,True
150,2019-07-01,2019-07-31,24392807,True,0,stationary_prob,0.05922994695315783,0.02,False
150,2019-07-01,2019-07-31,24392807,True,1,expected_duration_days,7.9487852105761,5.0,False
150,2019-07-01,2019-07-31,24392807,True,1,stationary_prob,0.26594892039381346,0.02,False
150,2019-07-01,2019-07-31,24392807,True,2,expected_duration_days,1.5217973259441957,5.0,True
150,2019-07-01,2019-07-31,24392807,True,2,stationary_prob,0.12508170102478894,0.02,False
150,2019-07-01,2019-07-31,24392807,True,3,expected_duration_days,6.677153089688939,5.0,False
150,2019-07-01,2019-07-31,24392807,True,3,stationary_prob,0.5497394316282398,0.02,False
151,2019-08-01,2019-08-30,1292546985,True,0,expected_duration_days,6.62463287642862,5.0,False
151,2019-08-01,2019-08-30,1292546985,True,0,stationary_prob,0.5506844222868996,0.02,False
151,2019-08-01,2019-08-30,1292546985,True,1,expected_duration_days,1.9986399184360053,5.0,True
151,2019-08-01,2019-08-30,1292546985,True,1,stationary_prob,0.05887965919407168,0.02,False
151,2019-08-01,2019-08-30,1292546985,True,2,expected_duration_days,7.912980243023243,5.0,False
151,2019-08-01,2019-08-30,1292546985,True,2,stationary_prob,0.26413080223220525,0.02,False
151,2019-08-01,2019-08-30,1292546985,True,3,expected_duration_days,1.5194832450192979,5.0,True
151,2019-08-01,2019-08-30,1292546985,True,3,stationary_prob,0.12630511628682342,0.02,False
151,2019-08-01,2019-08-30,1349251494,True,0,expected_duration_days,1.85895045854174,5.0,True
151,2019-08-01,2019-08-30,1349251494,True,0,stationary_prob,0.04204201284407212,0.02,False
151,2019-08-01,2019-08-30,1349251494,True,1,expected_duration_days,10.949622522743713,5.0,False
151,2019-08-01,2019-08-30,1349251494,True,1,stationary_prob,0.2684960217111411,0.02,False
151,2019-08-01,2019-08-30,1349251494,True,2,expected_duration_days,4.728842574436146,5.0,True
151,2019-08-01,2019-08-30,1349251494,True,2,stationary_prob,0.5125547191157303,0.02,False
151,2019-08-01,2019-08-30,1349251494,True,3,expected_duration_days,1.6199057250991338,5.0,True
151,2019-08-01,2019-08-30,1349251494,True,3,stationary_prob,0.17690724632905652,0.02,False
151,2019-08-01,2019-08-30,2828290741,True,0,expected_duration_days,12.030465296889158,5.0,False
151,2019-08-01,2019-08-30,2828290741,True,0,stationary_prob,0.3026473492656898,0.02,False
151,2019-08-01,2019-08-30,2828290741,True,1,expected_duration_days,1.5444768593782037,5.0,True
151,2019-08-01,2019-08-30,2828290741,True,1,stationary_prob,0.08080242248691918,0.02,False
151,2019-08-01,2019-08-30,2828290741,True,2,expected_duration_days,1.3168182279180047,5.0,True
151,2019-08-01,2019-08-30,2828290741,True,2,stationary_prob,0.16090653459881554,0.02,False
151,2019-08-01,2019-08-30,2828290741,True,3,expected_duration_days,3.6312928203721473,5.0,True
151,2019-08-01,2019-08-30,2828290741,True,3,stationary_prob,0.45564369364857554,0.02,False
151,2019-08-01,2019-08-30,2393329043,True,0,expected_duration_days,2.7555708825311624,5.0,True
151,2019-08-01,2019-08-30,2393329043,True,0,stationary_prob,0.5006924865750665,0.02,False
151,2019-08-01,2019-08-30,2393329043,True,1,expected_duration_days,11.106865380768497,5.0,False
151,2019-08-01,2019-08-30,2393329043,True,1,stationary_prob,0.15934977687837187,0.02,False
151,2019-08-01,2019-08-30,2393329043,True,2,expected_duration_days,1.7823337500471077,5.0,True
151,2019-08-01,2019-08-30,2393329043,True,2,stationary_prob,0.30419259806275867,0.02,False
151,2019-08-01,2019-08-30,2393329043,True,3,expected_duration_days,1.2072469590159949,5.0,True
151,2019-08-01,2019-08-30,2393329043,True,3,stationary_prob,0.035765138483803006,0.02,False
151,2019-08-01,2019-08-30,2973838874,True,0,expected_duration_days,11.258157291173085,5.0,False
151,2019-08-01,2019-08-30,2973838874,True,0,stationary_prob,0.16521646388461395,0.02,False
151,2019-08-01,2019-08-30,2973838874,True,1,expected_duration_days,1.2544075486108102,5.0,True
151,2019-08-01,2019-08-30,2973838874,True,1,stationary_prob,0.11963960984122593,0.02,False
151,2019-08-01,2019-08-30,2973838874,True,2,expected_duration_days,5.239128008408235,5.0,False
151,2019-08-01,2019-08-30,2973838874,True,2,stationary_prob,0.6510564224835257,0.02,False
151,2019-08-01,2019-08-30,2973838874,True,3,expected_duration_days,1.1261205419472726,5.0,True
151,2019-08-01,2019-08-30,2973838874,True,3,stationary_prob,0.0640875037906345,0.02,False
152,2019-09-03,2019-09-30,2959017083,True,0,expected_duration_days,1.2361837159255566,5.0,True
152,2019-09-03,2019-09-30,2959017083,True,0,stationary_prob,0.14618392141277034,0.02,False
152,2019-09-03,2019-09-30,2959017083,True,1,expected_duration_days,1.385598984141984,5.0,True
152,2019-09-03,2019-09-30,2959017083,True,1,stationary_prob,0.2511147208836195,0.02,False
152,2019-09-03,2019-09-30,2959017083,True,2,expected_duration_days,2.233291554066472,5.0,True
152,2019-09-03,2019-09-30,2959017083,True,2,stationary_prob,0.05009900495347193,0.02,False
152,2019-09-03,2019-09-30,2959017083,True,3,expected_duration_days,2.945273097869768,5.0,True
152,2019-09-03,2019-09-30,2959017083,True,3,stationary_prob,0.5526023527501382,0.02,False
152,2019-09-03,2019-09-30,537444442,True,0,expected_duration_days,3.906843213837687,5.0,True
152,2019-09-03,2019-09-30,537444442,True,0,stationary_prob,0.5045290754484912,0.02,False
152,2019-09-03,2019-09-30,537444442,True,1,expected_duration_days,1.6623288027932395,5.0,True
152,2019-09-03,2019-09-30,537444442,True,1,stationary_prob,0.05778967601015153,0.02,False
152,2019-09-03,2019-09-30,537444442,True,2,expected_duration_days,11.698491509782164,5.0,False
152,2019-09-03,2019-09-30,537444442,True,2,stationary_prob,0.26372019966046123,0.02,False
152,2019-09-03,2019-09-30,537444442,True,3,expected_duration_days,1.4209063804488549,5.0,True
152,2019-09-03,2019-09-30,537444442,True,3,stationary_prob,0.17396104888089603,0.02,False
152,2019-09-03,2019-09-30,84505534,True,0,expected_duration_days,1.6263966333653344,5.0,True
152,2019-09-03,2019-09-30,84505534,True,0,stationary_prob,0.18041098665755384,0.02,False
152,2019-09-03,2019-09-30,84505534,True,1,expected_duration_days,1.6840724817232733,5.0,True
152,2019-09-03,2019-09-30,84505534,True,1,stationary_prob,0.07455627374567746,0.02,False
152,2019-09-03,2019-09-30,84505534,True,2,expected_duration_days,14.01065558504913,5.0,False
152,2019-09-03,2019-09-30,84505534,True,2,stationary_prob,0.5052042339288298,0.02,False
152,2019-09-03,2019-09-30,84505534,True,3,expected_duration_days,2.2517093916724997,5.0,True
152,2019-09-03,2019-09-30,84505534,True,3,stationary_prob,0.23982850566793898,0.02,False
152,2019-09-03,2019-09-30,974011454,True,0,expected_duration_days,4.78036046563985,5.0,True
152,2019-09-03,2019-09-30,974011454,True,0,stationary_prob,0.514604192919578,0.02,False
152,2019-09-03,2019-09-30,974011454,True,1,expected_duration_days,10.942654658366838,5.0,False
152,2019-09-03,2019-09-30,974011454,True,1,stationary_prob,0.2677031573356564,0.02,False
152,2019-09-03,2019-09-30,974011454,True,2,expected_duration_days,1.8575383045569025,5.0,True
152,2019-09-03,2019-09-30,974011454,True,2,stationary_prob,0.04195174841095879,0.02,False
152,2019-09-03,2019-09-30,974011454,True,3,expected_duration_days,1.6209020008553185,5.0,True
152,2019-09-03,2019-09-30,974011454,True,3,stationary_prob,0.17574090133380663,0.02,False
152,2019-09-03,2019-09-30,3375617866,True,0,expected_duration_days,3.685703059920155,5.0,True
152,2019-09-03,2019-09-30,3375617866,True,0,stationary_prob,0.4583126257317476,0.02,False
152,2019-09-03,2019-09-30,3375617866,True,1,expected_duration_days,1.5451915956734363,5.0,True
152,2019-09-03,2019-09-30,3375617866,True,1,stationary_prob,0.08059575115859188,0.02,False
152,2019-09-03,2019-09-30,3375617866,True,2,expected_duration_days,1.3188608725582551,5.0,True
152,2019-09-03,2019-09-30,3375617866,True,2,stationary_prob,0.15877914366212104,0.02,False
152,2019-09-03,2019-09-30,3375617866,True,3,expected_duration_days,12.013823837645656,5.0,False
152,2019-09-03,2019-09-30,3375617866,True,3,stationary_prob,0.3023124794475395,0.02,False
153,2019-10-01,2019-10-31,3545059169,True,0,expected_duration_days,6.659610333603991,5.0,False
153,2019-10-01,2019-10-31,3545059169,True,0,stationary_prob,0.550518271998846,0.02,False
153,2019-10-01,2019-10-31,3545059169,True,1,expected_duration_days,7.924371339768284,5.0,False
153,2019-10-01,2019-10-31,3545059169,True,1,stationary_prob,0.2633324454318917,0.02,False
153,2019-10-01,2019-10-31,3545059169,True,2,expected_duration_days,1.5442347713112625,5.0,True
153,2019-10-01,2019-10-31,3545059169,True,2,stationary_prob,0.12740398233788292,0.02,False
153,2019-10-01,2019-10-31,3545059169,True,3,expected_duration_days,1.9962271509819676,5.0,True
153,2019-10-01,2019-10-31,3545059169,True,3,stationary_prob,0.058745300231379485,0.02,False
153,2019-10-01,2019-10-31,1414615545,True,0,expected_duration_days,1.6393750438986368,5.0,True
153,2019-10-01,2019-10-31,1414615545,True,0,stationary_prob,0.17482805913195687,0.02,False
153,2019-10-01,2019-10-31,1414615545,True,1,expected_duration_days,10.921847328520634,5.0,False
153,2019-10-01,2019-10-31,1414615545,True,1,stationary_prob,0.26785428927222005,0.02,False
153,2019-10-01,2019-10-31,1414615545,True,2,expected_duration_days,4.864356759261743,5.0,True
153,2019-10-01,2019-10-31,1414615545,True,2,stationary_prob,0.5153878445944141,0.02,False
153,2019-10-01,2019-10-31,1414615545,True,3,expected_duration_days,1.8588594016555886,5.0,True
153,2019-10-01,2019-10-31,1414615545,True,3,stationary_prob,0.041929807001409025,0.02,False
153,2019-10-01,2019-10-31,1042892849,True,0,expected_duration_days,1.299583975570642,5.0,True
153,2019-10-01,2019-10-31,1042892849,True,0,stationary_prob,0.1926514304850012,0.02,False
153,2019-10-01,2019-10-31,1042892849,True,1,expected_duration_days,1.2544789884536889,5.0,True
153,2019-10-01,2019-10-31,1042892849,True,1,stationary_prob,0.19152690216883356,0.02,False
153,2019-10-01,2019-10-31,1042892849,True,2,expected_duration_days,2.9814905197839243,5.0,True
153,2019-10-01,2019-10-31,1042892849,True,2,stationary_prob,0.5638242859363699,0.02,False
153,2019-10-01,2019-10-31,1042892849,True,3,expected_duration_days,2.254959215125458,5.0,True
153,2019-10-01,2019-10-31,1042892849,True,3,stationary_prob,0.05199738140979532,0.02,False
153,2019-10-01,2019-10-31,3629699040,True,0,expected_duration_days,12.009761710701241,5.0,False
153,2019-10-01,2019-10-31,3629699040,True,0,stationary_prob,0.30228507770957697,0.02,False
153,2019-10-01,2019-10-31,3629699040,True,1,expected_duration_days,3.6223116430193842,5.0,True
153,2019-10-01,2019-10-31,3629699040,True,1,stationary_prob,0.4547293957752937,0.02,False
153,2019-10-01,2019-10-31,3629699040,True,2,expected_duration_days,1.5362003999364184,5.0,True
153,2019-10-01,2019-10-31,3629699040,True,2,stationary_prob,0.08127703153870583,0.02,False
153,2019-10-01,2019-10-31,3629699040,True,3,expected_duration_days,1.3278985493694588,5.0,True
153,2019-10-01,2019-10-31,3629699040,True,3,stationary_prob,0.16170849497642353,0.02,False
153,2019-10-01,2019-10-31,501984104,True,0,expected_duration_days,1.6639965840110773,5.0,True
153,2019-10-01,2019-10-31,501984104,True,0,stationary_prob,0.057729048007756543,0.02,False
153,2019-10-01,2019-10-31,501984104,True,1,expected_duration_days,11.677057065211649,5.0,False
153,2019-10-01,2019-10-31,501984104,True,1,stationary_prob,0.26282416658042623,0.02,False
153,2019-10-01,2019-10-31,501984104,True,2,expected_duration_days,1.4171278252517987,5.0,True
153,2019-10-01,2019-10-31,501984104,True,2,stationary_prob,0.17225878698066655,0.02,False
153,2019-10-01,2019-10-31,501984104,True,3,expected_duration_days,3.9599757893714704,5.0,True
153,2019-10-01,2019-10-31,501984104,True,3,stationary_prob,0.5071879984311508,0.02,False
154,2019-11-01,2019-11-29,762913865,True,0,expected_duration_days,12.036733646883835,5.0,False
154,2019-11-01,2019-11-29,762913865,True,0,stationary_prob,0.2994376698245242,0.02,False
154,2019-11-01,2019-11-29,762913865,True,1,expected_duration_days,1.3256869092273218,5.0,True
154,2019-11-01,2019-11-29,762913865,True,1,stationary_prob,0.16167142298050302,0.02,False
154,2019-11-01,2019-11-29,762913865,True,2,expected_duration_days,3.6435186626247984,5.0,True
154,2019-11-01,2019-11-29,762913865,True,2,stationary_prob,0.458292049588104,0.02,False
154,2019-11-01,2019-11-29,762913865,True,3,expected_duration_days,1.5333188831195255,5.0,True
154,2019-11-01,2019-11-29,762913865,True,3,stationary_prob,0.08059885760686879,0.02,False
154,2019-11-01,2019-11-29,2050799431,True,0,expected_duration_days,12.03713092528889,5.0,False
154,2019-11-01,2019-11-29,2050799431,True,0,stationary_prob,0.29943388248601793,0.02,False
154,2019-11-01,2019-11-29,2050799431,True,1,expected_duration_days,1.5333337039818549,5.0,True
154,2019-11-01,2019-11-29,2050799431,True,1,stationary_prob,0.08060049016619011,0.02,False
154,2019-11-01,2019-11-29,2050799431,True,2,expected_duration_days,1.325742476387156,5.0,True
154,2019-11-01,2019-11-29,2050799431,True,2,stationary_prob,0.16173018919516674,0.02,False
154,2019-11-01,2019-11-29,2050799431,True,3,expected_duration_days,3.6421212291200016,5.0,True
154,2019-11-01,2019-11-29,2050799431,True,3,stationary_prob,0.4582354381526252,0.02,False
154,2019-11-01,2019-11-29,3735223721,True,0,expected_duration_days,1.6316802311042726,5.0,True
154,2019-11-01,2019-11-29,3735223721,True,0,stationary_prob,0.1761938640393742,0.02,False
154,2019-11-01,2019-11-29,3735223721,True,1,expected_duration_days,10.946165518866962,5.0,False
154,2019-11-01,2019-11-29,3735223721,True,1,stationary_prob,0.26618803527606916,0.02,False
154,2019-11-01,2019-11-29,3735223721,True,2,expected_duration_days,1.857627251109491,5.0,True
154,2019-11-01,2019-11-29,3735223721,True,2,stationary_prob,0.04177286044331798,0.02,False
154,2019-11-01,2019-11-29,3735223721,True,3,expected_duration_days,4.8125987071045495,5.0,True
154,2019-11-01,2019-11-29,3735223721,True,3,stationary_prob,0.5158452402412387,0.02,False
154,2019-11-01,2019-11-29,943327362,True,0,expected_duration_days,11.691079915352173,5.0,False
154,2019-11-01,2019-11-29,943327362,True,0,stationary_prob,0.26222471240347817,0.02,False
154,2019-11-01,2019-11-29,943327362,True,1,expected_duration_days,3.8885165254115894,5.0,True
154,2019-11-01,2019-11-29,943327362,True,1,stationary_prob,0.5055011801033263,0.02,False
154,2019-11-01,2019-11-29,943327362,True,2,expected_duration_days,1.6635952679358315,5.0,True
154,2019-11-01,2019-11-29,943327362,True,2,stationary_prob,0.05774183355052404,0.02,False
154,2019-11-01,2019-11-29,943327362,True,3,expected_duration_days,1.4114825307399563,5.0,True
154,2019-11-01,2019-11-29,943327362,True,3,stationary_prob,0.1745322739426714,0.02,False
154,2019-11-01,2019-11-29,3539676173,True,0,expected_duration_days,1.9935530427783976,5.0,True
154,2019-11-01,2019-11-29,3539676173,True,0,stationary_prob,0.05834580829400179,0.02,False
154,2019-11-01,2019-11-29,3539676173,True,1,expected_duration_days,7.940920856737828,5.0,False
154,2019-11-01,2019-11-29,3539676173,True,1,stationary_prob,0.2615811324959429,0.02,False
154,2019-11-01,2019-11-29,3539676173,True,2,expected_duration_days,1.536851492125246,5.0,True
154,2019-11-01,2019-11-29,3539676173,True,2,stationary_prob,0.12715171022030944,0.02,False
154,2019-11-01,2019-11-29,3539676173,True,3,expected_duration_days,6.673087443191043,5.0,False
154,2019-11-01,2019-11-29,3539676173,True,3,stationary_prob,0.5529213489897459,0.02,False
155,2019-12-02,2019-12-31,3808366564,True,0,expected_duration_days,6.643368916543063,5.0,False
155,2019-12-02,2019-12-31,3808366564,True,0,stationary_prob,0.5535383250211175,0.02,False
155,2019-12-02,2019-12-31,3808366564,True,1,expected_duration_days,1.9933373025898105,5.0,True
155,2019-12-02,2019-12-31,3808366564,True,1,stationary_prob,0.05810055921210898,0.02,False
155,2019-12-02,2019-12-31,3808366564,True,2,expected_duration_days,1.5372138084973754,5.0,True
155,2019-12-02,2019-12-31,3808366564,True,2,stationary_prob,0.12786686263548175,0.02,False
155,2019-12-02,2019-12-31,3808366564,True,3,expected_duration_days,7.942523357622886,5.0,False
155,2019-12-02,2019-12-31,3808366564,True,3,stationary_prob,0.2604942531312917,0.02,False
155,2019-12-02,2019-12-31,2389471149,True,0,expected_duration_days,1.4163895151285357,5.0,True
155,2019-12-02,2019-12-31,2389471149,True,0,stationary_prob,0.17507191642137865,0.02,False
155,2019-12-02,2019-12-31,2389471149,True,1,expected_duration_days,1.662598635005754,5.0,True
155,2019-12-02,2019-12-31,2389471149,True,1,stationary_prob,0.05765916146460419,0.02,False
155,2019-12-02,2019-12-31,2389471149,True,2,expected_duration_days,11.70467914367044,5.0,False
155,2019-12-02,2019-12-31,2389471149,True,2,stationary_prob,0.26170533653596373,0.02,False
155,2019-12-02,2019-12-31,2389471149,True,3,expected_duration_days,3.8919390355548438,5.0,True
155,2019-12-02,2019-12-31,2389471149,True,3,stationary_prob,0.5055635855780534,0.02,False
155,2019-12-02,2019-12-31,1454787297,True,0,expected_duration_days,1.993345449223782,5.0,True
155,2019-12-02,2019-12-31,1454787297,True,0,stationary_prob,0.05810104806689804,0.02,False
155,2019-12-02,2019-12-31,1454787297,True,1,expected_duration_days,7.942600833059634,5.0,False
155,2019-12-02,2019-12-31,1454787297,True,1,stationary_prob,0.2604952470511434,0.02,False
155,2019-12-02,2019-12-31,1454787297,True,2,expected_duration_days,6.64333744201338,5.0,False
155,2019-12-02,2019-12-31,1454787297,True,2,stationary_prob,0.5535375739690445,0.02,False
155,2019-12-02,2019-12-31,1454787297,True,3,expected_duration_days,1.5372195865217997,5.0,True
155,2019-12-02,2019-12-31,1454787297,True,3,stationary_prob,0.1278661309129141,0.02,False
155,2019-12-02,2019-12-31,2891707612,True,0,expected_duration_days,3.6222339267687276,5.0,True
155,2019-12-02,2019-12-31,2891707612,True,0,stationary_prob,0.4583966057362407,0.02,False
155,2019-12-02,2019-12-31,2891707612,True,1,expected_duration_days,1.3291506426564739,5.0,True
155,2019-12-02,2019-12-31,2891707612,True,1,stationary_prob,0.16332689493055033,0.02,False
155,2019-12-02,2019-12-31,2891707612,True,2,expected_duration_days,1.532216176746978,5.0,True
155,2019-12-02,2019-12-31,2891707612,True,2,stationary_prob,0.08046732549108768,0.02,False
155,2019-12-02,2019-12-31,2891707612,True,3,expected_duration_days,12.073258487365251,5.0,False
155,2019-12-02,2019-12-31,2891707612,True,3,stationary_prob,0.29780917384212124,0.02,False
155,2019-12-02,2019-12-31,1245968101,True,0,expected_duration_days,1.2669198472375078,5.0,True
155,2019-12-02,2019-12-31,1245968101,True,0,stationary_prob,0.1160573762257077,0.02,False
155,2019-12-02,2019-12-31,1245968101,True,1,expected_duration_days,1.0941481567042255,5.0,True
155,2019-12-02,2019-12-31,1245968101,True,1,stationary_prob,0.04509896117751764,0.02,False
155,2019-12-02,2019-12-31,1245968101,True,2,expected_duration_days,14.90193105477091,5.0,False
155,2019-12-02,2019-12-31,1245968101,True,2,stationary_prob,0.18725599701326026,0.02,False
155,2019-12-02,2019-12-31,1245968101,True,3,expected_duration_days,6.306325567886444,5.0,False
155,2019-12-02,2019-12-31,1245968101,True,3,stationary_prob,0.6515876655835143,0.02,False
156,2020-01-02,2020-01-31,3159615903,True,0,expected_duration_days,1.6164488183321961,5.0,True
156,2020-01-02,2020-01-31,3159615903,True,0,stationary_prob,0.1735561621245029,0.02,False
156,2020-01-02,2020-01-31,3159615903,True,1,expected_duration_days,1.8617306356212109,5.0,True
156,2020-01-02,2020-01-31,3159615903,True,1,stationary_prob,0.04179652971863876,0.02,False
156,2020-01-02,2020-01-31,3159615903,True,2,expected_duration_days,4.869291946732982,5.0,True
156,2020-01-02,2020-01-31,3159615903,True,2,stationary_prob,0.5194468305049161,0.02,False
156,2020-01-02,2020-01-31,3159615903,True,3,expected_duration_days,10.886618276145139,5.0,False
156,2020-01-02,2020-01-31,3159615903,True,3,stationary_prob,0.26520047765194227,0.02,False
156,2020-01-02,2020-01-31,3550442687,True,0,expected_duration_days,1.5243435750036987,5.0,True
156,2020-01-02,2020-01-31,3550442687,True,0,stationary_prob,0.0804263474431863,0.02,False
156,2020-01-02,2020-01-31,3550442687,True,1,expected_duration_days,12.126293622072316,5.0,False
156,2020-01-02,2020-01-31,3550442687,True,1,stationary_prob,0.2972977036300056,0.02,False
156,2020-01-02,2020-01-31,3550442687,True,2,expected_duration_days,1.3299397973316622,5.0,True
156,2020-01-02,2020-01-31,3550442687,True,2,stationary_prob,0.16225014231522566,0.02,False
156,2020-01-02,2020-01-31,3550442687,True,3,expected_duration_days,3.6433418854753903,5.0,True
156,2020-01-02,2020-01-31,3550442687,True,3,stationary_prob,0.4600258066115824,0.02,False
156,2020-01-02,2020-01-31,1842266341,True,0,expected_duration_days,2.9479364745592362,5.0,True
156,2020-01-02,2020-01-31,1842266341,True,0,stationary_prob,0.5513701994033389,0.02,False
156,2020-01-02,2020-01-31,1842266341,True,1,expected_duration_days,2.181741645832712,5.0,True
156,2020-01-02,2020-01-31,1842266341,True,1,stationary_prob,0.050675674850184954,0.02,False
156,2020-01-02,2020-01-31,1842266341,True,2,expected_duration_days,1.2387221868737615,5.0,True
156,2020-01-02,2020-01-31,1842266341,True,2,stationary_prob,0.14743253944134832,0.02,False
156,2020-01-02,2020-01-31,1842266341,True,3,expected_duration_days,1.3870209817437855,5.0,True
156,2020-01-02,2020-01-31,1842266341,True,3,stationary_prob,0.25052158630512794,0.02,False
156,2020-01-02,2020-01-31,3065713848,True,0,expected_duration_days,1.5244971178982896,5.0,True
156,2020-01-02,2020-01-31,3065713848,True,0,stationary_prob,0.0804307997738874,0.02,False
156,2020-01-02,2020-01-31,3065713848,True,1,expected_duration_days,1.3303112207763454,5.0,True
156,2020-01-02,2020-01-31,3065713848,True,1,stationary_prob,0.16274558028726685,0.02,False
156,2020-01-02,2020-01-31,3065713848,True,2,expected_duration_days,3.6341059221697263,5.0,True
156,2020-01-02,2020-01-31,3065713848,True,2,stationary_prob,0.4595935467893772,0.02,False
156,2020-01-02,2020-01-31,3065713848,True,3,expected_duration_days,12.129755025992537,5.0,False
156,2020-01-02,2020-01-31,3065713848,True,3,stationary_prob,0.29723007314946864,0.02,False
156,2020-01-02,2020-01-31,1795737677,True,0,expected_duration_days,6.630717889627039,5.0,False
156,2020-01-02,2020-01-31,1795737677,True,0,stationary_prob,0.5538135472788946,0.02,False
156,2020-01-02,2020-01-31,1795737677,True,1,expected_duration_days,1.526781066627426,5.0,True
156,2020-01-02,2020-01-31,1795737677,True,1,stationary_prob,0.12734452656981946,0.02,False
156,2020-01-02,2020-01-31,1795737677,True,2,expected_duration_days,1.9896285070179405,5.0,True
156,2020-01-02,2020-01-31,1795737677,True,2,stationary_prob,0.05811394596125892,0.02,False
156,2020-01-02,2020-01-31,1795737677,True,3,expected_duration_days,7.942537867457709,5.0,False
156,2020-01-02,2020-01-31,1795737677,True,3,stationary_prob,0.260727980190027,0.02,False
157,2020-02-03,2020-02-28,147363291,True,0,expected_duration_days,1.4266189673691103,5.0,True
157,2020-02-03,2020-02-28,147363291,True,0,stationary_prob,0.1757444821150481,0.02,False
157,2020-02-03,2020-02-28,147363291,True,1,expected_duration_days,1.6530935867373624,5.0,True
157,2020-02-03,2020-02-28,147363291,True,1,stationary_prob,0.057613663779768134,0.02,False
157,2020-02-03,2020-02-28,147363291,True,2,expected_duration_days,3.891549962559848,5.0,True
157,2020-02-03,2020-02-28,147363291,True,2,stationary_prob,0.5058843109981861,0.02,False
157,2020-02-03,2020-02-28,147363291,True,3,expected_duration_days,11.823340330474027,5.0,False
157,2020-02-03,2020-02-28,147363291,True,3,stationary_prob,0.2607575431069976,0.02,False
157,2020-02-03,2020-02-28,2559194905,True,0,expected_duration_days,12.11473087729832,5.0,False
157,2020-02-03,2020-02-28,2559194905,True,0,stationary_prob,0.2961368655306361,0.02,False
157,2020-02-03,2020-02-28,2559194905,True,1,expected_duration_days,3.738364973653492,5.0,True
157,2020-02-03,2020-02-28,2559194905,True,1,stationary_prob,0.46460278688471257,0.02,False
157,2020-02-03,2020-02-28,2559194905,True,2,expected_duration_days,1.3254853973945946,5.0,True
157,2020-02-03,2020-02-28,2559194905,True,2,stationary_prob,0.1590940264967375,0.02,False
157,2020-02-03,2020-02-28,2559194905,True,3,expected_duration_days,1.5267862011720061,5.0,True
157,2020-02-03,2020-02-28,2559194905,True,3,stationary_prob,0.0801663210879138,0.02,False
157,2020-02-03,2020-02-28,3989183891,True,0,expected_duration_days,1.9851312632752627,5.0,True
157,2020-02-03,2020-02-28,3989183891,True,0,stationary_prob,0.057838723371092186,0.02,False
157,2020-02-03,2020-02-28,3989183891,True,1,expected_duration_days,7.965183100108739,5.0,False
157,2020-02-03,2020-02-28,3989183891,True,1,stationary_prob,0.2597808396605818,0.02,False
157,2020-02-03,2020-02-28,3989183891,True,2,expected_duration_days,1.5357409433887956,5.0,True
157,2020-02-03,2020-02-28,3989183891,True,2,stationary_prob,0.12840912216506428,0.02,False
157,2020-02-03,2020-02-28,3989183891,True,3,expected_duration_days,6.619366670083098,5.0,False
157,2020-02-03,2020-02-28,3989183891,True,3,stationary_prob,0.5539713148032617,0.02,False
157,2020-02-03,2020-02-28,2929175029,True,0,expected_duration_days,1.9855484053506485,5.0,True
157,2020-02-03,2020-02-28,2929175029,True,0,stationary_prob,0.05784975512908151,0.02,False
157,2020-02-03,2020-02-28,2929175029,True,1,expected_duration_days,6.618695971205239,5.0,False
157,2020-02-03,2020-02-28,2929175029,True,1,stationary_prob,0.5539606874090205,0.02,False
157,2020-02-03,2020-02-28,2929175029,True,2,expected_duration_days,1.5358839873599268,5.0,True
157,2020-02-03,2020-02-28,2929175029,True,2,stationary_prob,0.1283819132830778,0.02,False
157,2020-02-03,2020-02-28,2929175029,True,3,expected_duration_days,7.9695002464398055,5.0,False
157,2020-02-03,2020-02-28,2929175029,True,3,stationary_prob,0.25980764417882024,0.02,False
157,2020-02-03,2020-02-28,3365264633,True,0,expected_duration_days,7.9635816809783035,5.0,False
157,2020-02-03,2020-02-28,3365264633,True,0,stationary_prob,0.25977430209465996,0.02,False
157,2020-02-03,2020-02-28,3365264633,True,1,expected_duration_days,1.5357024806902129,5.0,True
157,2020-02-03,2020-02-28,3365264633,True,1,stationary_prob,0.12841731808411377,0.02,False
157,2020-02-03,2020-02-28,3365264633,True,2,expected_duration_days,1.984992850598507,5.0,True
157,2020-02-03,2020-02-28,3365264633,True,2,stationary_prob,0.0578365734606798,0.02,False
157,2020-02-03,2020-02-28,3365264633,True,3,expected_duration_days,6.61955059313445,5.0,False
157,2020-02-03,2020-02-28,3365264633,True,3,stationary_prob,0.5539718063605463,0.02,False
158,2020-03-02,2020-03-31,1904199787,True,0,expected_duration_days,1.2458045627046965,5.0,True
158,2020-03-02,2020-03-31,1904199787,True,0,stationary_prob,0.10114555376851385,0.02,False
158,2020-03-02,2020-03-31,1904199787,True,1,expected_duration_days,12.090853546455842,5.0,False
158,2020-03-02,2020-03-31,1904199787,True,1,stationary_prob,0.17518338461525854,0.02,False
158,2020-03-02,2020-03-31,1904199787,True,2,expected_duration_days,1.2492720045934738,5.0,True
158,2020-03-02,2020-03-31,1904199787,True,2,stationary_prob,0.1672967373337252,0.02,False
158,2020-03-02,2020-03-31,1904199787,True,3,expected_duration_days,3.3395091609400898,5.0,True
158,2020-03-02,2020-03-31,1904199787,True,3,stationary_prob,0.5563743242825023,0.02,False
158,2020-03-02,2020-03-31,3526719731,True,0,expected_duration_days,7.955935310659051,5.0,False
158,2020-03-02,2020-03-31,3526719731,True,0,stationary_prob,0.2603034688896427,0.02,False
158,2020-03-02,2020-03-31,3526719731,True,1,expected_duration_days,1.5543943360941712,5.0,True
158,2020-03-02,2020-03-31,3526719731,True,1,stationary_prob,0.1284397158235343,0.02,False
158,2020-03-02,2020-03-31,3526719731,True,2,expected_duration_days,6.683350746678891,5.0,False
158,2020-03-02,2020-03-31,3526719731,True,2,stationary_prob,0.553275519744097,0.02,False
158,2020-03-02,2020-03-31,3526719731,True,3,expected_duration_days,1.9818524151767294,5.0,True
158,2020-03-02,2020-03-31,3526719731,True,3,stationary_prob,0.05798129554272596,0.02,False
158,2020-03-02,2020-03-31,3833014859,True,0,expected_duration_days,10.65324853904246,5.0,False
158,2020-03-02,2020-03-31,3833014859,True,0,stationary_prob,0.1927065218538144,0.02,False
158,2020-03-02,2020-03-31,3833014859,True,1,expected_duration_days,1.455490553446524,5.0,True
158,2020-03-02,2020-03-31,3833014859,True,1,stationary_prob,0.07838510279932595,0.02,False
158,2020-03-02,2020-03-31,3833014859,True,2,expected_duration_days,1.4052265115907705,5.0,True
158,2020-03-02,2020-03-31,3833014859,True,2,stationary_prob,0.23997399765373129,0.02,False
158,2020-03-02,2020-03-31,3833014859,True,3,expected_duration_days,2.496148773270224,5.0,True
158,2020-03-02,2020-03-31,3833014859,True,3,stationary_prob,0.4889343776931283,0.02,False
158,2020-03-02,2020-03-31,1237422034,True,0,expected_duration_days,1.2457886021703766,5.0,True
158,2020-03-02,2020-03-31,1237422034,True,0,stationary_prob,0.10115296583496936,0.02,False
158,2020-03-02,2020-03-31,1237422034,True,1,expected_duration_days,3.3409085536440646,5.0,True
158,2020-03-02,2020-03-31,1237422034,True,1,stationary_prob,0.5564848629448961,0.02,False
158,2020-03-02,2020-03-31,1237422034,True,2,expected_duration_days,12.091833771150451,5.0,False
158,2020-03-02,2020-03-31,1237422034,True,2,stationary_prob,0.17516851830217756,0.02,False
158,2020-03-02,2020-03-31,1237422034,True,3,expected_duration_days,1.2491316235632632,5.0,True
158,2020-03-02,2020-03-31,1237422034,True,3,stationary_prob,0.1671936529179571,0.02,False
158,2020-03-02,2020-03-31,1140883765,True,0,expected_duration_days,2.9742591001443963,5.0,True
158,2020-03-02,2020-03-31,1140883765,True,0,stationary_prob,0.5500817664483627,0.02,False
158,2020-03-02,2020-03-31,1140883765,True,1,expected_duration_days,2.118155285242513,5.0,True
158,2020-03-02,2020-03-31,1140883765,True,1,stationary_prob,0.050395049895534914,0.02,False
158,2020-03-02,2020-03-31,1140883765,True,2,expected_duration_days,1.2433088554488867,5.0,True
158,2020-03-02,2020-03-31,1140883765,True,2,stationary_prob,0.1472573385506966,0.02,False
158,2020-03-02,2020-03-31,1140883765,True,3,expected_duration_days,1.393902532676628,5.0,True
158,2020-03-02,2020-03-31,1140883765,True,3,stationary_prob,0.25226584510540573,0.02,False
159,2020-04-01,2020-04-30,835613696,True,0,expected_duration_days,3.739648856534523,5.0,True
159,2020-04-01,2020-04-30,835613696,True,0,stationary_prob,0.4644015206444799,0.02,False
159,2020-04-01,2020-04-30,835613696,True,1,expected_duration_days,1.5301470968166884,5.0,True
159,2020-04-01,2020-04-30,835613696,True,1,stationary_prob,0.0811308659329483,0.02,False
159,2020-04-01,2020-04-30,835613696,True,2,expected_duration_days,1.3231550957334979,5.0,True
159,2020-04-01,2020-04-30,835613696,True,2,stationary_prob,0.1591317437033043,0.02,False
159,2020-04-01,2020-04-30,835613696,True,3,expected_duration_days,12.45064693389115,5.0,False
159,2020-04-01,2020-04-30,835613696,True,3,stationary_prob,0.29533586971926745,0.02,False
159,2020-04-01,2020-04-30,2265921252,True,0,expected_duration_days,7.965431441570937,5.0,False
159,2020-04-01,2020-04-30,2265921252,True,0,stationary_prob,0.2607729971880151,0.02,False
159,2020-04-01,2020-04-30,2265921252,True,1,expected_duration_days,1.5459427433906563,5.0,True
159,2020-04-01,2020-04-30,2265921252,True,1,stationary_prob,0.12629768465208258,0.02,False
159,2020-04-01,2020-04-30,2265921252,True,2,expected_duration_days,6.774764995862645,5.0,False
159,2020-04-01,2020-04-30,2265921252,True,2,stationary_prob,0.5548921133266168,0.02,False
159,2020-04-01,2020-04-30,2265921252,True,3,expected_duration_days,1.9817354545410764,5.0,True
159,2020-04-01,2020-04-30,2265921252,True,3,stationary_prob,0.05803720483328541,0.02,False
159,2020-04-01,2020-04-30,1839283700,True,0,expected_duration_days,1.9816114493511974,5.0,True
159,2020-04-01,2020-04-30,1839283700,True,0,stationary_prob,0.05803837612448822,0.02,False
159,2020-04-01,2020-04-30,1839283700,True,1,expected_duration_days,1.5459280206301125,5.0,True
159,2020-04-01,2020-04-30,1839283700,True,1,stationary_prob,0.1263004807270903,0.02,False
159,2020-04-01,2020-04-30,1839283700,True,2,expected_duration_days,7.963956521796455,5.0,False
159,2020-04-01,2020-04-30,1839283700,True,2,stationary_prob,0.26077418725543244,0.02,False
159,2020-04-01,2020-04-30,1839283700,True,3,expected_duration_days,6.774736961668758,5.0,False
159,2020-04-01,2020-04-30,1839283700,True,3,stationary_prob,0.5548869558929891,0.02,False
159,2020-04-01,2020-04-30,1476421434,True,0,expected_duration_days,1.4273023587607567,5.0,True
159,2020-04-01,2020-04-30,1476421434,True,0,stationary_prob,0.17765480877048898,0.02,False
159,2020-04-01,2020-04-30,1476421434,True,1,expected_duration_days,3.838097053865246,5.0,True
159,2020-04-01,2020-04-30,1476421434,True,1,stationary_prob,0.49926665438280354,0.02,False
159,2020-04-01,2020-04-30,1476421434,True,2,expected_duration_days,1.608559277401622,5.0,True
159,2020-04-01,2020-04-30,1476421434,True,2,stationary_prob,0.05993314541977411,0.02,False
159,2020-04-01,2020-04-30,1476421434,True,3,expected_duration_days,12.135994527056882,5.0,False
159,2020-04-01,2020-04-30,1476421434,True,3,stationary_prob,0.2631453914269335,0.02,False
159,2020-04-01,2020-04-30,778317141,True,0,expected_duration_days,1.68199971385003,5.0,True
159,2020-04-01,2020-04-30,778317141,True,0,stationary_prob,0.20449255761042867,0.02,False
159,2020-04-01,2020-04-30,778317141,True,1,expected_duration_days,14.729198668492131,5.0,False
159,2020-04-01,2020-04-30,778317141,True,1,stationary_prob,0.45964019546930146,0.02,False
159,2020-04-01,2020-04-30,778317141,True,2,expected_duration_days,1.7979816214572695,5.0,True
159,2020-04-01,2020-04-30,778317141,True,2,stationary_prob,0.06609358003939321,0.02,False
159,2020-04-01,2020-04-30,778317141,True,3,expected_duration_days,2.2800549533150978,5.0,True
159,2020-04-01,2020-04-30,778317141,True,3,stationary_prob,0.26977366688087673,0.02,False
160,2020-05-01,2020-05-29,2245952346,True,0,expected_duration_days,9.782483497834674,5.0,False
160,2020-05-01,2020-05-29,2245952346,True,0,stationary_prob,0.18514684282007116,0.02,False
160,2020-05-01,2020-05-29,2245952346,True,1,expected_duration_days,1.4035777777899716,5.0,True
160,2020-05-01,2020-05-29,2245952346,True,1,stationary_prob,0.24150180237350347,0.02,False
160,2020-05-01,2020-05-29,2245952346,True,2,expected_duration_days,2.4900050999305305,5.0,True
160,2020-05-01,2020-05-29,2245952346,True,2,stationary_prob,0.4943680707861496,0.02,False
160,2020-05-01,2020-05-29,2245952346,True,3,expected_duration_days,1.4306908482628078,5.0,True
160,2020-05-01,2020-05-29,2245952346,True,3,stationary_prob,0.07898328402027567,0.02,False
160,2020-05-01,2020-05-29,1766314086,True,0,expected_duration_days,11.987315950676683,5.0,False
160,2020-05-01,2020-05-29,1766314086,True,0,stationary_prob,0.2610065402949462,0.02,False
160,2020-05-01,2020-05-29,1766314086,True,1,expected_duration_days,1.724147550448362,5.0,True
160,2020-05-01,2020-05-29,1766314086,True,1,stationary_prob,0.06054924310497073,0.02,False
160,2020-05-01,2020-05-29,1766314086,True,2,expected_duration_days,1.4290956482064898,5.0,True
160,2020-05-01,2020-05-29,1766314086,True,2,stationary_prob,0.1745694106278389,0.02,False
160,2020-05-01,2020-05-29,1766314086,True,3,expected_duration_days,3.9405327595649027,5.0,True
160,2020-05-01,2020-05-29,1766314086,True,3,stationary_prob,0.5038748059722443,0.02,False
160,2020-05-01,2020-05-29,3171901758,True,0,expected_duration_days,1.143266586087157,5.0,True
160,2020-05-01,2020-05-29,3171901758,True,0,stationary_prob,0.061155048493996604,0.02,False
160,2020-05-01,2020-05-29,3171901758,True,1,expected_duration_days,1.2734313225959277,5.0,True
160,2020-05-01,2020-05-29,3171901758,True,1,stationary_prob,0.11988600132791309,0.02,False
160,2020-05-01,2020-05-29,3171901758,True,2,expected_duration_days,5.378153074250721,5.0,False
160,2020-05-01,2020-05-29,3171901758,True,2,stationary_prob,0.6620041261473701,0.02,False
160,2020-05-01,2020-05-29,3171901758,True,3,expected_duration_days,10.41268448448479,5.0,False
160,2020-05-01,2020-05-29,3171901758,True,3,stationary_prob,0.15695482403072003,0.02,False
160,2020-05-01,2020-05-29,698697523,True,0,expected_duration_days,2.3136710272077994,5.0,True
160,2020-05-01,2020-05-29,698697523,True,0,stationary_prob,0.28594123766130014,0.02,False
160,2020-05-01,2020-05-29,698697523,True,1,expected_duration_days,1.9581223267922991,5.0,True
160,2020-05-01,2020-05-29,698697523,True,1,stationary_prob,0.06465913007954074,0.02,False
160,2020-05-01,2020-05-29,698697523,True,2,expected_duration_days,1.702573202902513,5.0,True
160,2020-05-01,2020-05-29,698697523,True,2,stationary_prob,0.2149899601567322,0.02,False
160,2020-05-01,2020-05-29,698697523,True,3,expected_duration_days,15.150229164790536,5.0,False
160,2020-05-01,2020-05-29,698697523,True,3,stationary_prob,0.4344096721024268,0.02,False
160,2020-05-01,2020-05-29,1730937268,True,0,expected_duration_days,2.230258927596601,5.0,True
160,2020-05-01,2020-05-29,1730937268,True,0,stationary_prob,0.05773318510031228,0.02,False
160,2020-05-01,2020-05-29,1730937268,True,1,expected_duration_days,1.5327133755971605,5.0,True
160,2020-05-01,2020-05-29,1730937268,True,1,stationary_prob,0.12462930120784942,0.02,False
160,2020-05-01,2020-05-29,1730937268,True,2,expected_duration_days,8.966426679705203,5.0,False
160,2020-05-01,2020-05-29,1730937268,True,2,stationary_prob,0.26691802110180973,0.02,False
160,2020-05-01,2020-05-29,1730937268,True,3,expected_duration_days,6.73867879152746,5.0,False
160,2020-05-01,2020-05-29,1730937268,True,3,stationary_prob,0.5507194925900286,0.02,False
161,2020-06-01,2020-06-30,1264459002,True,0,expected_duration_days,1.428364372536305,5.0,True
161,2020-06-01,2020-06-30,1264459002,True,0,stationary_prob,0.17426012727546938,0.02,False
161,2020-06-01,2020-06-30,1264459002,True,1,expected_duration_days,1.7275670336628797,5.0,True
161,2020-06-01,2020-06-30,1264459002,True,1,stationary_prob,0.06077167686144969,0.02,False
161,2020-06-01,2020-06-30,1264459002,True,2,expected_duration_days,11.640711942039708,5.0,False
161,2020-06-01,2020-06-30,1264459002,True,2,stationary_prob,0.25968367912538026,0.02,False
161,2020-06-01,2020-06-30,1264459002,True,3,expected_duration_days,3.956553386896055,5.0,True
161,2020-06-01,2020-06-30,1264459002,True,3,stationary_prob,0.5052845167377007,0.02,False
161,2020-06-01,2020-06-30,3180834075,True,0,expected_duration_days,3.96701375877411,5.0,True
161,2020-06-01,2020-06-30,3180834075,True,0,stationary_prob,0.5058292022673211,0.02,False
161,2020-06-01,2020-06-30,3180834075,True,1,expected_duration_days,11.63679001324188,5.0,False
161,2020-06-01,2020-06-30,3180834075,True,1,stationary_prob,0.25960672834346,0.02,False
161,2020-06-01,2020-06-30,3180834075,True,2,expected_duration_days,1.7283289185223871,5.0,True
161,2020-06-01,2020-06-30,3180834075,True,2,stationary_prob,0.06069875643208192,0.02,False
161,2020-06-01,2020-06-30,3180834075,True,3,expected_duration_days,1.4277281794164953,5.0,True
161,2020-06-01,2020-06-30,3180834075,True,3,stationary_prob,0.17386531295713697,0.02,False
161,2020-06-01,2020-06-30,470761923,True,0,expected_duration_days,1.7274477498935985,5.0,True
161,2020-06-01,2020-06-30,470761923,True,0,stationary_prob,0.06078439843530681,0.02,False
161,2020-06-01,2020-06-30,470761923,True,1,expected_duration_days,3.9548792075018255,5.0,True
161,2020-06-01,2020-06-30,470761923,True,1,stationary_prob,0.5051946898943535,0.02,False
161,2020-06-01,2020-06-30,470761923,True,2,expected_duration_days,1.428464217487623,5.0,True
161,2020-06-01,2020-06-30,470761923,True,2,stationary_prob,0.1743217137306575,0.02,False
161,2020-06-01,2020-06-30,470761923,True,3,expected_duration_days,11.641519232626125,5.0,False
161,2020-06-01,2020-06-30,470761923,True,3,stationary_prob,0.2596991979396822,0.02,False
161,2020-06-01,2020-06-30,1051991830,True,0,expected_duration_days,11.641713156399328,5.0,False
161,2020-06-01,2020-06-30,1051991830,True,0,stationary_prob,0.259703396391973,0.02,False
161,2020-06-01,2020-06-30,1051991830,True,1,expected_duration_days,1.7274072730310759,5.0,True
161,2020-06-01,2020-06-30,1051991830,True,1,stationary_prob,0.06078838107058791,0.02,False
161,2020-06-01,2020-06-30,1051991830,True,2,expected_duration_days,1.4284979136953992,5.0,True
161,2020-06-01,2020-06-30,1051991830,True,2,stationary_prob,0.17434277061276718,0.02,False
161,2020-06-01,2020-06-30,1051991830,True,3,expected_duration_days,3.9543227565324144,5.0,True
161,2020-06-01,2020-06-30,1051991830,True,3,stationary_prob,0.5051654519246719,0.02,False
161,2020-06-01,2020-06-30,4033297989,True,0,expected_duration_days,12.261518358488775,5.0,False
161,2020-06-01,2020-06-30,4033297989,True,0,stationary_prob,0.29821741422296316,0.02,False
161,2020-06-01,2020-06-30,4033297989,True,1,expected_duration_days,1.6077469255767087,5.0,True
161,2020-06-01,2020-06-30,4033297989,True,1,stationary_prob,0.0829495548208956,0.02,False
161,2020-06-01,2020-06-30,4033297989,True,2,expected_duration_days,1.3214043805721158,5.0,True
161,2020-06-01,2020-06-30,4033297989,True,2,stationary_prob,0.15445296347544682,0.02,False
161,2020-06-01,2020-06-30,4033297989,True,3,expected_duration_days,3.8517182343177176,5.0,True
161,2020-06-01,2020-06-30,4033297989,True,3,stationary_prob,0.46438006748069444,0.02,False
162,2020-07-01,2020-07-31,2427303403,True,0,expected_duration_days,2.303219482624932,5.0,True
162,2020-07-01,2020-07-31,2427303403,True,0,stationary_prob,0.05969138834451858,0.02,False
162,2020-07-01,2020-07-31,2427303403,True,1,expected_duration_days,8.862484813524432,5.0,False
162,2020-07-01,2020-07-31,2427303403,True,1,stationary_prob,0.26598350305255436,0.02,False
162,2020-07-01,2020-07-31,2427303403,True,2,expected_duration_days,1.5305915105421433,5.0,True
162,2020-07-01,2020-07-31,2427303403,True,2,stationary_prob,0.12493859324442491,0.02,False
162,2020-07-01,2020-07-31,2427303403,True,3,expected_duration_days,6.702259852012368,5.0,False
162,2020-07-01,2020-07-31,2427303403,True,3,stationary_prob,0.5493865153585022,0.02,False
162,2020-07-01,2020-07-31,495739099,True,0,expected_duration_days,2.369379904618964,5.0,True
162,2020-07-01,2020-07-31,495739099,True,0,stationary_prob,0.05474394717794873,0.02,False
162,2020-07-01,2020-07-31,495739099,True,1,expected_duration_days,1.2385687407745047,5.0,True
162,2020-07-01,2020-07-31,495739099,True,1,stationary_prob,0.14603176362501555,0.02,False
162,2020-07-01,2020-07-31,495739099,True,2,expected_duration_days,1.394345464879271,5.0,True
162,2020-07-01,2020-07-31,495739099,True,2,stationary_prob,0.24966459330562188,0.02,False
162,2020-07-01,2020-07-31,495739099,True,3,expected_duration_days,2.976205941917292,5.0,True
162,2020-07-01,2020-07-31,495739099,True,3,stationary_prob,0.5495596958914137,0.02,False
162,2020-07-01,2020-07-31,80220638,True,0,expected_duration_days,1.629280097258952,5.0,True
162,2020-07-01,2020-07-31,80220638,True,0,stationary_prob,0.16937757180999466,0.02,False
162,2020-07-01,2020-07-31,80220638,True,1,expected_duration_days,10.95479511220474,5.0,False
162,2020-07-01,2020-07-31,80220638,True,1,stationary_prob,0.26973169590813584,0.02,False
162,2020-07-01,2020-07-31,80220638,True,2,expected_duration_days,4.966292868859861,5.0,True
162,2020-07-01,2020-07-31,80220638,True,2,stationary_prob,0.5145759630718459,0.02,False
162,2020-07-01,2020-07-31,80220638,True,3,expected_duration_days,2.0625372011258554,5.0,True
162,2020-07-01,2020-07-31,80220638,True,3,stationary_prob,0.046314769210023525,0.02,False
162,2020-07-01,2020-07-31,4161642710,True,0,expected_duration_days,1.4042622892867112,5.0,True
162,2020-07-01,2020-07-31,4161642710,True,0,stationary_prob,0.23333760672061252,0.02,False
162,2020-07-01,2020-07-31,4161642710,True,1,expected_duration_days,9.90017253936587,5.0,False
162,2020-07-01,2020-07-31,4161642710,True,1,stationary_prob,0.18725756083330466,0.02,False
162,2020-07-01,2020-07-31,4161642710,True,2,expected_duration_days,2.6397442429655382,5.0,True
162,2020-07-01,2020-07-31,4161642710,True,2,stationary_prob,0.5038925048884693,0.02,False
162,2020-07-01,2020-07-31,4161642710,True,3,expected_duration_days,1.3886931913299736,5.0,True
162,2020-07-01,2020-07-31,4161642710,True,3,stationary_prob,0.07551232755761356,0.02,False
162,2020-07-01,2020-07-31,1922172474,True,0,expected_duration_days,2.529172096769955,5.0,True
162,2020-07-01,2020-07-31,1922172474,True,0,stationary_prob,0.49961101077891873,0.02,False
162,2020-07-01,2020-07-31,1922172474,True,1,expected_duration_days,1.4266957265190678,5.0,True
162,2020-07-01,2020-07-31,1922172474,True,1,stationary_prob,0.07799990822924278,0.02,False
162,2020-07-01,2020-07-31,1922172474,True,2,expected_duration_days,9.365987167918629,5.0,False
162,2020-07-01,2020-07-31,1922172474,True,2,stationary_prob,0.1853917092240433,0.02,False
162,2020-07-01,2020-07-31,1922172474,True,3,expected_duration_days,1.3961764619185189,5.0,True
162,2020-07-01,2020-07-31,1922172474,True,3,stationary_prob,0.2369973717677952,0.02,False
163,2020-08-03,2020-08-31,465990658,True,0,expected_duration_days,3.9467815174790375,5.0,True
163,2020-08-03,2020-08-31,465990658,True,0,stationary_prob,0.46427955125776516,0.02,False
163,2020-08-03,2020-08-31,465990658,True,1,expected_duration_days,1.3196835301552048,5.0,True
163,2020-08-03,2020-08-31,465990658,True,1,stationary_prob,0.15003206749683773,0.02,False
163,2020-08-03,2020-08-31,465990658,True,2,expected_duration_days,1.5972255348983833,5.0,True
163,2020-08-03,2020-08-31,465990658,True,2,stationary_prob,0.08434199533059324,0.02,False
163,2020-08-03,2020-08-31,465990658,True,3,expected_duration_days,11.842179117238988,5.0,False
163,2020-08-03,2020-08-31,465990658,True,3,stationary_prob,0.301346385914804,0.02,False
163,2020-08-03,2020-08-31,2666407004,True,0,expected_duration_days,8.916728351939229,5.0,False
163,2020-08-03,2020-08-31,2666407004,True,0,stationary_prob,0.26376655911488517,0.02,False
163,2020-08-03,2020-08-31,2666407004,True,1,expected_duration_days,6.669630466538868,5.0,False
163,2020-08-03,2020-08-31,2666407004,True,1,stationary_prob,0.5505512058804647,0.02,False
163,2020-08-03,2020-08-31,2666407004,True,2,expected_duration_days,1.5284732003595738,5.0,True
163,2020-08-03,2020-08-31,2666407004,True,2,stationary_prob,0.1266955061843473,0.02,False
163,2020-08-03,2020-08-31,2666407004,True,3,expected_duration_days,2.3412205026864505,5.0,True
163,2020-08-03,2020-08-31,2666407004,True,3,stationary_prob,0.058986728820302724,0.02,False
163,2020-08-03,2020-08-31,3743715412,True,0,expected_duration_days,11.211263150996496,5.0,False
163,2020-08-03,2020-08-31,3743715412,True,0,stationary_prob,0.26313734318961485,0.02,False
163,2020-08-03,2020-08-31,3743715412,True,1,expected_duration_days,1.7239982903805287,5.0,True
163,2020-08-03,2020-08-31,3743715412,True,1,stationary_prob,0.062140619282603574,0.02,False
163,2020-08-03,2020-08-31,3743715412,True,2,expected_duration_days,3.9621862954503677,5.0,True
163,2020-08-03,2020-08-31,3743715412,True,2,stationary_prob,0.5019350162188054,0.02,False
163,2020-08-03,2020-08-31,3743715412,True,3,expected_duration_days,1.4261382714330681,5.0,True
163,2020-08-03,2020-08-31,3743715412,True,3,stationary_prob,0.17278702130897622,0.02,False
163,2020-08-03,2020-08-31,3384405173,True,0,expected_duration_days,10.73073662767785,5.0,False
163,2020-08-03,2020-08-31,3384405173,True,0,stationary_prob,0.15751453661854112,0.02,False
163,2020-08-03,2020-08-31,3384405173,True,1,expected_duration_days,3.3830981985354516,5.0,True
163,2020-08-03,2020-08-31,3384405173,True,1,stationary_prob,0.5728654943378241,0.02,False
163,2020-08-03,2020-08-31,3384405173,True,2,expected_duration_days,1.244762463806555,5.0,True
163,2020-08-03,2020-08-31,3384405173,True,2,stationary_prob,0.10226866907019116,0.02,False
163,2020-08-03,2020-08-31,3384405173,True,3,expected_duration_days,1.2512481794470882,5.0,True
163,2020-08-03,2020-08-31,3384405173,True,3,stationary_prob,0.1673512999734438,0.02,False
163,2020-08-03,2020-08-31,451867464,True,0,expected_duration_days,1.391115942814355,5.0,True
163,2020-08-03,2020-08-31,451867464,True,0,stationary_prob,0.24882662044199008,0.02,False
163,2020-08-03,2020-08-31,451867464,True,1,expected_duration_days,2.962366107977332,5.0,True
163,2020-08-03,2020-08-31,451867464,True,1,stationary_prob,0.548652817550726,0.02,False
163,2020-08-03,2020-08-31,451867464,True,2,expected_duration_days,1.2460049136975995,5.0,True
163,2020-08-03,2020-08-31,451867464,True,2,stationary_prob,0.14758868369162756,0.02,False
163,2020-08-03,2020-08-31,451867464,True,3,expected_duration_days,2.350242536646176,5.0,True
163,2020-08-03,2020-08-31,451867464,True,3,stationary_prob,0.05493187831565622,0.02,False
164,2020-09-01,2020-09-30,3765302307,True,0,expected_duration_days,10.687184067580054,5.0,False
164,2020-09-01,2020-09-30,3765302307,True,0,stationary_prob,0.2648453194633914,0.02,False
164,2020-09-01,2020-09-30,3765302307,True,1,expected_duration_days,2.0622871866809076,5.0,True
164,2020-09-01,2020-09-30,3765302307,True,1,stationary_prob,0.04600670660619853,0.02,False
164,2020-09-01,2020-09-30,3765302307,True,2,expected_duration_days,1.6205543900448813,5.0,True
164,2020-09-01,2020-09-30,3765302307,True,2,stationary_prob,0.17055665238826567,0.02,False
164,2020-09-01,2020-09-30,3765302307,True,3,expected_duration_days,4.96476797566359,5.0,True
164,2020-09-01,2020-09-30,3765302307,True,3,stationary_prob,0.5185913215421444,0.02,False
164,2020-09-01,2020-09-30,2853112080,True,0,expected_duration_days,3.9737067726026183,5.0,True
164,2020-09-01,2020-09-30,2853112080,True,0,stationary_prob,0.5059393142802304,0.02,False
164,2020-09-01,2020-09-30,2853112080,True,1,expected_duration_days,11.045543828755603,5.0,False
164,2020-09-01,2020-09-30,2853112080,True,1,stationary_prob,0.2595420372125759,0.02,False
164,2020-09-01,2020-09-30,2853112080,True,2,expected_duration_days,1.7256635672091512,5.0,True
164,2020-09-01,2020-09-30,2853112080,True,2,stationary_prob,0.061345639042600604,0.02,False
164,2020-09-01,2020-09-30,2853112080,True,3,expected_duration_days,1.4213340868439905,5.0,True
164,2020-09-01,2020-09-30,2853112080,True,3,stationary_prob,0.17317300946459313,0.02,False
164,2020-09-01,2020-09-30,2678181847,True,0,expected_duration_days,2.367293588433427,5.0,True
164,2020-09-01,2020-09-30,2678181847,True,0,stationary_prob,0.05785596659747623,0.02,False
164,2020-09-01,2020-09-30,2678181847,True,1,expected_duration_days,1.5215707887140153,5.0,True
164,2020-09-01,2020-09-30,2678181847,True,1,stationary_prob,0.12720970076250865,0.02,False
164,2020-09-01,2020-09-30,2678181847,True,2,expected_duration_days,8.949923342258401,5.0,False
164,2020-09-01,2020-09-30,2678181847,True,2,stationary_prob,0.261296306011505,0.02,False
164,2020-09-01,2020-09-30,2678181847,True,3,expected_duration_days,6.698804453774283,5.0,False
164,2020-09-01,2020-09-30,2678181847,True,3,stationary_prob,0.5536380266285101,0.02,False
164,2020-09-01,2020-09-30,4065105768,True,0,expected_duration_days,8.931650979773476,5.0,False
164,2020-09-01,2020-09-30,4065105768,True,0,stationary_prob,0.2613313295892129,0.02,False
164,2020-09-01,2020-09-30,4065105768,True,1,expected_duration_days,2.3644317955688456,5.0,True
164,2020-09-01,2020-09-30,4065105768,True,1,stationary_prob,0.057884214268010534,0.02,False
164,2020-09-01,2020-09-30,4065105768,True,2,expected_duration_days,1.521597255554594,5.0,True
164,2020-09-01,2020-09-30,4065105768,True,2,stationary_prob,0.12720350084717938,0.02,False
164,2020-09-01,2020-09-30,4065105768,True,3,expected_duration_days,6.697929049552879,5.0,False
164,2020-09-01,2020-09-30,4065105768,True,3,stationary_prob,0.5535809552955971,0.02,False
164,2020-09-01,2020-09-30,138012684,True,0,expected_duration_days,2.366616681467491,5.0,True
164,2020-09-01,2020-09-30,138012684,True,0,stationary_prob,0.057862140332011626,0.02,False
164,2020-09-01,2020-09-30,138012684,True,1,expected_duration_days,8.945556181610884,5.0,False
164,2020-09-01,2020-09-30,138012684,True,1,stationary_prob,0.26130309017988584,0.02,False
164,2020-09-01,2020-09-30,138012684,True,2,expected_duration_days,6.698520257806084,5.0,False
164,2020-09-01,2020-09-30,138012684,True,2,stationary_prob,0.5536250314097806,0.02,False
164,2020-09-01,2020-09-30,138012684,True,3,expected_duration_days,1.5215790102148103,5.0,True
164,2020-09-01,2020-09-30,138012684,True,3,stationary_prob,0.12720973807832178,0.02,False
165,2020-10-01,2020-10-30,3245714700,True,0,expected_duration_days,6.727651086431023,5.0,False
165,2020-10-01,2020-10-30,3245714700,True,0,stationary_prob,0.5550772812014285,0.02,False
165,2020-10-01,2020-10-30,3245714700,True,1,expected_duration_days,2.360324669779794,5.0,True
165,2020-10-01,2020-10-30,3245714700,True,1,stationary_prob,0.05767573442927732,0.02,False
165,2020-10-01,2020-10-30,3245714700,True,2,expected_duration_days,1.5223793458929644,5.0,True
165,2020-10-01,2020-10-30,3245714700,True,2,stationary_prob,0.12702819088653844,0.02,False
165,2020-10-01,2020-10-30,3245714700,True,3,expected_duration_days,8.908550404980067,5.0,False
165,2020-10-01,2020-10-30,3245714700,True,3,stationary_prob,0.26021879348275573,0.02,False
165,2020-10-01,2020-10-30,2248829845,True,0,expected_duration_days,1.2486730934953867,5.0,True
165,2020-10-01,2020-10-30,2248829845,True,0,stationary_prob,0.16515718445253078,0.02,False
165,2020-10-01,2020-10-30,2248829845,True,1,expected_duration_days,1.2403579889134895,5.0,True
165,2020-10-01,2020-10-30,2248829845,True,1,stationary_prob,0.1018284899968657,0.02,False
165,2020-10-01,2020-10-30,2248829845,True,2,expected_duration_days,3.4486989722801544,5.0,True
165,2020-10-01,2020-10-30,2248829845,True,2,stationary_prob,0.578147923709224,0.02,False
165,2020-10-01,2020-10-30,2248829845,True,3,expected_duration_days,10.796367473748532,5.0,False
165,2020-10-01,2020-10-30,2248829845,True,3,stationary_prob,0.15486640184137954,0.02,False
165,2020-10-01,2020-10-30,2307471703,True,0,expected_duration_days,6.72762457452286,5.0,False
165,2020-10-01,2020-10-30,2307471703,True,0,stationary_prob,0.5550719387953358,0.02,False
165,2020-10-01,2020-10-30,2307471703,True,1,expected_duration_days,8.90766501964236,5.0,False
165,2020-10-01,2020-10-30,2307471703,True,1,stationary_prob,0.2602237331556821,0.02,False
165,2020-10-01,2020-10-30,2307471703,True,2,expected_duration_days,1.522378196077607,5.0,True
165,2020-10-01,2020-10-30,2307471703,True,2,stationary_prob,0.1270274367744008,0.02,False
165,2020-10-01,2020-10-30,2307471703,True,3,expected_duration_days,2.36021592528137,5.0,True
165,2020-10-01,2020-10-30,2307471703,True,3,stationary_prob,0.05767689127458137,0.02,False
165,2020-10-01,2020-10-30,689746796,True,0,expected_duration_days,8.93008889947761,5.0,False
165,2020-10-01,2020-10-30,689746796,True,0,stationary_prob,0.26012416193475846,0.02,False
165,2020-10-01,2020-10-30,689746796,True,1,expected_duration_days,1.522385456241392,5.0,True
165,2020-10-01,2020-10-30,689746796,True,1,stationary_prob,0.1270420108205592,0.02,False
165,2020-10-01,2020-10-30,689746796,True,2,expected_duration_days,2.36317813360909,5.0,True
165,2020-10-01,2020-10-30,689746796,True,2,stationary_prob,0.057647810087532315,0.02,False
165,2020-10-01,2020-10-30,689746796,True,3,expected_duration_days,6.728532661431812,5.0,False
165,2020-10-01,2020-10-30,689746796,True,3,stationary_prob,0.55518601715715,0.02,False
165,2020-10-01,2020-10-30,2275754536,True,0,expected_duration_days,10.678705048594594,5.0,False
165,2020-10-01,2020-10-30,2275754536,True,0,stationary_prob,0.2635796785242805,0.02,False
165,2020-10-01,2020-10-30,2275754536,True,1,expected_duration_days,1.6211892083358763,5.0,True
165,2020-10-01,2020-10-30,2275754536,True,1,stationary_prob,0.1705291652257011,0.02,False
165,2020-10-01,2020-10-30,2275754536,True,2,expected_duration_days,2.0608336239348324,5.0,True
165,2020-10-01,2020-10-30,2275754536,True,2,stationary_prob,0.0458137704073863,0.02,False
165,2020-10-01,2020-10-30,2275754536,True,3,expected_duration_days,4.98071467474505,5.0,True
165,2020-10-01,2020-10-30,2275754536,True,3,stationary_prob,0.5200773858426322,0.02,False
166,2020-11-02,2020-11-30,1012640867,True,0,expected_duration_days,3.461225916612678,5.0,True
166,2020-11-02,2020-11-30,1012640867,True,0,stationary_prob,0.5784368088205618,0.02,False
166,2020-11-02,2020-11-30,1012640867,True,1,expected_duration_days,1.2453499981815146,5.0,True
166,2020-11-02,2020-11-30,1012640867,True,1,stationary_prob,0.10143095739614512,0.02,False
166,2020-11-02,2020-11-30,1012640867,True,2,expected_duration_days,10.850819692313308,5.0,False
166,2020-11-02,2020-11-30,1012640867,True,2,stationary_prob,0.15236918196750165,0.02,False
166,2020-11-02,2020-11-30,1012640867,True,3,expected_duration_days,1.2532734861808423,5.0,True
166,2020-11-02,2020-11-30,1012640867,True,3,stationary_prob,0.16776305181579146,0.02,False
166,2020-11-02,2020-11-30,4186998541,True,0,expected_duration_days,1.4292116474479857,5.0,True
166,2020-11-02,2020-11-30,4186998541,True,0,stationary_prob,0.17486802019076428,0.02,False
166,2020-11-02,2020-11-30,4186998541,True,1,expected_duration_days,3.9917663893701896,5.0,True
166,2020-11-02,2020-11-30,4186998541,True,1,stationary_prob,0.5079476188617162,0.02,False
166,2020-11-02,2020-11-30,4186998541,True,2,expected_duration_days,1.7313191391258014,5.0,True
166,2020-11-02,2020-11-30,4186998541,True,2,stationary_prob,0.06068743956837301,0.02,False
166,2020-11-02,2020-11-30,4186998541,True,3,expected_duration_days,10.736958427471896,5.0,False
166,2020-11-02,2020-11-30,4186998541,True,3,stationary_prob,0.25649692137914637,0.02,False
166,2020-11-02,2020-11-30,2719705739,True,0,expected_duration_days,2.7198924003250724,5.0,True
166,2020-11-02,2020-11-30,2719705739,True,0,stationary_prob,0.5076169990501229,0.02,False
166,2020-11-02,2020-11-30,2719705739,True,1,expected_duration_days,1.3931033800428363,5.0,True
166,2020-11-02,2020-11-30,2719705739,True,1,stationary_prob,0.07344984183611156,0.02,False
166,2020-11-02,2020-11-30,2719705739,True,2,expected_duration_days,9.919360981568047,5.0,False
166,2020-11-02,2020-11-30,2719705739,True,2,stationary_prob,0.18833883757337347,0.02,False
166,2020-11-02,2020-11-30,2719705739,True,3,expected_duration_days,1.4068006889038092,5.0,True
166,2020-11-02,2020-11-30,2719705739,True,3,stationary_prob,0.2305943215403921,0.02,False
166,2020-11-02,2020-11-30,849571943,True,0,expected_duration_days,10.736968253627019,5.0,False
166,2020-11-02,2020-11-30,849571943,True,0,stationary_prob,0.2564970868640533,0.02,False
166,2020-11-02,2020-11-30,849571943,True,1,expected_duration_days,1.731315609222876,5.0,True
166,2020-11-02,2020-11-30,849571943,True,1,stationary_prob,0.06068773010188964,0.02,False
166,2020-11-02,2020-11-30,849571943,True,2,expected_duration_days,1.4292143681935339,5.0,True
166,2020-11-02,2020-11-30,849571943,True,2,stationary_prob,0.17486971430437834,0.02,False
166,2020-11-02,2020-11-30,849571943,True,3,expected_duration_days,3.991721336706895,5.0,True
166,2020-11-02,2020-11-30,849571943,True,3,stationary_prob,0.5079454687296786,0.02,False
166,2020-11-02,2020-11-30,1919937573,True,0,expected_duration_days,10.73699308958828,5.0,False
166,2020-11-02,2020-11-30,1919937573,True,0,stationary_prob,0.25649663400947903,0.02,False
166,2020-11-02,2020-11-30,1919937573,True,1,expected_duration_days,1.7313157852069847,5.0,True
166,2020-11-02,2020-11-30,1919937573,True,1,stationary_prob,0.06068759368702208,0.02,False
166,2020-11-02,2020-11-30,1919937573,True,2,expected_duration_days,1.4292146411291637,5.0,True
166,2020-11-02,2020-11-30,1919937573,True,2,stationary_prob,0.17486899740380302,0.02,False
166,2020-11-02,2020-11-30,1919937573,True,3,expected_duration_days,3.9917194803943876,5.0,True
166,2020-11-02,2020-11-30,1919937573,True,3,stationary_prob,0.507946774899696,0.02,False
167,2020-12-01,2020-12-31,1363655269,True,0,expected_duration_days,1.389324379893846,5.0,True
167,2020-12-01,2020-12-31,1363655269,True,0,stationary_prob,0.24876578011190942,0.02,False
167,2020-12-01,2020-12-31,1363655269,True,1,expected_duration_days,2.9770183726377093,5.0,True
167,2020-12-01,2020-12-31,1363655269,True,1,stationary_prob,0.5470480636921452,0.02,False
167,2020-12-01,2020-12-31,1363655269,True,2,expected_duration_days,2.340192747818274,5.0,True
167,2020-12-01,2020-12-31,1363655269,True,2,stationary_prob,0.054626385195454534,0.02,False
167,2020-12-01,2020-12-31,1363655269,True,3,expected_duration_days,1.2479453502560913,5.0,True
167,2020-12-01,2020-12-31,1363655269,True,3,stationary_prob,0.14955977100049095,0.02,False
167,2020-12-01,2020-12-31,3251389711,True,0,expected_duration_days,1.7401781259631233,5.0,True
167,2020-12-01,2020-12-31,3251389711,True,0,stationary_prob,0.061227134951734465,0.02,False
167,2020-12-01,2020-12-31,3251389711,True,1,expected_duration_days,10.845598677480703,5.0,False
167,2020-12-01,2020-12-31,3251389711,True,1,stationary_prob,0.26116713401994873,0.02,False
167,2020-12-01,2020-12-31,3251389711,True,2,expected_duration_days,3.984525392059115,5.0,True
167,2020-12-01,2020-12-31,3251389711,True,2,stationary_prob,0.5041301991638096,0.02,False
167,2020-12-01,2020-12-31,3251389711,True,3,expected_duration_days,1.4239317259904154,5.0,True
167,2020-12-01,2020-12-31,3251389711,True,3,stationary_prob,0.17347553186450726,0.02,False
167,2020-12-01,2020-12-31,2958330679,True,0,expected_duration_days,9.01728802948547,5.0,False
167,2020-12-01,2020-12-31,2958330679,True,0,stationary_prob,0.265975604801739,0.02,False
167,2020-12-01,2020-12-31,2958330679,True,1,expected_duration_days,2.378842253615922,5.0,True
167,2020-12-01,2020-12-31,2958330679,True,1,stationary_prob,0.05907097294833419,0.02,False
167,2020-12-01,2020-12-31,2958330679,True,2,expected_duration_days,6.848994618350888,5.0,False
167,2020-12-01,2020-12-31,2958330679,True,2,stationary_prob,0.5509097110219441,0.02,False
167,2020-12-01,2020-12-31,2958330679,True,3,expected_duration_days,1.5201112696825987,5.0,True
167,2020-12-01,2020-12-31,2958330679,True,3,stationary_prob,0.1240437112279826,0.02,False
167,2020-12-01,2020-12-31,1228353198,True,0,expected_duration_days,1.4239323129281871,5.0,True
167,2020-12-01,2020-12-31,1228353198,True,0,stationary_prob,0.17347726276398168,0.02,False
167,2020-12-01,2020-12-31,1228353198,True,1,expected_duration_days,1.7401755185113692,5.0,True
167,2020-12-01,2020-12-31,1228353198,True,1,stationary_prob,0.06122744612599403,0.02,False
167,2020-12-01,2020-12-31,1228353198,True,2,expected_duration_days,10.845549033599235,5.0,False
167,2020-12-01,2020-12-31,1228353198,True,2,stationary_prob,0.2611675546660123,0.02,False
167,2020-12-01,2020-12-31,1228353198,True,3,expected_duration_days,3.984510036210417,5.0,True
167,2020-12-01,2020-12-31,1228353198,True,3,stationary_prob,0.504127736444012,0.02,False
167,2020-12-01,2020-12-31,157638853,True,0,expected_duration_days,10.845970952494648,5.0,False
167,2020-12-01,2020-12-31,157638853,True,0,stationary_prob,0.2611760770059242,0.02,False
167,2020-12-01,2020-12-31,157638853,True,1,expected_duration_days,1.7400465782142538,5.0,True
167,2020-12-01,2020-12-31,157638853,True,1,stationary_prob,0.06123830227217965,0.02,False
167,2020-12-01,2020-12-31,157638853,True,2,expected_duration_days,3.9829885496841513,5.0,True
167,2020-12-01,2020-12-31,157638853,True,2,stationary_prob,0.5040521422514712,0.02,False
167,2020-12-01,2020-12-31,157638853,True,3,expected_duration_days,1.4240203879813924,5.0,True
167,2020-12-01,2020-12-31,157638853,True,3,stationary_prob,0.17353347847042494,0.02,False
168,2021-01-04,2021-01-29,2405413069,True,0,expected_duration_days,3.9940194236621407,5.0,True
168,2021-01-04,2021-01-29,2405413069,True,0,stationary_prob,0.46459629862575524,0.02,False
168,2021-01-04,2021-01-29,2405413069,True,1,expected_duration_days,11.183526543538477,5.0,False
168,2021-01-04,2021-01-29,2405413069,True,1,stationary_prob,0.30193561184418777,0.02,False
168,2021-01-04,2021-01-29,2405413069,True,2,expected_duration_days,1.5914872214763713,5.0,True
168,2021-01-04,2021-01-29,2405413069,True,2,stationary_prob,0.08445072585732316,0.02,False
168,2021-01-04,2021-01-29,2405413069,True,3,expected_duration_days,1.3233311447003497,5.0,True
168,2021-01-04,2021-01-29,2405413069,True,3,stationary_prob,0.14901736367273397,0.02,False
168,2021-01-04,2021-01-29,3006019123,True,0,expected_duration_days,1.4203064539847068,5.0,True
168,2021-01-04,2021-01-29,3006019123,True,0,stationary_prob,0.17380650074806378,0.02,False
168,2021-01-04,2021-01-29,3006019123,True,1,expected_duration_days,10.452463240773366,5.0,False
168,2021-01-04,2021-01-29,3006019123,True,1,stationary_prob,0.2618292817840669,0.02,False
168,2021-01-04,2021-01-29,3006019123,True,2,expected_duration_days,3.9494744540679876,5.0,True
168,2021-01-04,2021-01-29,3006019123,True,2,stationary_prob,0.5017362386018405,0.02,False
168,2021-01-04,2021-01-29,3006019123,True,3,expected_duration_days,1.7143481110599994,5.0,True
168,2021-01-04,2021-01-29,3006019123,True,3,stationary_prob,0.06262797886602905,0.02,False
168,2021-01-04,2021-01-29,3146357337,True,0,expected_duration_days,1.2564053785745382,5.0,True
168,2021-01-04,2021-01-29,3146357337,True,0,stationary_prob,0.1685934798186342,0.02,False
168,2021-01-04,2021-01-29,3146357337,True,1,expected_duration_days,10.663407230767218,5.0,False
168,2021-01-04,2021-01-29,3146357337,True,1,stationary_prob,0.14987760436985756,0.02,False
168,2021-01-04,2021-01-29,3146357337,True,2,expected_duration_days,3.4503214066523835,5.0,True
168,2021-01-04,2021-01-29,3146357337,True,2,stationary_prob,0.5794466371130917,0.02,False
168,2021-01-04,2021-01-29,3146357337,True,3,expected_duration_days,1.2405826100369495,5.0,True
168,2021-01-04,2021-01-29,3146357337,True,3,stationary_prob,0.10208227869841642,0.02,False
168,2021-01-04,2021-01-29,4255304773,True,0,expected_duration_days,3.949727416623074,5.0,True
168,2021-01-04,2021-01-29,4255304773,True,0,stationary_prob,0.5017468752701034,0.02,False
168,2021-01-04,2021-01-29,4255304773,True,1,expected_duration_days,10.452358553223698,5.0,False
168,2021-01-04,2021-01-29,4255304773,True,1,stationary_prob,0.26182829788854045,0.02,False
168,2021-01-04,2021-01-29,4255304773,True,2,expected_duration_days,1.4202917237544888,5.0,True
168,2021-01-04,2021-01-29,4255304773,True,2,stationary_prob,0.1737984830279531,0.02,False
168,2021-01-04,2021-01-29,4255304773,True,3,expected_duration_days,1.7143677308510399,5.0,True
168,2021-01-04,2021-01-29,4255304773,True,3,stationary_prob,0.06262634381340304,0.02,False
168,2021-01-04,2021-01-29,3665257525,True,0,expected_duration_days,1.7143936271392026,5.0,True
168,2021-01-04,2021-01-29,3665257525,True,0,stationary_prob,0.06262386598337161,0.02,False
168,2021-01-04,2021-01-29,3665257525,True,1,expected_duration_days,10.452330736320656,5.0,False
168,2021-01-04,2021-01-29,3665257525,True,1,stationary_prob,0.2618259572197538,0.02,False
168,2021-01-04,2021-01-29,3665257525,True,2,expected_duration_days,1.4202746971236648,5.0,True
168,2021-01-04,2021-01-29,3665257525,True,2,stationary_prob,0.17378597709299468,0.02,False
168,2021-01-04,2021-01-29,3665257525,True,3,expected_duration_days,3.950034546971706,5.0,True
168,2021-01-04,2021-01-29,3665257525,True,3,stationary_prob,0.5017641997038798,0.02,False
169,2021-02-01,2021-02-26,1733873896,True,0,expected_duration_days,1.2597692859227767,5.0,True
169,2021-02-01,2021-02-26,1733873896,True,0,stationary_prob,0.17132814060082233,0.02,False
169,2021-02-01,2021-02-26,1733873896,True,1,expected_duration_days,10.646064579118326,5.0,False
169,2021-02-01,2021-02-26,1733873896,True,1,stationary_prob,0.14990479322917283,0.02,False
169,2021-02-01,2021-02-26,1733873896,True,2,expected_duration_days,1.2391966117050288,5.0,True
169,2021-02-01,2021-02-26,1733873896,True,2,stationary_prob,0.10173209100180422,0.02,False
169,2021-02-01,2021-02-26,1733873896,True,3,expected_duration_days,3.4062764167293054,5.0,True
169,2021-02-01,2021-02-26,1733873896,True,3,stationary_prob,0.5770349751682007,0.02,False
169,2021-02-01,2021-02-26,4249464934,True,0,expected_duration_days,2.0291880584474926,5.0,True
169,2021-02-01,2021-02-26,4249464934,True,0,stationary_prob,0.047402006753928465,0.02,False
169,2021-02-01,2021-02-26,4249464934,True,1,expected_duration_days,4.917987215246924,5.0,True
169,2021-02-01,2021-02-26,4249464934,True,1,stationary_prob,0.5144219205062958,0.02,False
169,2021-02-01,2021-02-26,4249464934,True,2,expected_duration_days,1.6103917852599305,5.0,True
169,2021-02-01,2021-02-26,4249464934,True,2,stationary_prob,0.16973692369530693,0.02,False
169,2021-02-01,2021-02-26,4249464934,True,3,expected_duration_days,10.194052931609644,5.0,False
169,2021-02-01,2021-02-26,4249464934,True,3,stationary_prob,0.26843914904446875,0.02,False
169,2021-02-01,2021-02-26,3720071920,True,0,expected_duration_days,1.610386054478257,5.0,True
169,2021-02-01,2021-02-26,3720071920,True,0,stationary_prob,0.1697360241692783,0.02,False
169,2021-02-01,2021-02-26,3720071920,True,1,expected_duration_days,2.0292121709011526,5.0,True
169,2021-02-01,2021-02-26,3720071920,True,1,stationary_prob,0.04740182033631773,0.02,False
169,2021-02-01,2021-02-26,3720071920,True,2,expected_duration_days,4.9180514588470485,5.0,True
169,2021-02-01,2021-02-26,3720071920,True,2,stationary_prob,0.5144214195360424,0.02,False
169,2021-02-01,2021-02-26,3720071920,True,3,expected_duration_days,10.194156418872028,5.0,False
169,2021-02-01,2021-02-26,3720071920,True,3,stationary_prob,0.2684407359583616,0.02,False
169,2021-02-01,2021-02-26,816675602,True,0,expected_duration_days,1.7104222421693163,5.0,True
169,2021-02-01,2021-02-26,816675602,True,0,stationary_prob,0.062422746692904034,0.02,False
169,2021-02-01,2021-02-26,816675602,True,1,expected_duration_days,10.476381553581037,5.0,False
169,2021-02-01,2021-02-26,816675602,True,1,stationary_prob,0.25888164265280944,0.02,False
169,2021-02-01,2021-02-26,816675602,True,2,expected_duration_days,3.8817471897630806,5.0,True
169,2021-02-01,2021-02-26,816675602,True,2,stationary_prob,0.502442929266227,0.02,False
169,2021-02-01,2021-02-26,816675602,True,3,expected_duration_days,1.4161643210379697,5.0,True
169,2021-02-01,2021-02-26,816675602,True,3,stationary_prob,0.17625268138805958,0.02,False
169,2021-02-01,2021-02-26,920759649,True,0,expected_duration_days,3.853921393551439,5.0,True
169,2021-02-01,2021-02-26,920759649,True,0,stationary_prob,0.4628444580637482,0.02,False
169,2021-02-01,2021-02-26,920759649,True,1,expected_duration_days,11.24402277423322,5.0,False
169,2021-02-01,2021-02-26,920759649,True,1,stationary_prob,0.2982999928765099,0.02,False
169,2021-02-01,2021-02-26,920759649,True,2,expected_duration_days,1.5924752205993093,5.0,True
169,2021-02-01,2021-02-26,920759649,True,2,stationary_prob,0.08406206595353885,0.02,False
169,2021-02-01,2021-02-26,920759649,True,3,expected_duration_days,1.3277852138472634,5.0,True
169,2021-02-01,2021-02-26,920759649,True,3,stationary_prob,0.15479348310620308,0.02,False
170,2021-03-01,2021-03-31,1870629427,True,0,expected_duration_days,1.3238132048180689,5.0,True
170,2021-03-01,2021-03-31,1870629427,True,0,stationary_prob,0.1535981970702925,0.02,False
170,2021-03-01,2021-03-31,1870629427,True,1,expected_duration_days,3.8900793508378877,5.0,True
170,2021-03-01,2021-03-31,1870629427,True,1,stationary_prob,0.4653860186375408,0.02,False
170,2021-03-01,2021-03-31,1870629427,True,2,expected_duration_days,11.248562752248816,5.0,False
170,2021-03-01,2021-03-31,1870629427,True,2,stationary_prob,0.29731565439773816,0.02,False
170,2021-03-01,2021-03-31,1870629427,True,3,expected_duration_days,1.5930745209882318,5.0,True
170,2021-03-01,2021-03-31,1870629427,True,3,stationary_prob,0.08370012989442847,0.02,False
170,2021-03-01,2021-03-31,2189083714,True,0,expected_duration_days,1.7123501536225632,5.0,True
170,2021-03-01,2021-03-31,2189083714,True,0,stationary_prob,0.06208975544621372,0.02,False
170,2021-03-01,2021-03-31,2189083714,True,1,expected_duration_days,3.9436358310519917,5.0,True
170,2021-03-01,2021-03-31,2189083714,True,1,stationary_prob,0.5059758396001716,0.02,False
170,2021-03-01,2021-03-31,2189083714,True,2,expected_duration_days,10.48368688603219,5.0,False
170,2021-03-01,2021-03-31,2189083714,True,2,stationary_prob,0.2582087314235118,0.02,False
170,2021-03-01,2021-03-31,2189083714,True,3,expected_duration_days,1.409911502272369,5.0,True
170,2021-03-01,2021-03-31,2189083714,True,3,stationary_prob,0.1737256735301029,0.02,False
170,2021-03-01,2021-03-31,503747651,True,0,expected_duration_days,10.193557004907158,5.0,False
170,2021-03-01,2021-03-31,503747651,True,0,stationary_prob,0.2677574254264331,0.02,False
170,2021-03-01,2021-03-31,503747651,True,1,expected_duration_days,4.964509158071567,5.0,True
170,2021-03-01,2021-03-31,503747651,True,1,stationary_prob,0.5166985726355224,0.02,False
170,2021-03-01,2021-03-31,503747651,True,2,expected_duration_days,1.6048253908597256,5.0,True
170,2021-03-01,2021-03-31,503747651,True,2,stationary_prob,0.16824622077063323,0.02,False
170,2021-03-01,2021-03-31,503747651,True,3,expected_duration_days,2.028190214830433,5.0,True
170,2021-03-01,2021-03-31,503747651,True,3,stationary_prob,0.04729778116741118,0.02,False
170,2021-03-01,2021-03-31,281624653,True,0,expected_duration_days,1.5099510354900432,5.0,True
170,2021-03-01,2021-03-31,281624653,True,0,stationary_prob,0.12295963150486372,0.02,False
170,2021-03-01,2021-03-31,281624653,True,1,expected_duration_days,8.601631827064535,5.0,False
170,2021-03-01,2021-03-31,281624653,True,1,stationary_prob,0.2648489518851246,0.02,False
170,2021-03-01,2021-03-31,281624653,True,2,expected_duration_days,6.891716921076854,5.0,False
170,2021-03-01,2021-03-31,281624653,True,2,stationary_prob,0.5527494720509026,0.02,False
170,2021-03-01,2021-03-31,281624653,True,3,expected_duration_days,2.3184972503714256,5.0,True
170,2021-03-01,2021-03-31,281624653,True,3,stationary_prob,0.05944194455910914,0.02,False
170,2021-03-01,2021-03-31,3019091660,True,0,expected_duration_days,3.9497394212425085,5.0,True
170,2021-03-01,2021-03-31,3019091660,True,0,stationary_prob,0.5058784879516177,0.02,False
170,2021-03-01,2021-03-31,3019091660,True,1,expected_duration_days,1.7126464526666114,5.0,True
170,2021-03-01,2021-03-31,3019091660,True,1,stationary_prob,0.06209055330234021,0.02,False
170,2021-03-01,2021-03-31,3019091660,True,2,expected_duration_days,1.4094967579773703,5.0,True
170,2021-03-01,2021-03-31,3019091660,True,2,stationary_prob,0.17375469335118,0.02,False
170,2021-03-01,2021-03-31,3019091660,True,3,expected_duration_days,10.472633876043394,5.0,False
170,2021-03-01,2021-03-31,3019091660,True,3,stationary_prob,0.25827626539486215,0.02,False
171,2021-04-01,2021-04-30,3970723701,True,0,expected_duration_days,3.93980961660774,5.0,True
171,2021-04-01,2021-04-30,3970723701,True,0,stationary_prob,0.5054909130074186,0.02,False
171,2021-04-01,2021-04-30,3970723701,True,1,expected_duration_days,1.406860253765441,5.0,True
171,2021-04-01,2021-04-30,3970723701,True,1,stationary_prob,0.17373026960893326,0.02,False
171,2021-04-01,2021-04-30,3970723701,True,2,expected_duration_days,1.7198377482199758,5.0,True
171,2021-04-01,2021-04-30,3970723701,True,2,stationary_prob,0.0625289113901743,0.02,False
171,2021-04-01,2021-04-30,3970723701,True,3,expected_duration_days,10.509817094789211,5.0,False
171,2021-04-01,2021-04-30,3970723701,True,3,stationary_prob,0.2582499059934738,0.02,False
171,2021-04-01,2021-04-30,369961297,True,0,expected_duration_days,2.300328128210711,5.0,True
171,2021-04-01,2021-04-30,369961297,True,0,stationary_prob,0.059675931152823936,0.02,False
171,2021-04-01,2021-04-30,369961297,True,1,expected_duration_days,1.5301298547160902,5.0,True
171,2021-04-01,2021-04-30,369961297,True,1,stationary_prob,0.12086296146797325,0.02,False
171,2021-04-01,2021-04-30,369961297,True,2,expected_duration_days,8.566382666747202,5.0,False
171,2021-04-01,2021-04-30,369961297,True,2,stationary_prob,0.2651227058505215,0.02,False
171,2021-04-01,2021-04-30,369961297,True,3,expected_duration_days,7.116141001968969,5.0,False
171,2021-04-01,2021-04-30,369961297,True,3,stationary_prob,0.5543384015286813,0.02,False
171,2021-04-01,2021-04-30,4168961988,True,0,expected_duration_days,1.7200613481399556,5.0,True
171,2021-04-01,2021-04-30,4168961988,True,0,stationary_prob,0.06249881499269993,0.02,False
171,2021-04-01,2021-04-30,4168961988,True,1,expected_duration_days,3.94217930539675,5.0,True
171,2021-04-01,2021-04-30,4168961988,True,1,stationary_prob,0.5057236196221397,0.02,False
171,2021-04-01,2021-04-30,4168961988,True,2,expected_duration_days,10.512005407213858,5.0,False
171,2021-04-01,2021-04-30,4168961988,True,2,stationary_prob,0.2582055475882536,0.02,False
171,2021-04-01,2021-04-30,4168961988,True,3,expected_duration_days,1.4067578164998849,5.0,True
171,2021-04-01,2021-04-30,4168961988,True,3,stationary_prob,0.1735720177969067,0.02,False
171,2021-04-01,2021-04-30,4142079831,True,0,expected_duration_days,1.7934341117932402,5.0,True
171,2021-04-01,2021-04-30,4142079831,True,0,stationary_prob,0.3123256339594812,0.02,False
171,2021-04-01,2021-04-30,4142079831,True,1,expected_duration_days,2.8422395600945993,5.0,True
171,2021-04-01,2021-04-30,4142079831,True,1,stationary_prob,0.519733039638467,0.02,False
171,2021-04-01,2021-04-30,4142079831,True,2,expected_duration_days,1.220290199563535,5.0,True
171,2021-04-01,2021-04-30,4142079831,True,2,stationary_prob,0.0353981131498623,0.02,False
171,2021-04-01,2021-04-30,4142079831,True,3,expected_duration_days,11.062232017067476,5.0,False
171,2021-04-01,2021-04-30,4142079831,True,3,stationary_prob,0.13254321325218954,0.02,False
171,2021-04-01,2021-04-30,3540345726,True,0,expected_duration_days,1.5301656531663765,5.0,True
171,2021-04-01,2021-04-30,3540345726,True,0,stationary_prob,0.12085616109643145,0.02,False
171,2021-04-01,2021-04-30,3540345726,True,1,expected_duration_days,2.2998372920123367,5.0,True
171,2021-04-01,2021-04-30,3540345726,True,1,stationary_prob,0.059685041364830466,0.02,False
171,2021-04-01,2021-04-30,3540345726,True,2,expected_duration_days,8.56519929075766,5.0,False
171,2021-04-01,2021-04-30,3540345726,True,2,stationary_prob,0.2651164314890546,0.02,False
171,2021-04-01,2021-04-30,3540345726,True,3,expected_duration_days,7.11598975926158,5.0,False
171,2021-04-01,2021-04-30,3540345726,True,3,stationary_prob,0.5543423660496836,0.02,False
172,2021-05-03,2021-05-28,3887047178,True,0,expected_duration_days,1.5996324370163386,5.0,True
172,2021-05-03,2021-05-28,3887047178,True,0,stationary_prob,0.08287519415335995,0.02,False
172,2021-05-03,2021-05-28,3887047178,True,1,expected_duration_days,11.37742411591351,5.0,False
172,2021-05-03,2021-05-28,3887047178,True,1,stationary_prob,0.2938484472492578,0.02,False
172,2021-05-03,2021-05-28,3887047178,True,2,expected_duration_days,3.9555711885284732,5.0,True
172,2021-05-03,2021-05-28,3887047178,True,2,stationary_prob,0.46974313456845673,0.02,False
172,2021-05-03,2021-05-28,3887047178,True,3,expected_duration_days,1.3258585607355153,5.0,True
172,2021-05-03,2021-05-28,3887047178,True,3,stationary_prob,0.15353322402892558,0.02,False
172,2021-05-03,2021-05-28,1935076421,True,0,expected_duration_days,2.3208408535399503,5.0,True
172,2021-05-03,2021-05-28,1935076421,True,0,stationary_prob,0.05552048634098931,0.02,False
172,2021-05-03,2021-05-28,1935076421,True,1,expected_duration_days,1.2955512493633454,5.0,True
172,2021-05-03,2021-05-28,1935076421,True,1,stationary_prob,0.19133570585818896,0.02,False
172,2021-05-03,2021-05-28,1935076421,True,2,expected_duration_days,3.0095741768931665,5.0,True
172,2021-05-03,2021-05-28,1935076421,True,2,stationary_prob,0.5607920873400056,0.02,False
172,2021-05-03,2021-05-28,1935076421,True,3,expected_duration_days,1.259112401439743,5.0,True
172,2021-05-03,2021-05-28,1935076421,True,3,stationary_prob,0.19235172046081606,0.02,False
172,2021-05-03,2021-05-28,4145069484,True,0,expected_duration_days,2.0067759818264173,5.0,True
172,2021-05-03,2021-05-28,4145069484,True,0,stationary_prob,0.06562516481175977,0.02,False
172,2021-05-03,2021-05-28,4145069484,True,1,expected_duration_days,15.748727487007416,5.0,False
172,2021-05-03,2021-05-28,4145069484,True,1,stationary_prob,0.4340770737211127,0.02,False
172,2021-05-03,2021-05-28,4145069484,True,2,expected_duration_days,2.297995843607327,5.0,True
172,2021-05-03,2021-05-28,4145069484,True,2,stationary_prob,0.2842955138206186,0.02,False
172,2021-05-03,2021-05-28,4145069484,True,3,expected_duration_days,1.7021451906637393,5.0,True
172,2021-05-03,2021-05-28,4145069484,True,3,stationary_prob,0.21600224764650885,0.02,False
172,2021-05-03,2021-05-28,1329568399,True,0,expected_duration_days,3.9056038628997767,5.0,True
172,2021-05-03,2021-05-28,1329568399,True,0,stationary_prob,0.5044561749148958,0.02,False
172,2021-05-03,2021-05-28,1329568399,True,1,expected_duration_days,1.7028585925311985,5.0,True
172,2021-05-03,2021-05-28,1329568399,True,1,stationary_prob,0.06299177793568786,0.02,False
172,2021-05-03,2021-05-28,1329568399,True,2,expected_duration_days,10.29831854621441,5.0,False
172,2021-05-03,2021-05-28,1329568399,True,2,stationary_prob,0.25785775754092743,0.02,False
172,2021-05-03,2021-05-28,1329568399,True,3,expected_duration_days,1.4077082927620321,5.0,True
172,2021-05-03,2021-05-28,1329568399,True,3,stationary_prob,0.17469428960848896,0.02,False
172,2021-05-03,2021-05-28,2696794941,True,0,expected_duration_days,8.584935778312365,5.0,False
172,2021-05-03,2021-05-28,2696794941,True,0,stationary_prob,0.26316783507566394,0.02,False
172,2021-05-03,2021-05-28,2696794941,True,1,expected_duration_days,2.2958415203307374,5.0,True
172,2021-05-03,2021-05-28,2696794941,True,1,stationary_prob,0.05933522399659228,0.02,False
172,2021-05-03,2021-05-28,2696794941,True,2,expected_duration_days,1.5272194627537206,5.0,True
172,2021-05-03,2021-05-28,2696794941,True,2,stationary_prob,0.12149719329295931,0.02,False
172,2021-05-03,2021-05-28,2696794941,True,3,expected_duration_days,7.087268003617761,5.0,False
172,2021-05-03,2021-05-28,2696794941,True,3,stationary_prob,0.5559997476347844,0.02,False
173,2021-06-01,2021-06-30,3857742135,True,0,expected_duration_days,1.261763669385743,5.0,True
173,2021-06-01,2021-06-30,3857742135,True,0,stationary_prob,0.16996600757931962,0.02,False
173,2021-06-01,2021-06-30,3857742135,True,1,expected_duration_days,1.236524985348945,5.0,True
173,2021-06-01,2021-06-30,3857742135,True,1,stationary_prob,0.0994703287660269,0.02,False
173,2021-06-01,2021-06-30,3857742135,True,2,expected_duration_days,3.4813335850265252,5.0,True
173,2021-06-01,2021-06-30,3857742135,True,2,stationary_prob,0.5825715869971374,0.02,False
173,2021-06-01,2021-06-30,3857742135,True,3,expected_duration_days,10.848704641840115,5.0,False
173,2021-06-01,2021-06-30,3857742135,True,3,stationary_prob,0.1479920766575161,0.02,False
173,2021-06-01,2021-06-30,1166587850,True,0,expected_duration_days,2.2986899176333773,5.0,True
173,2021-06-01,2021-06-30,1166587850,True,0,stationary_prob,0.05904105374433144,0.02,False
173,2021-06-01,2021-06-30,1166587850,True,1,expected_duration_days,1.5254587754200952,5.0,True
173,2021-06-01,2021-06-30,1166587850,True,1,stationary_prob,0.12212385357334146,0.02,False
173,2021-06-01,2021-06-30,1166587850,True,2,expected_duration_days,8.571058107767023,5.0,False
173,2021-06-01,2021-06-30,1166587850,True,2,stationary_prob,0.26174504167299806,0.02,False
173,2021-06-01,2021-06-30,1166587850,True,3,expected_duration_days,7.058554150295697,5.0,False
173,2021-06-01,2021-06-30,1166587850,True,3,stationary_prob,0.5570900510093291,0.02,False
173,2021-06-01,2021-06-30,120908877,True,0,expected_duration_days,1.4249962352231649,5.0,True
173,2021-06-01,2021-06-30,120908877,True,0,stationary_prob,0.07234279769856339,0.02,False
173,2021-06-01,2021-06-30,120908877,True,1,expected_duration_days,1.4029631951243242,5.0,True
173,2021-06-01,2021-06-30,120908877,True,1,stationary_prob,0.22781462607370398,0.02,False
173,2021-06-01,2021-06-30,120908877,True,2,expected_duration_days,2.795178579253338,5.0,True
173,2021-06-01,2021-06-30,120908877,True,2,stationary_prob,0.5137690600334699,0.02,False
173,2021-06-01,2021-06-30,120908877,True,3,expected_duration_days,10.553494609536461,5.0,False
173,2021-06-01,2021-06-30,120908877,True,3,stationary_prob,0.18607351619426277,0.02,False
173,2021-06-01,2021-06-30,3500259408,True,0,expected_duration_days,5.165966251879869,5.0,False
173,2021-06-01,2021-06-30,3500259408,True,0,stationary_prob,0.5239066226397426,0.02,False
173,2021-06-01,2021-06-30,3500259408,True,1,expected_duration_days,1.609407614297734,5.0,True
173,2021-06-01,2021-06-30,3500259408,True,1,stationary_prob,0.16452791436350178,0.02,False
173,2021-06-01,2021-06-30,3500259408,True,2,expected_duration_days,2.0273220055167718,5.0,True
173,2021-06-01,2021-06-30,3500259408,True,2,stationary_prob,0.04673128017041742,0.02,False
173,2021-06-01,2021-06-30,3500259408,True,3,expected_duration_days,10.242234236099673,5.0,False
173,2021-06-01,2021-06-30,3500259408,True,3,stationary_prob,0.26483418282633814,0.02,False
173,2021-06-01,2021-06-30,4039996635,True,0,expected_duration_days,1.6093092330607233,5.0,True
173,2021-06-01,2021-06-30,4039996635,True,0,stationary_prob,0.1644000335727686,0.02,False
173,2021-06-01,2021-06-30,4039996635,True,1,expected_duration_days,5.168849934012446,5.0,False
173,2021-06-01,2021-06-30,4039996635,True,1,stationary_prob,0.5240502103667299,0.02,False
173,2021-06-01,2021-06-30,4039996635,True,2,expected_duration_days,2.026507463020288,5.0,True
173,2021-06-01,2021-06-30,4039996635,True,2,stationary_prob,0.046749371082113786,0.02,False
173,2021-06-01,2021-06-30,4039996635,True,3,expected_duration_days,10.236332077720038,5.0,False
173,2021-06-01,2021-06-30,4039996635,True,3,stationary_prob,0.26480038497838765,0.02,False
174,2021-07-01,2021-07-30,3830146229,True,0,expected_duration_days,3.9443632772307753,5.0,True
174,2021-07-01,2021-07-30,3830146229,True,0,stationary_prob,0.5066782283548988,0.02,False
174,2021-07-01,2021-07-30,3830146229,True,1,expected_duration_days,1.4096650248209095,5.0,True
174,2021-07-01,2021-07-30,3830146229,True,1,stationary_prob,0.17360355271791614,0.02,False
174,2021-07-01,2021-07-30,3830146229,True,2,expected_duration_days,10.33657189751606,5.0,False
174,2021-07-01,2021-07-30,3830146229,True,2,stationary_prob,0.25710666794262044,0.02,False
174,2021-07-01,2021-07-30,3830146229,True,3,expected_duration_days,1.704820341358275,5.0,True
174,2021-07-01,2021-07-30,3830146229,True,3,stationary_prob,0.06261155098456461,0.02,False
174,2021-07-01,2021-07-30,334880812,True,0,expected_duration_days,2.283748195774823,5.0,True
174,2021-07-01,2021-07-30,334880812,True,0,stationary_prob,0.05918276231069035,0.02,False
174,2021-07-01,2021-07-30,334880812,True,1,expected_duration_days,1.5405550950255653,5.0,True
174,2021-07-01,2021-07-30,334880812,True,1,stationary_prob,0.12405051408544635,0.02,False
174,2021-07-01,2021-07-30,334880812,True,2,expected_duration_days,6.982369489843876,5.0,False
174,2021-07-01,2021-07-30,334880812,True,2,stationary_prob,0.5550017931544865,0.02,False
174,2021-07-01,2021-07-30,334880812,True,3,expected_duration_days,8.547311666611582,5.0,False
174,2021-07-01,2021-07-30,334880812,True,3,stationary_prob,0.2617649304493769,0.02,False
174,2021-07-01,2021-07-30,74226243,True,0,expected_duration_days,2.2837385514586037,5.0,True
174,2021-07-01,2021-07-30,74226243,True,0,stationary_prob,0.059182770403023104,0.02,False
174,2021-07-01,2021-07-30,74226243,True,1,expected_duration_days,6.9823789194996815,5.0,False
174,2021-07-01,2021-07-30,74226243,True,1,stationary_prob,0.5550011954635122,0.02,False
174,2021-07-01,2021-07-30,74226243,True,2,expected_duration_days,1.5405540181349446,5.0,True
174,2021-07-01,2021-07-30,74226243,True,2,stationary_prob,0.12405057071604317,0.02,False
174,2021-07-01,2021-07-30,74226243,True,3,expected_duration_days,8.547200680678603,5.0,False
174,2021-07-01,2021-07-30,74226243,True,3,stationary_prob,0.2617654634174216,0.02,False
174,2021-07-01,2021-07-30,621103178,True,0,expected_duration_days,2.02027889592426,5.0,True
174,2021-07-01,2021-07-30,621103178,True,0,stationary_prob,0.04688184420048576,0.02,False
174,2021-07-01,2021-07-30,621103178,True,1,expected_duration_days,1.6324820561195033,5.0,True
174,2021-07-01,2021-07-30,621103178,True,1,stationary_prob,0.16684843298703014,0.02,False
174,2021-07-01,2021-07-30,621103178,True,2,expected_duration_days,5.134557124306022,5.0,False
174,2021-07-01,2021-07-30,621103178,True,2,stationary_prob,0.5213830820549321,0.02,False
174,2021-07-01,2021-07-30,621103178,True,3,expected_duration_days,10.220034158340788,5.0,False
174,2021-07-01,2021-07-30,621103178,True,3,stationary_prob,0.264886640757552,0.02,False
174,2021-07-01,2021-07-30,1317426389,True,0,expected_duration_days,1.3262496583297956,5.0,True
174,2021-07-01,2021-07-30,1317426389,True,0,stationary_prob,0.14867990249026777,0.02,False
174,2021-07-01,2021-07-30,1317426389,True,1,expected_duration_days,4.125073811960105,5.0,True
174,2021-07-01,2021-07-30,1317426389,True,1,stationary_prob,0.4768987144182292,0.02,False
174,2021-07-01,2021-07-30,1317426389,True,2,expected_duration_days,1.5929227063266271,5.0,True
174,2021-07-01,2021-07-30,1317426389,True,2,stationary_prob,0.08203692344949144,0.02,False
174,2021-07-01,2021-07-30,1317426389,True,3,expected_duration_days,11.372140595349341,5.0,False
174,2021-07-01,2021-07-30,1317426389,True,3,stationary_prob,0.29238445964201154,0.02,False
175,2021-08-02,2021-08-31,1281598391,True,0,expected_duration_days,1.39999421425983,5.0,True
175,2021-08-02,2021-08-31,1281598391,True,0,stationary_prob,0.17107903457396217,0.02,False
175,2021-08-02,2021-08-31,1281598391,True,1,expected_duration_days,3.9883758504191005,5.0,True
175,2021-08-02,2021-08-31,1281598391,True,1,stationary_prob,0.5091138374694457,0.02,False
175,2021-08-02,2021-08-31,1281598391,True,2,expected_duration_days,10.349903091669416,5.0,False
175,2021-08-02,2021-08-31,1281598391,True,2,stationary_prob,0.25773348802188,0.02,False
175,2021-08-02,2021-08-31,1281598391,True,3,expected_duration_days,1.710974248300599,5.0,True
175,2021-08-02,2021-08-31,1281598391,True,3,stationary_prob,0.062073639934712085,0.02,False
175,2021-08-02,2021-08-31,2136895591,True,0,expected_duration_days,1.7105690449744313,5.0,True
175,2021-08-02,2021-08-31,2136895591,True,0,stationary_prob,0.062112249163024186,0.02,False
175,2021-08-02,2021-08-31,2136895591,True,1,expected_duration_days,1.4002433901348927,5.0,True
175,2021-08-02,2021-08-31,2136895591,True,1,stationary_prob,0.17122960128669745,0.02,False
175,2021-08-02,2021-08-31,2136895591,True,2,expected_duration_days,10.3519306589033,5.0,False
175,2021-08-02,2021-08-31,2136895591,True,2,stationary_prob,0.2577761065247789,0.02,False
175,2021-08-02,2021-08-31,2136895591,True,3,expected_duration_days,3.9839230059350808,5.0,True
175,2021-08-02,2021-08-31,2136895591,True,3,stationary_prob,0.5088820430254996,0.02,False
175,2021-08-02,2021-08-31,1412632243,True,0,expected_duration_days,1.5441394169903315,5.0,True
175,2021-08-02,2021-08-31,1412632243,True,0,stationary_prob,0.12442975273905882,0.02,False
175,2021-08-02,2021-08-31,1412632243,True,1,expected_duration_days,8.531135497888874,5.0,False
175,2021-08-02,2021-08-31,1412632243,True,1,stationary_prob,0.2616745714407993,0.02,False
175,2021-08-02,2021-08-31,1412632243,True,2,expected_duration_days,2.274470287452341,5.0,True
175,2021-08-02,2021-08-31,1412632243,True,2,stationary_prob,0.059232678324933015,0.02,False
175,2021-08-02,2021-08-31,1412632243,True,3,expected_duration_days,6.96930881293321,5.0,False
175,2021-08-02,2021-08-31,1412632243,True,3,stationary_prob,0.5546629974952089,0.02,False
175,2021-08-02,2021-08-31,14786415,True,0,expected_duration_days,1.7214383123209693,5.0,True
175,2021-08-02,2021-08-31,14786415,True,0,stationary_prob,0.2177344242437221,0.02,False
175,2021-08-02,2021-08-31,14786415,True,1,expected_duration_days,1.982128676390747,5.0,True
175,2021-08-02,2021-08-31,14786415,True,1,stationary_prob,0.06477132675247453,0.02,False
175,2021-08-02,2021-08-31,14786415,True,2,expected_duration_days,2.3406345836754534,5.0,True
175,2021-08-02,2021-08-31,14786415,True,2,stationary_prob,0.2888234979180255,0.02,False
175,2021-08-02,2021-08-31,14786415,True,3,expected_duration_days,15.41818544617927,5.0,False
175,2021-08-02,2021-08-31,14786415,True,3,stationary_prob,0.4286707510857778,0.02,False
175,2021-08-02,2021-08-31,1208291829,True,0,expected_duration_days,2.274347434182167,5.0,True
175,2021-08-02,2021-08-31,1208291829,True,0,stationary_prob,0.0592334864016043,0.02,False
175,2021-08-02,2021-08-31,1208291829,True,1,expected_duration_days,6.969367844641102,5.0,False
175,2021-08-02,2021-08-31,1208291829,True,1,stationary_prob,0.5546559536782859,0.02,False
175,2021-08-02,2021-08-31,1208291829,True,2,expected_duration_days,1.5441317097935015,5.0,True
175,2021-08-02,2021-08-31,1208291829,True,2,stationary_prob,0.12442968514025489,0.02,False
175,2021-08-02,2021-08-31,1208291829,True,3,expected_duration_days,8.529897078289148,5.0,False
175,2021-08-02,2021-08-31,1208291829,True,3,stationary_prob,0.261680874779855,0.02,False
176,2021-09-01,2021-09-30,927157736,True,0,expected_duration_days,11.267985546981627,5.0,False
176,2021-09-01,2021-09-30,927157736,True,0,stationary_prob,0.2922820396424652,0.02,False
176,2021-09-01,2021-09-30,927157736,True,1,expected_duration_days,1.584420178569846,5.0,True
176,2021-09-01,2021-09-30,927157736,True,1,stationary_prob,0.08155673276025706,0.02,False
176,2021-09-01,2021-09-30,927157736,True,2,expected_duration_days,4.35689335886569,5.0,True
176,2021-09-01,2021-09-30,927157736,True,2,stationary_prob,0.4843038253002916,0.02,False
176,2021-09-01,2021-09-30,927157736,True,3,expected_duration_days,1.317786062716831,5.0,True
176,2021-09-01,2021-09-30,927157736,True,3,stationary_prob,0.14185740229698607,0.02,False
176,2021-09-01,2021-09-30,354899025,True,0,expected_duration_days,1.7087251030131263,5.0,True
176,2021-09-01,2021-09-30,354899025,True,0,stationary_prob,0.06216501887675416,0.02,False
176,2021-09-01,2021-09-30,354899025,True,1,expected_duration_days,3.982748740214737,5.0,True
176,2021-09-01,2021-09-30,354899025,True,1,stationary_prob,0.508230783192231,0.02,False
176,2021-09-01,2021-09-30,354899025,True,2,expected_duration_days,10.377731411519788,5.0,False
176,2021-09-01,2021-09-30,354899025,True,2,stationary_prob,0.2585183766759099,0.02,False
176,2021-09-01,2021-09-30,354899025,True,3,expected_duration_days,1.3995561604216553,5.0,True
176,2021-09-01,2021-09-30,354899025,True,3,stationary_prob,0.1710858212551049,0.02,False
176,2021-09-01,2021-09-30,184452753,True,0,expected_duration_days,2.2624287431559185,5.0,True
176,2021-09-01,2021-09-30,184452753,True,0,stationary_prob,0.05922323210277977,0.02,False
176,2021-09-01,2021-09-30,184452753,True,1,expected_duration_days,1.546850892631739,5.0,True
176,2021-09-01,2021-09-30,184452753,True,1,stationary_prob,0.125032516159386,0.02,False
176,2021-09-01,2021-09-30,184452753,True,2,expected_duration_days,8.54148608330881,5.0,False
176,2021-09-01,2021-09-30,184452753,True,2,stationary_prob,0.2613702899647203,0.02,False
176,2021-09-01,2021-09-30,184452753,True,3,expected_duration_days,6.938653732156271,5.0,False
176,2021-09-01,2021-09-30,184452753,True,3,stationary_prob,0.5543739617731139,0.02,False
176,2021-09-01,2021-09-30,1288478487,True,0,expected_duration_days,10.223038326465396,5.0,False
176,2021-09-01,2021-09-30,1288478487,True,0,stationary_prob,0.26476331557089855,0.02,False
176,2021-09-01,2021-09-30,1288478487,True,1,expected_duration_days,2.0136798135336718,5.0,True
176,2021-09-01,2021-09-30,1288478487,True,1,stationary_prob,0.04698223614973262,0.02,False
176,2021-09-01,2021-09-30,1288478487,True,2,expected_duration_days,1.6381835340106692,5.0,True
176,2021-09-01,2021-09-30,1288478487,True,2,stationary_prob,0.16763368953598085,0.02,False
176,2021-09-01,2021-09-30,1288478487,True,3,expected_duration_days,5.119912415978651,5.0,False
176,2021-09-01,2021-09-30,1288478487,True,3,stationary_prob,0.5206207587433879,0.02,False
176,2021-09-01,2021-09-30,2891876006,True,0,expected_duration_days,1.2381589955358123,5.0,True
176,2021-09-01,2021-09-30,2891876006,True,0,stationary_prob,0.10069748232159305,0.02,False
176,2021-09-01,2021-09-30,2891876006,True,1,expected_duration_days,3.546958142859541,5.0,True
176,2021-09-01,2021-09-30,2891876006,True,1,stationary_prob,0.5840746957864866,0.02,False
176,2021-09-01,2021-09-30,2891876006,True,2,expected_duration_days,10.942819017583481,5.0,False
176,2021-09-01,2021-09-30,2891876006,True,2,stationary_prob,0.14903918117434586,0.02,False
176,2021-09-01,2021-09-30,2891876006,True,3,expected_duration_days,1.2637889660894734,5.0,True
176,2021-09-01,2021-09-30,2891876006,True,3,stationary_prob,0.1661886407175744,0.02,False
177,2021-10-01,2021-10-29,807173491,True,0,expected_duration_days,1.3975517651930203,5.0,True
177,2021-10-01,2021-10-29,807173491,True,0,stationary_prob,0.169734786256026,0.02,False
177,2021-10-01,2021-10-29,807173491,True,1,expected_duration_days,4.004960072744465,5.0,True
177,2021-10-01,2021-10-29,807173491,True,1,stationary_prob,0.5082641201887471,0.02,False
177,2021-10-01,2021-10-29,807173491,True,2,expected_duration_days,1.709687940571318,5.0,True
177,2021-10-01,2021-10-29,807173491,True,2,stationary_prob,0.0621391472329389,0.02,False
177,2021-10-01,2021-10-29,807173491,True,3,expected_duration_days,10.416254343322239,5.0,False
177,2021-10-01,2021-10-29,807173491,True,3,stationary_prob,0.259861946322288,0.02,False
177,2021-10-01,2021-10-29,3239971322,True,0,expected_duration_days,10.416259525442333,5.0,False
177,2021-10-01,2021-10-29,3239971322,True,0,stationary_prob,0.2598623822631928,0.02,False
177,2021-10-01,2021-10-29,3239971322,True,1,expected_duration_days,1.7096853990258019,5.0,True
177,2021-10-01,2021-10-29,3239971322,True,1,stationary_prob,0.062139442679048404,0.02,False
177,2021-10-01,2021-10-29,3239971322,True,2,expected_duration_days,4.004938457244042,5.0,True
177,2021-10-01,2021-10-29,3239971322,True,2,stationary_prob,0.5082625238029641,0.02,False
177,2021-10-01,2021-10-29,3239971322,True,3,expected_duration_days,1.3975527682493654,5.0,True
177,2021-10-01,2021-10-29,3239971322,True,3,stationary_prob,0.16973565125479453,0.02,False
177,2021-10-01,2021-10-29,1215776251,True,0,expected_duration_days,1.39753678734803,5.0,True
177,2021-10-01,2021-10-29,1215776251,True,0,stationary_prob,0.16972514180755474,0.02,False
177,2021-10-01,2021-10-29,1215776251,True,1,expected_duration_days,4.005274965960652,5.0,True
177,2021-10-01,2021-10-29,1215776251,True,1,stationary_prob,0.5082839002006994,0.02,False
177,2021-10-01,2021-10-29,1215776251,True,2,expected_duration_days,10.416034436936476,5.0,False
177,2021-10-01,2021-10-29,1215776251,True,2,stationary_prob,0.25985560984401646,0.02,False
177,2021-10-01,2021-10-29,1215776251,True,3,expected_duration_days,1.7097226365926812,5.0,True
177,2021-10-01,2021-10-29,1215776251,True,3,stationary_prob,0.06213534814772948,0.02,False
177,2021-10-01,2021-10-29,4259913911,True,0,expected_duration_days,1.6321028323666655,5.0,True
177,2021-10-01,2021-10-29,4259913911,True,0,stationary_prob,0.16758172648934927,0.02,False
177,2021-10-01,2021-10-29,4259913911,True,1,expected_duration_days,5.099157841199485,5.0,False
177,2021-10-01,2021-10-29,4259913911,True,1,stationary_prob,0.5205855927943013,0.02,False
177,2021-10-01,2021-10-29,4259913911,True,2,expected_duration_days,2.0095863425775864,5.0,True
177,2021-10-01,2021-10-29,4259913911,True,2,stationary_prob,0.04706376461486339,0.02,False
177,2021-10-01,2021-10-29,4259913911,True,3,expected_duration_days,10.211324224676723,5.0,False
177,2021-10-01,2021-10-29,4259913911,True,3,stationary_prob,0.264768916101486,0.02,False
177,2021-10-01,2021-10-29,4053443550,True,0,expected_duration_days,1.238044844281497,5.0,True
177,2021-10-01,2021-10-29,4053443550,True,0,stationary_prob,0.10142103520314405,0.02,False
177,2021-10-01,2021-10-29,4053443550,True,1,expected_duration_days,3.553525592881145,5.0,True
177,2021-10-01,2021-10-29,4053443550,True,1,stationary_prob,0.583676125442703,0.02,False
177,2021-10-01,2021-10-29,4053443550,True,2,expected_duration_days,1.264853675771337,5.0,True
177,2021-10-01,2021-10-29,4053443550,True,2,stationary_prob,0.16553961070242693,0.02,False
177,2021-10-01,2021-10-29,4053443550,True,3,expected_duration_days,10.992073307409868,5.0,False
177,2021-10-01,2021-10-29,4053443550,True,3,stationary_prob,0.14936322865172602,0.02,False
178,2021-11-01,2021-11-30,3703143013,True,0,expected_duration_days,10.21671126549923,5.0,False
178,2021-11-01,2021-11-30,3703143013,True,0,stationary_prob,0.26518703598436366,0.02,False
178,2021-11-01,2021-11-30,3703143013,True,1,expected_duration_days,2.0052473522224337,5.0,True
178,2021-11-01,2021-11-30,3703143013,True,1,stationary_prob,0.047179332519977864,0.02,False
178,2021-11-01,2021-11-30,3703143013,True,2,expected_duration_days,5.064273146475289,5.0,False
178,2021-11-01,2021-11-30,3703143013,True,2,stationary_prob,0.5181169996790841,0.02,False
178,2021-11-01,2021-11-30,3703143013,True,3,expected_duration_days,1.647316248925575,5.0,True
178,2021-11-01,2021-11-30,3703143013,True,3,stationary_prob,0.16951663181657434,0.02,False
178,2021-11-01,2021-11-30,1852818116,True,0,expected_duration_days,1.4005365234736267,5.0,True
178,2021-11-01,2021-11-30,1852818116,True,0,stationary_prob,0.16930874788509018,0.02,False
178,2021-11-01,2021-11-30,1852818116,True,1,expected_duration_days,4.006918429298965,5.0,True
178,2021-11-01,2021-11-30,1852818116,True,1,stationary_prob,0.5066547238446157,0.02,False
178,2021-11-01,2021-11-30,1852818116,True,2,expected_duration_days,10.475849359911606,5.0,False
178,2021-11-01,2021-11-30,1852818116,True,2,stationary_prob,0.2617382965657358,0.02,False
178,2021-11-01,2021-11-30,1852818116,True,3,expected_duration_days,1.708814201566026,5.0,True
178,2021-11-01,2021-11-30,1852818116,True,3,stationary_prob,0.062298231704558296,0.02,False
178,2021-11-01,2021-11-30,3960325803,True,0,expected_duration_days,3.5441919495500436,5.0,True
178,2021-11-01,2021-11-30,3960325803,True,0,stationary_prob,0.5815994840991294,0.02,False
178,2021-11-01,2021-11-30,3960325803,True,1,expected_duration_days,11.001885857255763,5.0,False
178,2021-11-01,2021-11-30,3960325803,True,1,stationary_prob,0.14955813996550274,0.02,False
178,2021-11-01,2021-11-30,3960325803,True,2,expected_duration_days,1.2392059966500457,5.0,True
178,2021-11-01,2021-11-30,3960325803,True,2,stationary_prob,0.10186671792569271,0.02,False
178,2021-11-01,2021-11-30,3960325803,True,3,expected_duration_days,1.271614050938807,5.0,True
178,2021-11-01,2021-11-30,3960325803,True,3,stationary_prob,0.16697565800967512,0.02,False
178,2021-11-01,2021-11-30,2828597851,True,0,expected_duration_days,1.6473907503976417,5.0,True
178,2021-11-01,2021-11-30,2828597851,True,0,stationary_prob,0.16952618616665807,0.02,False
178,2021-11-01,2021-11-30,2828597851,True,1,expected_duration_days,5.063699625594571,5.0,False
178,2021-11-01,2021-11-30,2828597851,True,1,stationary_prob,0.5181389659938997,0.02,False
178,2021-11-01,2021-11-30,2828597851,True,2,expected_duration_days,10.215251230336598,5.0,False
178,2021-11-01,2021-11-30,2828597851,True,2,stationary_prob,0.26515605715493507,0.02,False
178,2021-11-01,2021-11-30,2828597851,True,3,expected_duration_days,2.0050185241809992,5.0,True
178,2021-11-01,2021-11-30,2828597851,True,3,stationary_prob,0.047178790684507234,0.02,False
178,2021-11-01,2021-11-30,936050880,True,0,expected_duration_days,1.4001159066877933,5.0,True
178,2021-11-01,2021-11-30,936050880,True,0,stationary_prob,0.16905111594052516,0.02,False
178,2021-11-01,2021-11-30,936050880,True,1,expected_duration_days,10.466513432521499,5.0,False
178,2021-11-01,2021-11-30,936050880,True,1,stationary_prob,0.261515428391484,0.02,False
178,2021-11-01,2021-11-30,936050880,True,2,expected_duration_days,1.7098882486022802,5.0,True
178,2021-11-01,2021-11-30,936050880,True,2,stationary_prob,0.062176128241309546,0.02,False
178,2021-11-01,2021-11-30,936050880,True,3,expected_duration_days,4.01648829705316,5.0,True
178,2021-11-01,2021-11-30,936050880,True,3,stationary_prob,0.5072573274266813,0.02,False
179,2021-12-01,2021-12-31,136466407,True,0,expected_duration_days,2.00409928776596,5.0,True
179,2021-12-01,2021-12-31,136466407,True,0,stationary_prob,0.04695102725785846,0.02,False
179,2021-12-01,2021-12-31,136466407,True,1,expected_duration_days,4.98632454025505,5.0,True
179,2021-12-01,2021-12-31,136466407,True,1,stationary_prob,0.5173670860609552,0.02,False
179,2021-12-01,2021-12-31,136466407,True,2,expected_duration_days,1.6468456274747465,5.0,True
179,2021-12-01,2021-12-31,136466407,True,2,stationary_prob,0.17180476784211793,0.02,False
179,2021-12-01,2021-12-31,136466407,True,3,expected_duration_days,10.215269765285647,5.0,False
179,2021-12-01,2021-12-31,136466407,True,3,stationary_prob,0.2638771188390685,0.02,False
179,2021-12-01,2021-12-31,2860709725,True,0,expected_duration_days,1.6468684621388219,5.0,True
179,2021-12-01,2021-12-31,2860709725,True,0,stationary_prob,0.17180662461589877,0.02,False
179,2021-12-01,2021-12-31,2860709725,True,1,expected_duration_days,2.004016517872372,5.0,True
179,2021-12-01,2021-12-31,2860709725,True,1,stationary_prob,0.046950934492188255,0.02,False
179,2021-12-01,2021-12-31,2860709725,True,2,expected_duration_days,10.214726417659946,5.0,False
179,2021-12-01,2021-12-31,2860709725,True,2,stationary_prob,0.2638657368553413,0.02,False
179,2021-12-01,2021-12-31,2860709725,True,3,expected_duration_days,4.986175321646698,5.0,True
179,2021-12-01,2021-12-31,2860709725,True,3,stationary_prob,0.5173767040365717,0.02,False
179,2021-12-01,2021-12-31,3647803539,True,0,expected_duration_days,1.2644564675766685,5.0,True
179,2021-12-01,2021-12-31,3647803539,True,0,stationary_prob,0.1902038935231156,0.02,False
179,2021-12-01,2021-12-31,3647803539,True,1,expected_duration_days,3.04931462347113,5.0,True
179,2021-12-01,2021-12-31,3647803539,True,1,stationary_prob,0.5647952643794012,0.02,False
179,2021-12-01,2021-12-31,3647803539,True,2,expected_duration_days,1.298297114293681,5.0,True
179,2021-12-01,2021-12-31,3647803539,True,2,stationary_prob,0.19069618510931496,0.02,False
179,2021-12-01,2021-12-31,3647803539,True,3,expected_duration_days,2.3828447913342257,5.0,True
179,2021-12-01,2021-12-31,3647803539,True,3,stationary_prob,0.05430465698816821,0.02,False
179,2021-12-01,2021-12-31,1920435766,True,0,expected_duration_days,15.263384479695281,5.0,False
179,2021-12-01,2021-12-31,1920435766,True,0,stationary_prob,0.42660263339275817,0.02,False
179,2021-12-01,2021-12-31,1920435766,True,1,expected_duration_days,1.9588941185510729,5.0,True
179,2021-12-01,2021-12-31,1920435766,True,1,stationary_prob,0.06391358272537569,0.02,False
179,2021-12-01,2021-12-31,1920435766,True,2,expected_duration_days,1.7356413052787314,5.0,True
179,2021-12-01,2021-12-31,1920435766,True,2,stationary_prob,0.21888191440777624,0.02,False
179,2021-12-01,2021-12-31,1920435766,True,3,expected_duration_days,2.3525284885817217,5.0,True
179,2021-12-01,2021-12-31,1920435766,True,3,stationary_prob,0.29060186947408984,0.02,False
179,2021-12-01,2021-12-31,2257573576,True,0,expected_duration_days,4.0059004380651855,5.0,True
179,2021-12-01,2021-12-31,2257573576,True,0,stationary_prob,0.5078750510851262,0.02,False
179,2021-12-01,2021-12-31,2257573576,True,1,expected_duration_days,10.470500264910994,5.0,False
179,2021-12-01,2021-12-31,2257573576,True,1,stationary_prob,0.2603898755621649,0.02,False
179,2021-12-01,2021-12-31,2257573576,True,2,expected_duration_days,1.7088867935960945,5.0,True
179,2021-12-01,2021-12-31,2257573576,True,2,stationary_prob,0.062025550029164433,0.02,False
179,2021-12-01,2021-12-31,2257573576,True,3,expected_duration_days,1.4015586353545046,5.0,True
179,2021-12-01,2021-12-31,2257573576,True,3,stationary_prob,0.16970952332354447,0.02,False
180,2022-01-03,2022-01-31,742821037,True,0,expected_duration_days,5.028576393043764,5.0,False
180,2022-01-03,2022-01-31,742821037,True,0,stationary_prob,0.5185700753349213,0.02,False
180,2022-01-03,2022-01-31,742821037,True,1,expected_duration_days,2.0016255705775907,5.0,True
180,2022-01-03,2022-01-31,742821037,True,1,stationary_prob,0.046883369291777194,0.02,False
180,2022-01-03,2022-01-31,742821037,True,2,expected_duration_days,1.6515215085999162,5.0,True
180,2022-01-03,2022-01-31,742821037,True,2,stationary_prob,0.17128020933805957,0.02,False
180,2022-01-03,2022-01-31,742821037,True,3,expected_duration_days,10.224024324743006,5.0,False
180,2022-01-03,2022-01-31,742821037,True,3,stationary_prob,0.263266346035242,0.02,False
180,2022-01-03,2022-01-31,963544262,True,0,expected_duration_days,3.9967171491526035,5.0,True
180,2022-01-03,2022-01-31,963544262,True,0,stationary_prob,0.5065794905644965,0.02,False
180,2022-01-03,2022-01-31,963544262,True,1,expected_duration_days,10.518470366285479,5.0,False
180,2022-01-03,2022-01-31,963544262,True,1,stationary_prob,0.26090983017749503,0.02,False
180,2022-01-03,2022-01-31,963544262,True,2,expected_duration_days,1.704136972805991,5.0,True
180,2022-01-03,2022-01-31,963544262,True,2,stationary_prob,0.06240566238854325,0.02,False
180,2022-01-03,2022-01-31,963544262,True,3,expected_duration_days,1.4047735989416783,5.0,True
180,2022-01-03,2022-01-31,963544262,True,3,stationary_prob,0.17010501686946522,0.02,False
180,2022-01-03,2022-01-31,1638555257,True,0,expected_duration_days,5.028256540979995,5.0,False
180,2022-01-03,2022-01-31,1638555257,True,0,stationary_prob,0.5185872049894923,0.02,False
180,2022-01-03,2022-01-31,1638555257,True,1,expected_duration_days,2.0014723584147176,5.0,True
180,2022-01-03,2022-01-31,1638555257,True,1,stationary_prob,0.04688294831636225,0.02,False
180,2022-01-03,2022-01-31,1638555257,True,2,expected_duration_days,1.6515699703990652,5.0,True
180,2022-01-03,2022-01-31,1638555257,True,2,stationary_prob,0.17128495732261828,0.02,False
180,2022-01-03,2022-01-31,1638555257,True,3,expected_duration_days,10.223001343217454,5.0,False
180,2022-01-03,2022-01-31,1638555257,True,3,stationary_prob,0.26324488937152724,0.02,False
180,2022-01-03,2022-01-31,3783464415,True,0,expected_duration_days,1.7041443395444582,5.0,True
180,2022-01-03,2022-01-31,3783464415,True,0,stationary_prob,0.06240472113767827,0.02,False
180,2022-01-03,2022-01-31,3783464415,True,1,expected_duration_days,3.9967842416886437,5.0,True
180,2022-01-03,2022-01-31,3783464415,True,1,stationary_prob,0.5065840337635863,0.02,False
180,2022-01-03,2022-01-31,3783464415,True,2,expected_duration_days,10.518397859133843,5.0,False
180,2022-01-03,2022-01-31,3783464415,True,2,stationary_prob,0.26090807754936834,0.02,False
180,2022-01-03,2022-01-31,3783464415,True,3,expected_duration_days,1.4047707826173377,5.0,True
180,2022-01-03,2022-01-31,3783464415,True,3,stationary_prob,0.17010316754936713,0.02,False
180,2022-01-03,2022-01-31,2198669281,True,0,expected_duration_days,1.6515317589928868,5.0,True
180,2022-01-03,2022-01-31,2198669281,True,0,stationary_prob,0.17127953684657682,0.02,False
180,2022-01-03,2022-01-31,2198669281,True,1,expected_duration_days,2.001577234852389,5.0,True
180,2022-01-03,2022-01-31,2198669281,True,1,stationary_prob,0.04688335956667385,0.02,False
180,2022-01-03,2022-01-31,2198669281,True,2,expected_duration_days,10.223674262739014,5.0,False
180,2022-01-03,2022-01-31,2198669281,True,2,stationary_prob,0.2632595521754455,0.02,False
180,2022-01-03,2022-01-31,2198669281,True,3,expected_duration_days,5.028545682142252,5.0,False
180,2022-01-03,2022-01-31,2198669281,True,3,stationary_prob,0.5185775514113038,0.02,False
181,2022-02-01,2022-02-28,94477844,True,0,expected_duration_days,3.988132398327903,5.0,True
181,2022-02-01,2022-02-28,94477844,True,0,stationary_prob,0.5066913480579676,0.02,False
181,2022-02-01,2022-02-28,94477844,True,1,expected_duration_days,1.4067299941158327,5.0,True
181,2022-02-01,2022-02-28,94477844,True,1,stationary_prob,0.170751568565208,0.02,False
181,2022-02-01,2022-02-28,94477844,True,2,expected_duration_days,1.709234388736808,5.0,True
181,2022-02-01,2022-02-28,94477844,True,2,stationary_prob,0.06213364600182492,0.02,False
181,2022-02-01,2022-02-28,94477844,True,3,expected_duration_days,10.623914824238314,5.0,False
181,2022-02-01,2022-02-28,94477844,True,3,stationary_prob,0.26042343737499946,0.02,False
181,2022-02-01,2022-02-28,1130658143,True,0,expected_duration_days,2.217057104317041,5.0,True
181,2022-02-01,2022-02-28,1130658143,True,0,stationary_prob,0.05929132323430027,0.02,False
181,2022-02-01,2022-02-28,1130658143,True,1,expected_duration_days,1.5673557303886119,5.0,True
181,2022-02-01,2022-02-28,1130658143,True,1,stationary_prob,0.12718692742128088,0.02,False
181,2022-02-01,2022-02-28,1130658143,True,2,expected_duration_days,6.873618769712764,5.0,False
181,2022-02-01,2022-02-28,1130658143,True,2,stationary_prob,0.5530418502256954,0.02,False
181,2022-02-01,2022-02-28,1130658143,True,3,expected_duration_days,8.503783842146815,5.0,False
181,2022-02-01,2022-02-28,1130658143,True,3,stationary_prob,0.26047989911872355,0.02,False
181,2022-02-01,2022-02-28,2351814182,True,0,expected_duration_days,1.709989474519503,5.0,True
181,2022-02-01,2022-02-28,2351814182,True,0,stationary_prob,0.06203967488959686,0.02,False
181,2022-02-01,2022-02-28,2351814182,True,1,expected_duration_days,10.615260532495945,5.0,False
181,2022-02-01,2022-02-28,2351814182,True,1,stationary_prob,0.26025451504509695,0.02,False
181,2022-02-01,2022-02-28,2351814182,True,2,expected_duration_days,3.996003501546096,5.0,True
181,2022-02-01,2022-02-28,2351814182,True,2,stationary_prob,0.507172608056321,0.02,False
181,2022-02-01,2022-02-28,2351814182,True,3,expected_duration_days,1.4063547958578269,5.0,True
181,2022-02-01,2022-02-28,2351814182,True,3,stationary_prob,0.17053320200898525,0.02,False
181,2022-02-01,2022-02-28,1469353271,True,0,expected_duration_days,1.359865618664376,5.0,True
181,2022-02-01,2022-02-28,1469353271,True,0,stationary_prob,0.14753693036015186,0.02,False
181,2022-02-01,2022-02-28,1469353271,True,1,expected_duration_days,11.342417542857715,5.0,False
181,2022-02-01,2022-02-28,1469353271,True,1,stationary_prob,0.28749676481785824,0.02,False
181,2022-02-01,2022-02-28,1469353271,True,2,expected_duration_days,1.5782392150437252,5.0,True
181,2022-02-01,2022-02-28,1469353271,True,2,stationary_prob,0.08082259006041498,0.02,False
181,2022-02-01,2022-02-28,1469353271,True,3,expected_duration_days,4.342446520785778,5.0,True
181,2022-02-01,2022-02-28,1469353271,True,3,stationary_prob,0.48414371476157486,0.02,False
181,2022-02-01,2022-02-28,51689543,True,0,expected_duration_days,5.090697570575914,5.0,False
181,2022-02-01,2022-02-28,51689543,True,0,stationary_prob,0.5170399449756261,0.02,False
181,2022-02-01,2022-02-28,51689543,True,1,expected_duration_days,1.9955320668936283,5.0,True
181,2022-02-01,2022-02-28,51689543,True,1,stationary_prob,0.04702594529438672,0.02,False
181,2022-02-01,2022-02-28,51689543,True,2,expected_duration_days,10.24129167362091,5.0,False
181,2022-02-01,2022-02-28,51689543,True,2,stationary_prob,0.264025687713494,0.02,False
181,2022-02-01,2022-02-28,51689543,True,3,expected_duration_days,1.6846050186685761,5.0,True
181,2022-02-01,2022-02-28,51689543,True,3,stationary_prob,0.1719084220164932,0.02,False
182,2022-03-01,2022-03-31,3495300096,True,0,expected_duration_days,3.9706878751518437,5.0,True
182,2022-03-01,2022-03-31,3495300096,True,0,stationary_prob,0.5079657597851573,0.02,False
182,2022-03-01,2022-03-31,3495300096,True,1,expected_duration_days,10.564935349127218,5.0,False
182,2022-03-01,2022-03-31,3495300096,True,1,stationary_prob,0.257304652843753,0.02,False
182,2022-03-01,2022-03-31,3495300096,True,2,expected_duration_days,1.4169524253442203,5.0,True
182,2022-03-01,2022-03-31,3495300096,True,2,stationary_prob,0.17334700980401088,0.02,False
182,2022-03-01,2022-03-31,3495300096,True,3,expected_duration_days,1.7123993168216172,5.0,True
182,2022-03-01,2022-03-31,3495300096,True,3,stationary_prob,0.061382577567078836,0.02,False
182,2022-03-01,2022-03-31,2150287978,True,0,expected_duration_days,1.5604648840896849,5.0,True
182,2022-03-01,2022-03-31,2150287978,True,0,stationary_prob,0.12702026292909044,0.02,False
182,2022-03-01,2022-03-31,2150287978,True,1,expected_duration_days,6.84694889968353,5.0,False
182,2022-03-01,2022-03-31,2150287978,True,1,stationary_prob,0.5519854086035584,0.02,False
182,2022-03-01,2022-03-31,2150287978,True,2,expected_duration_days,2.2235438968418193,5.0,True
182,2022-03-01,2022-03-31,2150287978,True,2,stationary_prob,0.05941456512877723,0.02,False
182,2022-03-01,2022-03-31,2150287978,True,3,expected_duration_days,8.514092516229706,5.0,False
182,2022-03-01,2022-03-31,2150287978,True,3,stationary_prob,0.26157976333857413,0.02,False
182,2022-03-01,2022-03-31,274923193,True,0,expected_duration_days,5.022479719541165,5.0,False
182,2022-03-01,2022-03-31,274923193,True,0,stationary_prob,0.5158829698441847,0.02,False
182,2022-03-01,2022-03-31,274923193,True,1,expected_duration_days,10.248421301830595,5.0,False
182,2022-03-01,2022-03-31,274923193,True,1,stationary_prob,0.26353426515746753,0.02,False
182,2022-03-01,2022-03-31,274923193,True,2,expected_duration_days,1.6832232209360125,5.0,True
182,2022-03-01,2022-03-31,274923193,True,2,stationary_prob,0.1737116901723686,0.02,False
182,2022-03-01,2022-03-31,274923193,True,3,expected_duration_days,1.9973603115506309,5.0,True
182,2022-03-01,2022-03-31,274923193,True,3,stationary_prob,0.04687107482597921,0.02,False
182,2022-03-01,2022-03-31,3952502698,True,0,expected_duration_days,3.00806094895286,5.0,True
182,2022-03-01,2022-03-31,3952502698,True,0,stationary_prob,0.5448239157897434,0.02,False
182,2022-03-01,2022-03-31,3952502698,True,1,expected_duration_days,1.2618208224109475,5.0,True
182,2022-03-01,2022-03-31,3952502698,True,1,stationary_prob,0.1529050158371699,0.02,False
182,2022-03-01,2022-03-31,3952502698,True,2,expected_duration_days,1.3936464043987886,5.0,True
182,2022-03-01,2022-03-31,3952502698,True,2,stationary_prob,0.248442540249382,0.02,False
182,2022-03-01,2022-03-31,3952502698,True,3,expected_duration_days,2.299303581095079,5.0,True
182,2022-03-01,2022-03-31,3952502698,True,3,stationary_prob,0.053828528123704776,0.02,False
182,2022-03-01,2022-03-31,1916089223,True,0,expected_duration_days,10.569258873939226,5.0,False
182,2022-03-01,2022-03-31,1916089223,True,0,stationary_prob,0.25740276067323503,0.02,False
182,2022-03-01,2022-03-31,1916089223,True,1,expected_duration_days,1.7119720912289742,5.0,True
182,2022-03-01,2022-03-31,1916089223,True,1,stationary_prob,0.06143544060133135,0.02,False
182,2022-03-01,2022-03-31,1916089223,True,2,expected_duration_days,3.966597815363709,5.0,True
182,2022-03-01,2022-03-31,1916089223,True,2,stationary_prob,0.507697557971786,0.02,False
182,2022-03-01,2022-03-31,1916089223,True,3,expected_duration_days,1.417179404083788,5.0,True
182,2022-03-01,2022-03-31,1916089223,True,3,stationary_prob,0.1734642407536476,0.02,False
183,2022-04-01,2022-04-29,2144018271,True,0,expected_duration_days,15.495389959807964,5.0,False
183,2022-04-01,2022-04-29,2144018271,True,0,stationary_prob,0.42548166610881905,0.02,False
183,2022-04-01,2022-04-29,2144018271,True,1,expected_duration_days,1.973329312289994,5.0,True
183,2022-04-01,2022-04-29,2144018271,True,1,stationary_prob,0.06301669596865186,0.02,False
183,2022-04-01,2022-04-29,2144018271,True,2,expected_duration_days,2.3370415175082875,5.0,True
183,2022-04-01,2022-04-29,2144018271,True,2,stationary_prob,0.2902185724706096,0.02,False
183,2022-04-01,2022-04-29,2144018271,True,3,expected_duration_days,1.7486276629890893,5.0,True
183,2022-04-01,2022-04-29,2144018271,True,3,stationary_prob,0.2212830654519194,0.02,False
183,2022-04-01,2022-04-29,3310511906,True,0,expected_duration_days,1.3959974621244284,5.0,True
183,2022-04-01,2022-04-29,3310511906,True,0,stationary_prob,0.24881401080785784,0.02,False
183,2022-04-01,2022-04-29,3310511906,True,1,expected_duration_days,1.2689600698285761,5.0,True
183,2022-04-01,2022-04-29,3310511906,True,1,stationary_prob,0.15353678662453105,0.02,False
183,2022-04-01,2022-04-29,3310511906,True,2,expected_duration_days,3.0054491378113313,5.0,True
183,2022-04-01,2022-04-29,3310511906,True,2,stationary_prob,0.5441201396394765,0.02,False
183,2022-04-01,2022-04-29,3310511906,True,3,expected_duration_days,2.303979130205288,5.0,True
183,2022-04-01,2022-04-29,3310511906,True,3,stationary_prob,0.05352906292813449,0.02,False
183,2022-04-01,2022-04-29,2894605690,True,0,expected_duration_days,4.011538618030352,5.0,True
183,2022-04-01,2022-04-29,2894605690,True,0,stationary_prob,0.5067576485776439,0.02,False
183,2022-04-01,2022-04-29,2894605690,True,1,expected_duration_days,1.7229025351569038,5.0,True
183,2022-04-01,2022-04-29,2894605690,True,1,stationary_prob,0.06040820023392499,0.02,False
183,2022-04-01,2022-04-29,2894605690,True,2,expected_duration_days,1.4119651576003402,5.0,True
183,2022-04-01,2022-04-29,2894605690,True,2,stationary_prob,0.17068029848117966,0.02,False
183,2022-04-01,2022-04-29,2894605690,True,3,expected_duration_days,10.653545263636852,5.0,False
183,2022-04-01,2022-04-29,2894605690,True,3,stationary_prob,0.2621538527072513,0.02,False
183,2022-04-01,2022-04-29,1928529105,True,0,expected_duration_days,1.4432809198106749,5.0,True
183,2022-04-01,2022-04-29,1928529105,True,0,stationary_prob,0.07436448802797897,0.02,False
183,2022-04-01,2022-04-29,1928529105,True,1,expected_duration_days,2.7844612026712685,5.0,True
183,2022-04-01,2022-04-29,1928529105,True,1,stationary_prob,0.5134433793242298,0.02,False
183,2022-04-01,2022-04-29,1928529105,True,2,expected_duration_days,1.4229304598389259,5.0,True
183,2022-04-01,2022-04-29,1928529105,True,2,stationary_prob,0.2322203827175498,0.02,False
183,2022-04-01,2022-04-29,1928529105,True,3,expected_duration_days,10.198621893083503,5.0,False
183,2022-04-01,2022-04-29,1928529105,True,3,stationary_prob,0.17997174993024145,0.02,False
183,2022-04-01,2022-04-29,1786199371,True,0,expected_duration_days,2.2193431784708646,5.0,True
183,2022-04-01,2022-04-29,1786199371,True,0,stationary_prob,0.05993581260303708,0.02,False
183,2022-04-01,2022-04-29,1786199371,True,1,expected_duration_days,1.5587916707909226,5.0,True
183,2022-04-01,2022-04-29,1786199371,True,1,stationary_prob,0.12478311334226998,0.02,False
183,2022-04-01,2022-04-29,1786199371,True,2,expected_duration_days,6.893870113654527,5.0,False
183,2022-04-01,2022-04-29,1786199371,True,2,stationary_prob,0.5444316100977491,0.02,False
183,2022-04-01,2022-04-29,1786199371,True,3,expected_duration_days,8.695620973240548,5.0,False
183,2022-04-01,2022-04-29,1786199371,True,3,stationary_prob,0.2708494639569439,0.02,False
184,2022-05-02,2022-05-31,1383625681,True,0,expected_duration_days,4.0209814236933985,5.0,True
184,2022-05-02,2022-05-31,1383625681,True,0,stationary_prob,0.5035088272919591,0.02,False
184,2022-05-02,2022-05-31,1383625681,True,1,expected_duration_days,1.7271796420550312,5.0,True
184,2022-05-02,2022-05-31,1383625681,True,1,stationary_prob,0.0602309712073222,0.02,False
184,2022-05-02,2022-05-31,1383625681,True,2,expected_duration_days,10.989090484898657,5.0,False
184,2022-05-02,2022-05-31,1383625681,True,2,stationary_prob,0.26739969796220714,0.02,False
184,2022-05-02,2022-05-31,1383625681,True,3,expected_duration_days,1.4106039824790324,5.0,True
184,2022-05-02,2022-05-31,1383625681,True,3,stationary_prob,0.16886050353851156,0.02,False
184,2022-05-02,2022-05-31,2105363715,True,0,expected_duration_days,2.0104658877390382,5.0,True
184,2022-05-02,2022-05-31,2105363715,True,0,stationary_prob,0.04697550365259231,0.02,False
184,2022-05-02,2022-05-31,2105363715,True,1,expected_duration_days,5.058328063471826,5.0,False
184,2022-05-02,2022-05-31,2105363715,True,1,stationary_prob,0.5066692206399156,0.02,False
184,2022-05-02,2022-05-31,2105363715,True,2,expected_duration_days,1.675397667257689,5.0,True
184,2022-05-02,2022-05-31,2105363715,True,2,stationary_prob,0.1688110481592073,0.02,False
184,2022-05-02,2022-05-31,2105363715,True,3,expected_duration_days,10.801642537209313,5.0,False
184,2022-05-02,2022-05-31,2105363715,True,3,stationary_prob,0.2775442275482848,0.02,False
184,2022-05-02,2022-05-31,1335390273,True,0,expected_duration_days,11.00898094269062,5.0,False
184,2022-05-02,2022-05-31,1335390273,True,0,stationary_prob,0.2678254934158916,0.02,False
184,2022-05-02,2022-05-31,1335390273,True,1,expected_duration_days,1.4107057748326584,5.0,True
184,2022-05-02,2022-05-31,1335390273,True,1,stationary_prob,0.16892565991583927,0.02,False
184,2022-05-02,2022-05-31,1335390273,True,2,expected_duration_days,4.014104429976474,5.0,True
184,2022-05-02,2022-05-31,1335390273,True,2,stationary_prob,0.5028769425064052,0.02,False
184,2022-05-02,2022-05-31,1335390273,True,3,expected_duration_days,1.7261957543328565,5.0,True
184,2022-05-02,2022-05-31,1335390273,True,3,stationary_prob,0.0603719041618639,0.02,False
184,2022-05-02,2022-05-31,2318094882,True,0,expected_duration_days,11.009521805070108,5.0,False
184,2022-05-02,2022-05-31,2318094882,True,0,stationary_prob,0.26783717638093385,0.02,False
184,2022-05-02,2022-05-31,2318094882,True,1,expected_duration_days,1.7261871991307334,5.0,True
184,2022-05-02,2022-05-31,2318094882,True,1,stationary_prob,0.06037451189308867,0.02,False
184,2022-05-02,2022-05-31,2318094882,True,2,expected_duration_days,4.0141281175902135,5.0,True
184,2022-05-02,2022-05-31,2318094882,True,2,stationary_prob,0.5028691041202413,0.02,False
184,2022-05-02,2022-05-31,2318094882,True,3,expected_duration_days,1.410693293633546,5.0,True
184,2022-05-02,2022-05-31,2318094882,True,3,stationary_prob,0.16891920760573614,0.02,False
184,2022-05-02,2022-05-31,2532333496,True,0,expected_duration_days,13.131270766322748,5.0,False
184,2022-05-02,2022-05-31,2532333496,True,0,stationary_prob,0.13766505903425819,0.02,False
184,2022-05-02,2022-05-31,2532333496,True,1,expected_duration_days,1.4842225055088811,5.0,True
184,2022-05-02,2022-05-31,2532333496,True,1,stationary_prob,0.04153704527033004,0.02,False
184,2022-05-02,2022-05-31,2532333496,True,2,expected_duration_days,2.5834411501473915,5.0,True
184,2022-05-02,2022-05-31,2532333496,True,2,stationary_prob,0.47653312351995597,0.02,False
184,2022-05-02,2022-05-31,2532333496,True,3,expected_duration_days,1.9355819270719712,5.0,True
184,2022-05-02,2022-05-31,2532333496,True,3,stationary_prob,0.3442647721754558,0.02,False
185,2022-06-01,2022-06-30,2927931648,True,0,expected_duration_days,2.2297918224594535,5.0,True
185,2022-06-01,2022-06-30,2927931648,True,0,stationary_prob,0.060295110820898064,0.02,False
185,2022-06-01,2022-06-30,2927931648,True,1,expected_duration_days,1.5597586376560042,5.0,True
185,2022-06-01,2022-06-30,2927931648,True,1,stationary_prob,0.12386820284634593,0.02,False
185,2022-06-01,2022-06-30,2927931648,True,2,expected_duration_days,8.83770515030931,5.0,False
185,2022-06-01,2022-06-30,2927931648,True,2,stationary_prob,0.27482701661469616,0.02,False
185,2022-06-01,2022-06-30,2927931648,True,3,expected_duration_days,6.900652040655439,5.0,False
185,2022-06-01,2022-06-30,2927931648,True,3,stationary_prob,0.5410096697180599,0.02,False
185,2022-06-01,2022-06-30,1405054735,True,0,expected_duration_days,4.260856058378302,5.0,True
185,2022-06-01,2022-06-30,1405054735,True,0,stationary_prob,0.47355029800564286,0.02,False
185,2022-06-01,2022-06-30,1405054735,True,1,expected_duration_days,1.360097213440378,5.0,True
185,2022-06-01,2022-06-30,1405054735,True,1,stationary_prob,0.14682813433837671,0.02,False
185,2022-06-01,2022-06-30,1405054735,True,2,expected_duration_days,11.747121091652335,5.0,False
185,2022-06-01,2022-06-30,1405054735,True,2,stationary_prob,0.2990652869409876,0.02,False
185,2022-06-01,2022-06-30,1405054735,True,3,expected_duration_days,1.5815147727041754,5.0,True
185,2022-06-01,2022-06-30,1405054735,True,3,stationary_prob,0.08055628071499281,0.02,False
185,2022-06-01,2022-06-30,452797833,True,0,expected_duration_days,1.2375150279461722,5.0,True
185,2022-06-01,2022-06-30,452797833,True,0,stationary_prob,0.10467612375573615,0.02,False
185,2022-06-01,2022-06-30,452797833,True,1,expected_duration_days,3.5238209751719,5.0,True
185,2022-06-01,2022-06-30,452797833,True,1,stationary_prob,0.5757422057473905,0.02,False
185,2022-06-01,2022-06-30,452797833,True,2,expected_duration_days,1.289118204283723,5.0,True
185,2022-06-01,2022-06-30,452797833,True,2,stationary_prob,0.16928700286396473,0.02,False
185,2022-06-01,2022-06-30,452797833,True,3,expected_duration_days,11.110748278780859,5.0,False
185,2022-06-01,2022-06-30,452797833,True,3,stationary_prob,0.1502946676329087,0.02,False
185,2022-06-01,2022-06-30,1449640863,True,0,expected_duration_days,1.359689949958312,5.0,True
185,2022-06-01,2022-06-30,1449640863,True,0,stationary_prob,0.1463180258372118,0.02,False
185,2022-06-01,2022-06-30,1449640863,True,1,expected_duration_days,1.5815903266332403,5.0,True
185,2022-06-01,2022-06-30,1449640863,True,1,stationary_prob,0.08048520043078894,0.02,False
185,2022-06-01,2022-06-30,1449640863,True,2,expected_duration_days,4.2784008791808015,5.0,True
185,2022-06-01,2022-06-30,1449640863,True,2,stationary_prob,0.4740292613028245,0.02,False
185,2022-06-01,2022-06-30,1449640863,True,3,expected_duration_days,11.739428326019372,5.0,False
185,2022-06-01,2022-06-30,1449640863,True,3,stationary_prob,0.29916751242917466,0.02,False
185,2022-06-01,2022-06-30,3071557783,True,0,expected_duration_days,15.676128066072868,5.0,False
185,2022-06-01,2022-06-30,3071557783,True,0,stationary_prob,0.42802987963942624,0.02,False
185,2022-06-01,2022-06-30,3071557783,True,1,expected_duration_days,1.7643615553234204,5.0,True
185,2022-06-01,2022-06-30,3071557783,True,1,stationary_prob,0.2212750816389357,0.02,False
185,2022-06-01,2022-06-30,3071557783,True,2,expected_duration_days,1.975134655097729,5.0,True
185,2022-06-01,2022-06-30,3071557783,True,2,stationary_prob,0.06272593711671279,0.02,False
185,2022-06-01,2022-06-30,3071557783,True,3,expected_duration_days,2.340390866701638,5.0,True
185,2022-06-01,2022-06-30,3071557783,True,3,stationary_prob,0.28796910160492534,0.02,False
186,2022-07-01,2022-07-29,4260969083,True,0,expected_duration_days,1.3306303487522761,5.0,True
186,2022-07-01,2022-07-29,4260969083,True,0,stationary_prob,0.2022108636945839,0.02,False
186,2022-07-01,2022-07-29,4260969083,True,1,expected_duration_days,3.018924080281887,5.0,True
186,2022-07-01,2022-07-29,4260969083,True,1,stationary_prob,0.5518238852250273,0.02,False
186,2022-07-01,2022-07-29,4260969083,True,2,expected_duration_days,2.3824861955540824,5.0,True
186,2022-07-01,2022-07-29,4260969083,True,2,stationary_prob,0.054084903830382725,0.02,False
186,2022-07-01,2022-07-29,4260969083,True,3,expected_duration_days,1.2785829609946782,5.0,True
186,2022-07-01,2022-07-29,4260969083,True,3,stationary_prob,0.19188034725000594,0.02,False
186,2022-07-01,2022-07-29,539099639,True,0,expected_duration_days,10.621439192499082,5.0,False
186,2022-07-01,2022-07-29,539099639,True,0,stationary_prob,0.2815764762354502,0.02,False
186,2022-07-01,2022-07-29,539099639,True,1,expected_duration_days,5.063075284050621,5.0,False
186,2022-07-01,2022-07-29,539099639,True,1,stationary_prob,0.502596634268191,0.02,False
186,2022-07-01,2022-07-29,539099639,True,2,expected_duration_days,1.6733872176014635,5.0,True
186,2022-07-01,2022-07-29,539099639,True,2,stationary_prob,0.16707088386331023,0.02,False
186,2022-07-01,2022-07-29,539099639,True,3,expected_duration_days,2.0140183770466646,5.0,True
186,2022-07-01,2022-07-29,539099639,True,3,stationary_prob,0.04875600563304856,0.02,False
186,2022-07-01,2022-07-29,88667461,True,0,expected_duration_days,1.6736476537017297,5.0,True
186,2022-07-01,2022-07-29,88667461,True,0,stationary_prob,0.16713211648317325,0.02,False
186,2022-07-01,2022-07-29,88667461,True,1,expected_duration_days,2.0136897776412015,5.0,True
186,2022-07-01,2022-07-29,88667461,True,1,stationary_prob,0.04874572515655371,0.02,False
186,2022-07-01,2022-07-29,88667461,True,2,expected_duration_days,10.617103931857846,5.0,False
186,2022-07-01,2022-07-29,88667461,True,2,stationary_prob,0.2814663315288618,0.02,False
186,2022-07-01,2022-07-29,88667461,True,3,expected_duration_days,5.061190036477086,5.0,False
186,2022-07-01,2022-07-29,88667461,True,3,stationary_prob,0.5026558268314113,0.02,False
186,2022-07-01,2022-07-29,2604859886,True,0,expected_duration_days,2.2446425149526292,5.0,True
186,2022-07-01,2022-07-29,2604859886,True,0,stationary_prob,0.06297197914369722,0.02,False
186,2022-07-01,2022-07-29,2604859886,True,1,expected_duration_days,1.5596882923113164,5.0,True
186,2022-07-01,2022-07-29,2604859886,True,1,stationary_prob,0.1226844578073617,0.02,False
186,2022-07-01,2022-07-29,2604859886,True,2,expected_duration_days,6.900361942374852,5.0,False
186,2022-07-01,2022-07-29,2604859886,True,2,stationary_prob,0.5373706895598099,0.02,False
186,2022-07-01,2022-07-29,2604859886,True,3,expected_duration_days,8.65025383631993,5.0,False
186,2022-07-01,2022-07-29,2604859886,True,3,stationary_prob,0.27697287348913113,0.02,False
186,2022-07-01,2022-07-29,4017174315,True,0,expected_duration_days,2.244887117052458,5.0,True
186,2022-07-01,2022-07-29,4017174315,True,0,stationary_prob,0.06296586538282813,0.02,False
186,2022-07-01,2022-07-29,4017174315,True,1,expected_duration_days,1.5596236709810696,5.0,True
186,2022-07-01,2022-07-29,4017174315,True,1,stationary_prob,0.12269124874511689,0.02,False
186,2022-07-01,2022-07-29,4017174315,True,2,expected_duration_days,6.900684525073175,5.0,False
186,2022-07-01,2022-07-29,4017174315,True,2,stationary_prob,0.5373707822945933,0.02,False
186,2022-07-01,2022-07-29,4017174315,True,3,expected_duration_days,8.650134649303645,5.0,False
186,2022-07-01,2022-07-29,4017174315,True,3,stationary_prob,0.27697210357746166,0.02,False
187,2022-08-01,2022-08-31,18837201,True,0,expected_duration_days,2.351582746570255,5.0,True
187,2022-08-01,2022-08-31,18837201,True,0,stationary_prob,0.20431295563223062,0.02,False
187,2022-08-01,2022-08-31,18837201,True,1,expected_duration_days,1.699702912983555,5.0,True
187,2022-08-01,2022-08-31,18837201,True,1,stationary_prob,0.09714348863700711,0.02,False
187,2022-08-01,2022-08-31,18837201,True,2,expected_duration_days,1.7718381125105764,5.0,True
187,2022-08-01,2022-08-31,18837201,True,2,stationary_prob,0.1442563201482859,0.02,False
187,2022-08-01,2022-08-31,18837201,True,3,expected_duration_days,14.481442061885572,5.0,False
187,2022-08-01,2022-08-31,18837201,True,3,stationary_prob,0.5542872355824764,0.02,False
187,2022-08-01,2022-08-31,1073994825,True,0,expected_duration_days,4.039910232397205,5.0,True
187,2022-08-01,2022-08-31,1073994825,True,0,stationary_prob,0.5029142046098914,0.02,False
187,2022-08-01,2022-08-31,1073994825,True,1,expected_duration_days,1.4099256156785378,5.0,True
187,2022-08-01,2022-08-31,1073994825,True,1,stationary_prob,0.16776866937028698,0.02,False
187,2022-08-01,2022-08-31,1073994825,True,2,expected_duration_days,1.7415074674388287,5.0,True
187,2022-08-01,2022-08-31,1073994825,True,2,stationary_prob,0.0594086500592765,0.02,False
187,2022-08-01,2022-08-31,1073994825,True,3,expected_duration_days,10.905081125466616,5.0,False
187,2022-08-01,2022-08-31,1073994825,True,3,stationary_prob,0.269908475960545,0.02,False
187,2022-08-01,2022-08-31,3425144129,True,0,expected_duration_days,8.60541587520403,5.0,False
187,2022-08-01,2022-08-31,3425144129,True,0,stationary_prob,0.2777673745780423,0.02,False
187,2022-08-01,2022-08-31,3425144129,True,1,expected_duration_days,1.5590503694037932,5.0,True
187,2022-08-01,2022-08-31,3425144129,True,1,stationary_prob,0.12234543092521852,0.02,False
187,2022-08-01,2022-08-31,3425144129,True,2,expected_duration_days,6.8944696402484995,5.0,False
187,2022-08-01,2022-08-31,3425144129,True,2,stationary_prob,0.5360747113099111,0.02,False
187,2022-08-01,2022-08-31,3425144129,True,3,expected_duration_days,2.2532236399894514,5.0,True
187,2022-08-01,2022-08-31,3425144129,True,3,stationary_prob,0.06381248318682799,0.02,False
187,2022-08-01,2022-08-31,2587652399,True,0,expected_duration_days,3.2069722563798204,5.0,True
187,2022-08-01,2022-08-31,2587652399,True,0,stationary_prob,0.5044425307128734,0.02,False
187,2022-08-01,2022-08-31,2587652399,True,1,expected_duration_days,1.3647379286732406,5.0,True
187,2022-08-01,2022-08-31,2587652399,True,1,stationary_prob,0.1984312010434321,0.02,False
187,2022-08-01,2022-08-31,2587652399,True,2,expected_duration_days,14.277945657959565,5.0,False
187,2022-08-01,2022-08-31,2587652399,True,2,stationary_prob,0.20610102273243075,0.02,False
187,2022-08-01,2022-08-31,2587652399,True,3,expected_duration_days,1.304988709590998,5.0,True
187,2022-08-01,2022-08-31,2587652399,True,3,stationary_prob,0.09102524551126377,0.02,False
187,2022-08-01,2022-08-31,2586029543,True,0,expected_duration_days,5.047474818879508,5.0,False
187,2022-08-01,2022-08-31,2586029543,True,0,stationary_prob,0.5023440447791581,0.02,False
187,2022-08-01,2022-08-31,2586029543,True,1,expected_duration_days,10.701405670340366,5.0,False
187,2022-08-01,2022-08-31,2586029543,True,1,stationary_prob,0.28228685550707916,0.02,False
187,2022-08-01,2022-08-31,2586029543,True,2,expected_duration_days,2.005553368736986,5.0,True
187,2022-08-01,2022-08-31,2586029543,True,2,stationary_prob,0.04814027555703838,0.02,False
187,2022-08-01,2022-08-31,2586029543,True,3,expected_duration_days,1.6729634716779775,5.0,True
187,2022-08-01,2022-08-31,2586029543,True,3,stationary_prob,0.16722882415672438,0.02,False
188,2022-09-01,2022-09-30,2762139502,True,0,expected_duration_days,4.25495863741587,5.0,True
188,2022-09-01,2022-09-30,2762139502,True,0,stationary_prob,0.470643122308718,0.02,False
188,2022-09-01,2022-09-30,2762139502,True,1,expected_duration_days,1.3603828573162446,5.0,True
188,2022-09-01,2022-09-30,2762139502,True,1,stationary_prob,0.14626085861831578,0.02,False
188,2022-09-01,2022-09-30,2762139502,True,2,expected_duration_days,11.847523595565807,5.0,False
188,2022-09-01,2022-09-30,2762139502,True,2,stationary_prob,0.30278967720344085,0.02,False
188,2022-09-01,2022-09-30,2762139502,True,3,expected_duration_days,1.5739183818887696,5.0,True
188,2022-09-01,2022-09-30,2762139502,True,3,stationary_prob,0.08030634186952526,0.02,False
188,2022-09-01,2022-09-30,2612644082,True,0,expected_duration_days,8.53705600010498,5.0,False
188,2022-09-01,2022-09-30,2612644082,True,0,stationary_prob,0.27841132579096073,0.02,False
188,2022-09-01,2022-09-30,2612644082,True,1,expected_duration_days,1.5584432273717916,5.0,True
188,2022-09-01,2022-09-30,2612644082,True,1,stationary_prob,0.12257733292612234,0.02,False
188,2022-09-01,2022-09-30,2612644082,True,2,expected_duration_days,6.870184018108816,5.0,False
188,2022-09-01,2022-09-30,2612644082,True,2,stationary_prob,0.5350272574859428,0.02,False
188,2022-09-01,2022-09-30,2612644082,True,3,expected_duration_days,2.2471494002572796,5.0,True
188,2022-09-01,2022-09-30,2612644082,True,3,stationary_prob,0.06398408379697401,0.02,False
188,2022-09-01,2022-09-30,3300923235,True,0,expected_duration_days,8.536070806499389,5.0,False
188,2022-09-01,2022-09-30,3300923235,True,0,stationary_prob,0.2784113928381122,0.02,False
188,2022-09-01,2022-09-30,3300923235,True,1,expected_duration_days,6.870343955204414,5.0,False
188,2022-09-01,2022-09-30,3300923235,True,1,stationary_prob,0.5350264380677506,0.02,False
188,2022-09-01,2022-09-30,3300923235,True,2,expected_duration_days,2.2470175782776023,5.0,True
188,2022-09-01,2022-09-30,3300923235,True,2,stationary_prob,0.06398537938508797,0.02,False
188,2022-09-01,2022-09-30,3300923235,True,3,expected_duration_days,1.5584348973440554,5.0,True
188,2022-09-01,2022-09-30,3300923235,True,3,stationary_prob,0.12257678970904923,0.02,False
188,2022-09-01,2022-09-30,956394295,True,0,expected_duration_days,1.4121631980848133,5.0,True
188,2022-09-01,2022-09-30,956394295,True,0,stationary_prob,0.16917879828768406,0.02,False
188,2022-09-01,2022-09-30,956394295,True,1,expected_duration_days,4.0414811944560425,5.0,True
188,2022-09-01,2022-09-30,956394295,True,1,stationary_prob,0.5049755710415811,0.02,False
188,2022-09-01,2022-09-30,956394295,True,2,expected_duration_days,10.942839673555792,5.0,False
188,2022-09-01,2022-09-30,956394295,True,2,stationary_prob,0.26786094272893013,0.02,False
188,2022-09-01,2022-09-30,956394295,True,3,expected_duration_days,1.7397954911407072,5.0,True
188,2022-09-01,2022-09-30,956394295,True,3,stationary_prob,0.057984687941804794,0.02,False
188,2022-09-01,2022-09-30,257779294,True,0,expected_duration_days,1.4121599417198578,5.0,True
188,2022-09-01,2022-09-30,257779294,True,0,stationary_prob,0.16917829686742136,0.02,False
188,2022-09-01,2022-09-30,257779294,True,1,expected_duration_days,10.942750249809096,5.0,False
188,2022-09-01,2022-09-30,257779294,True,1,stationary_prob,0.26786091169559934,0.02,False
188,2022-09-01,2022-09-30,257779294,True,2,expected_duration_days,4.041535585764285,5.0,True
188,2022-09-01,2022-09-30,257779294,True,2,stationary_prob,0.5049762331681644,0.02,False
188,2022-09-01,2022-09-30,257779294,True,3,expected_duration_days,1.7397992831437368,5.0,True
188,2022-09-01,2022-09-30,257779294,True,3,stationary_prob,0.05798455826881479,0.02,False
189,2022-10-03,2022-10-31,3238240370,True,0,expected_duration_days,5.017257486961639,5.0,False
189,2022-10-03,2022-10-31,3238240370,True,0,stationary_prob,0.49996384403512834,0.02,False
189,2022-10-03,2022-10-31,3238240370,True,1,expected_duration_days,11.014101392274336,5.0,False
189,2022-10-03,2022-10-31,3238240370,True,1,stationary_prob,0.2852728195750881,0.02,False
189,2022-10-03,2022-10-31,3238240370,True,2,expected_duration_days,1.6755987680085256,5.0,True
189,2022-10-03,2022-10-31,3238240370,True,2,stationary_prob,0.16793450999580858,0.02,False
189,2022-10-03,2022-10-31,3238240370,True,3,expected_duration_days,2.015826609783982,5.0,True
189,2022-10-03,2022-10-31,3238240370,True,3,stationary_prob,0.04682882639397483,0.02,False
189,2022-10-03,2022-10-31,244714950,True,0,expected_duration_days,11.013905162109012,5.0,False
189,2022-10-03,2022-10-31,244714950,True,0,stationary_prob,0.28527874456825675,0.02,False
189,2022-10-03,2022-10-31,244714950,True,1,expected_duration_days,5.017765327522526,5.0,False
189,2022-10-03,2022-10-31,244714950,True,1,stationary_prob,0.49997241882243093,0.02,False
189,2022-10-03,2022-10-31,244714950,True,2,expected_duration_days,2.015827079864047,5.0,True
189,2022-10-03,2022-10-31,244714950,True,2,stationary_prob,0.0468308837615854,0.02,False
189,2022-10-03,2022-10-31,244714950,True,3,expected_duration_days,1.6755583152931093,5.0,True
189,2022-10-03,2022-10-31,244714950,True,3,stationary_prob,0.167917952847727,0.02,False
189,2022-10-03,2022-10-31,4091690146,True,0,expected_duration_days,11.243173634993248,5.0,False
189,2022-10-03,2022-10-31,4091690146,True,0,stationary_prob,0.27185567276996403,0.02,False
189,2022-10-03,2022-10-31,4091690146,True,1,expected_duration_days,1.7429248942042679,5.0,True
189,2022-10-03,2022-10-31,4091690146,True,1,stationary_prob,0.05786512088130642,0.02,False
189,2022-10-03,2022-10-31,4091690146,True,2,expected_duration_days,4.030365349318242,5.0,True
189,2022-10-03,2022-10-31,4091690146,True,2,stationary_prob,0.501921955346516,0.02,False
189,2022-10-03,2022-10-31,4091690146,True,3,expected_duration_days,1.4130561726164637,5.0,True
189,2022-10-03,2022-10-31,4091690146,True,3,stationary_prob,0.16835725100221366,0.02,False
189,2022-10-03,2022-10-31,1844114564,True,0,expected_duration_days,11.21922159562512,5.0,False
189,2022-10-03,2022-10-31,1844114564,True,0,stationary_prob,0.271792309879616,0.02,False
189,2022-10-03,2022-10-31,1844114564,True,1,expected_duration_days,1.7442807286251887,5.0,True
189,2022-10-03,2022-10-31,1844114564,True,1,stationary_prob,0.057793058711103226,0.02,False
189,2022-10-03,2022-10-31,1844114564,True,2,expected_duration_days,1.4120220847406393,5.0,True
189,2022-10-03,2022-10-31,1844114564,True,2,stationary_prob,0.16809547274115993,0.02,False
189,2022-10-03,2022-10-31,1844114564,True,3,expected_duration_days,4.046713827644342,5.0,True
189,2022-10-03,2022-10-31,1844114564,True,3,stationary_prob,0.5023191586681209,0.02,False
189,2022-10-03,2022-10-31,1525415493,True,0,expected_duration_days,6.875220879047006,5.0,False
189,2022-10-03,2022-10-31,1525415493,True,0,stationary_prob,0.5321610720561659,0.02,False
189,2022-10-03,2022-10-31,1525415493,True,1,expected_duration_days,2.2605972067107567,5.0,True
189,2022-10-03,2022-10-31,1525415493,True,1,stationary_prob,0.06322632615791335,0.02,False
189,2022-10-03,2022-10-31,1525415493,True,2,expected_duration_days,8.81002735834767,5.0,False
189,2022-10-03,2022-10-31,1525415493,True,2,stationary_prob,0.28266252789254354,0.02,False
189,2022-10-03,2022-10-31,1525415493,True,3,expected_duration_days,1.558997377307935,5.0,True
189,2022-10-03,2022-10-31,1525415493,True,3,stationary_prob,0.12195007389337707,0.02,False
190,2022-11-01,2022-11-30,3960032582,True,0,expected_duration_days,1.1868315346667635,5.0,True
190,2022-11-01,2022-11-30,3960032582,True,0,stationary_prob,0.06674988685520547,0.02,False
190,2022-11-01,2022-11-30,3960032582,True,1,expected_duration_days,1.26989671406612,5.0,True
190,2022-11-01,2022-11-30,3960032582,True,1,stationary_prob,0.11706124315918019,0.02,False
190,2022-11-01,2022-11-30,3960032582,True,2,expected_duration_days,11.734386060241638,5.0,False
190,2022-11-01,2022-11-30,3960032582,True,2,stationary_prob,0.17526029387047537,0.02,False
190,2022-11-01,2022-11-30,3960032582,True,3,expected_duration_days,5.591456950913263,5.0,False
190,2022-11-01,2022-11-30,3960032582,True,3,stationary_prob,0.6409285761151391,0.02,False
190,2022-11-01,2022-11-30,1415352667,True,0,expected_duration_days,1.9770394435133105,5.0,True
190,2022-11-01,2022-11-30,1415352667,True,0,stationary_prob,0.0471600438732378,0.02,False
190,2022-11-01,2022-11-30,1415352667,True,1,expected_duration_days,1.6747720348012816,5.0,True
190,2022-11-01,2022-11-30,1415352667,True,1,stationary_prob,0.16641528874494815,0.02,False
190,2022-11-01,2022-11-30,1415352667,True,2,expected_duration_days,10.968400063984257,5.0,False
190,2022-11-01,2022-11-30,1415352667,True,2,stationary_prob,0.28874637780225754,0.02,False
190,2022-11-01,2022-11-30,1415352667,True,3,expected_duration_days,5.0278902297311525,5.0,False
190,2022-11-01,2022-11-30,1415352667,True,3,stationary_prob,0.49767828957955645,0.02,False
190,2022-11-01,2022-11-30,1913271208,True,0,expected_duration_days,6.896422565772532,5.0,False
190,2022-11-01,2022-11-30,1913271208,True,0,stationary_prob,0.5291330835117571,0.02,False
190,2022-11-01,2022-11-30,1913271208,True,1,expected_duration_days,8.528978694078212,5.0,False
190,2022-11-01,2022-11-30,1913271208,True,1,stationary_prob,0.28491344833586624,0.02,False
190,2022-11-01,2022-11-30,1913271208,True,2,expected_duration_days,2.2055169723830708,5.0,True
190,2022-11-01,2022-11-30,1913271208,True,2,stationary_prob,0.06520448824742707,0.02,False
190,2022-11-01,2022-11-30,1913271208,True,3,expected_duration_days,1.5608870162164799,5.0,True
190,2022-11-01,2022-11-30,1913271208,True,3,stationary_prob,0.12074897990494936,0.02,False
190,2022-11-01,2022-11-30,4048242471,True,0,expected_duration_days,6.8964013315183434,5.0,False
190,2022-11-01,2022-11-30,4048242471,True,0,stationary_prob,0.5291330883299343,0.02,False
190,2022-11-01,2022-11-30,4048242471,True,1,expected_duration_days,1.560890184175859,5.0,True
190,2022-11-01,2022-11-30,4048242471,True,1,stationary_prob,0.1207487481379473,0.02,False
190,2022-11-01,2022-11-30,4048242471,True,2,expected_duration_days,8.529051459775083,5.0,False
190,2022-11-01,2022-11-30,4048242471,True,2,stationary_prob,0.28491356265122025,0.02,False
190,2022-11-01,2022-11-30,4048242471,True,3,expected_duration_days,2.2055146258093505,5.0,True
190,2022-11-01,2022-11-30,4048242471,True,3,stationary_prob,0.06520460088089808,0.02,False
190,2022-11-01,2022-11-30,881889273,True,0,expected_duration_days,1.3602402580073019,5.0,True
190,2022-11-01,2022-11-30,881889273,True,0,stationary_prob,0.14487188146804508,0.02,False
190,2022-11-01,2022-11-30,881889273,True,1,expected_duration_days,4.266012298531542,5.0,True
190,2022-11-01,2022-11-30,881889273,True,1,stationary_prob,0.46762466618562676,0.02,False
190,2022-11-01,2022-11-30,881889273,True,2,expected_duration_days,1.5686165459168329,5.0,True
190,2022-11-01,2022-11-30,881889273,True,2,stationary_prob,0.0793691833723707,0.02,False
190,2022-11-01,2022-11-30,881889273,True,3,expected_duration_days,12.112518872836102,5.0,False
190,2022-11-01,2022-11-30,881889273,True,3,stationary_prob,0.3081342689739574,0.02,False
191,2022-12-01,2022-12-30,4277877606,True,0,expected_duration_days,11.22535256113601,5.0,False
191,2022-12-01,2022-12-30,4277877606,True,0,stationary_prob,0.2760490027455842,0.02,False
191,2022-12-01,2022-12-30,4277877606,True,1,expected_duration_days,1.715100859304528,5.0,True
191,2022-12-01,2022-12-30,4277877606,True,1,stationary_prob,0.057172898934050996,0.02,False
191,2022-12-01,2022-12-30,4277877606,True,2,expected_duration_days,1.411829256030229,5.0,True
191,2022-12-01,2022-12-30,4277877606,True,2,stationary_prob,0.166931663166674,0.02,False
191,2022-12-01,2022-12-30,4277877606,True,3,expected_duration_days,4.0457498326035,5.0,True
191,2022-12-01,2022-12-30,4277877606,True,3,stationary_prob,0.49984643515369076,0.02,False
191,2022-12-01,2022-12-30,727960716,True,0,expected_duration_days,1.6751297904223947,5.0,True
191,2022-12-01,2022-12-30,727960716,True,0,stationary_prob,0.16735619721650574,0.02,False
191,2022-12-01,2022-12-30,727960716,True,1,expected_duration_days,5.002223304121002,5.0,False
191,2022-12-01,2022-12-30,727960716,True,1,stationary_prob,0.49822108946658494,0.02,False
191,2022-12-01,2022-12-30,727960716,True,2,expected_duration_days,10.779145521495723,5.0,False
191,2022-12-01,2022-12-30,727960716,True,2,stationary_prob,0.2876687298916367,0.02,False
191,2022-12-01,2022-12-30,727960716,True,3,expected_duration_days,1.9492070740693708,5.0,True
191,2022-12-01,2022-12-30,727960716,True,3,stationary_prob,0.0467539834252725,0.02,False
191,2022-12-01,2022-12-30,3918596140,True,0,expected_duration_days,8.246083081620494,5.0,False
191,2022-12-01,2022-12-30,3918596140,True,0,stationary_prob,0.28313056856617974,0.02,False
191,2022-12-01,2022-12-30,3918596140,True,1,expected_duration_days,1.5592884370946007,5.0,True
191,2022-12-01,2022-12-30,3918596140,True,1,stationary_prob,0.12104119111982473,0.02,False
191,2022-12-01,2022-12-30,3918596140,True,2,expected_duration_days,2.2096267517277703,5.0,True
191,2022-12-01,2022-12-30,3918596140,True,2,stationary_prob,0.06695975835097348,0.02,False
191,2022-12-01,2022-12-30,3918596140,True,3,expected_duration_days,6.875944598524905,5.0,False
191,2022-12-01,2022-12-30,3918596140,True,3,stationary_prob,0.5288684819630219,0.02,False
191,2022-12-01,2022-12-30,1795480735,True,0,expected_duration_days,1.675029360037566,5.0,True
191,2022-12-01,2022-12-30,1795480735,True,0,stationary_prob,0.1673467835107106,0.02,False
191,2022-12-01,2022-12-30,1795480735,True,1,expected_duration_days,1.9495339898201665,5.0,True
191,2022-12-01,2022-12-30,1795480735,True,1,stationary_prob,0.04675408056996623,0.02,False
191,2022-12-01,2022-12-30,1795480735,True,2,expected_duration_days,10.780958802592593,5.0,False
191,2022-12-01,2022-12-30,1795480735,True,2,stationary_prob,0.28770937979700373,0.02,False
191,2022-12-01,2022-12-30,1795480735,True,3,expected_duration_days,5.003079852397456,5.0,False
191,2022-12-01,2022-12-30,1795480735,True,3,stationary_prob,0.49818975612231936,0.02,False
191,2022-12-01,2022-12-30,4277615363,True,0,expected_duration_days,11.228927625382749,5.0,False
191,2022-12-01,2022-12-30,4277615363,True,0,stationary_prob,0.2760795676920824,0.02,False
191,2022-12-01,2022-12-30,4277615363,True,1,expected_duration_days,1.412405635914017,5.0,True
191,2022-12-01,2022-12-30,4277615363,True,1,stationary_prob,0.16719767211290265,0.02,False
191,2022-12-01,2022-12-30,4277615363,True,2,expected_duration_days,4.037858247824075,5.0,True
191,2022-12-01,2022-12-30,4277615363,True,2,stationary_prob,0.4994994564910007,0.02,False
191,2022-12-01,2022-12-30,4277615363,True,3,expected_duration_days,1.7144297603107397,5.0,True
191,2022-12-01,2022-12-30,4277615363,True,3,stationary_prob,0.05722330370401426,0.02,False
192,2023-01-03,2023-01-31,2649508479,True,0,expected_duration_days,1.7023129379250563,5.0,True
192,2023-01-03,2023-01-31,2649508479,True,0,stationary_prob,0.056871525338288015,0.02,False
192,2023-01-03,2023-01-31,2649508479,True,1,expected_duration_days,4.051558375192727,5.0,True
192,2023-01-03,2023-01-31,2649508479,True,1,stationary_prob,0.4997630181249949,0.02,False
192,2023-01-03,2023-01-31,2649508479,True,2,expected_duration_days,11.109524992314872,5.0,False
192,2023-01-03,2023-01-31,2649508479,True,2,stationary_prob,0.27650766653049796,0.02,False
192,2023-01-03,2023-01-31,2649508479,True,3,expected_duration_days,1.4119154113312011,5.0,True
192,2023-01-03,2023-01-31,2649508479,True,3,stationary_prob,0.1668577900062191,0.02,False
192,2023-01-03,2023-01-31,3685822245,True,0,expected_duration_days,14.702814686111601,5.0,False
192,2023-01-03,2023-01-31,3685822245,True,0,stationary_prob,0.5605180847058537,0.02,False
192,2023-01-03,2023-01-31,3685822245,True,1,expected_duration_days,1.8582597932925122,5.0,True
192,2023-01-03,2023-01-31,3685822245,True,1,stationary_prob,0.14902603857924812,0.02,False
192,2023-01-03,2023-01-31,3685822245,True,2,expected_duration_days,1.6469633518759468,5.0,True
192,2023-01-03,2023-01-31,3685822245,True,2,stationary_prob,0.09364975852364213,0.02,False
192,2023-01-03,2023-01-31,3685822245,True,3,expected_duration_days,2.3074307325060217,5.0,True
192,2023-01-03,2023-01-31,3685822245,True,3,stationary_prob,0.196806118191256,0.02,False
192,2023-01-03,2023-01-31,733380078,True,0,expected_duration_days,11.860851961881258,5.0,False
192,2023-01-03,2023-01-31,733380078,True,0,stationary_prob,0.3100686793077984,0.02,False
192,2023-01-03,2023-01-31,733380078,True,1,expected_duration_days,1.3603210538433697,5.0,True
192,2023-01-03,2023-01-31,733380078,True,1,stationary_prob,0.14376816863028555,0.02,False
192,2023-01-03,2023-01-31,733380078,True,2,expected_duration_days,4.303221231002062,5.0,True
192,2023-01-03,2023-01-31,733380078,True,2,stationary_prob,0.46737247083013633,0.02,False
192,2023-01-03,2023-01-31,733380078,True,3,expected_duration_days,1.5417359955997867,5.0,True
192,2023-01-03,2023-01-31,733380078,True,3,stationary_prob,0.0787906812317797,0.02,False
192,2023-01-03,2023-01-31,3228510030,True,0,expected_duration_days,1.411914986062478,5.0,True
192,2023-01-03,2023-01-31,3228510030,True,0,stationary_prob,0.16685766991146686,0.02,False
192,2023-01-03,2023-01-31,3228510030,True,1,expected_duration_days,4.051564689717101,5.0,True
192,2023-01-03,2023-01-31,3228510030,True,1,stationary_prob,0.49976313844376324,0.02,False
192,2023-01-03,2023-01-31,3228510030,True,2,expected_duration_days,1.7023133308308447,5.0,True
192,2023-01-03,2023-01-31,3228510030,True,2,stationary_prob,0.056871506935359924,0.02,False
192,2023-01-03,2023-01-31,3228510030,True,3,expected_duration_days,11.109517888910627,5.0,False
192,2023-01-03,2023-01-31,3228510030,True,3,stationary_prob,0.2765076847094099,0.02,False
192,2023-01-03,2023-01-31,1928515756,True,0,expected_duration_days,4.276360775124354,5.0,True
192,2023-01-03,2023-01-31,1928515756,True,0,stationary_prob,0.4665790676856916,0.02,False
192,2023-01-03,2023-01-31,1928515756,True,1,expected_duration_days,11.868672269580038,5.0,False
192,2023-01-03,2023-01-31,1928515756,True,1,stationary_prob,0.31003188373623863,0.02,False
192,2023-01-03,2023-01-31,1928515756,True,2,expected_duration_days,1.5422163697863775,5.0,True
192,2023-01-03,2023-01-31,1928515756,True,2,stationary_prob,0.0788413031629431,0.02,False
192,2023-01-03,2023-01-31,1928515756,True,3,expected_duration_days,1.3607763964805573,5.0,True
192,2023-01-03,2023-01-31,1928515756,True,3,stationary_prob,0.14454774541512663,0.02,False
193,2023-02-01,2023-02-28,1146317394,True,0,expected_duration_days,1.4119043921436059,5.0,True
193,2023-02-01,2023-02-28,1146317394,True,0,stationary_prob,0.1665324003554536,0.02,False
193,2023-02-01,2023-02-28,1146317394,True,1,expected_duration_days,1.6983908153949594,5.0,True
193,2023-02-01,2023-02-28,1146317394,True,1,stationary_prob,0.05682620990636556,0.02,False
193,2023-02-01,2023-02-28,1146317394,True,2,expected_duration_days,11.124200521779708,5.0,False
193,2023-02-01,2023-02-28,1146317394,True,2,stationary_prob,0.278037731408627,0.02,False
193,2023-02-01,2023-02-28,1146317394,True,3,expected_duration_days,4.052306572640293,5.0,True
193,2023-02-01,2023-02-28,1146317394,True,3,stationary_prob,0.4986036583295539,0.02,False
193,2023-02-01,2023-02-28,3523648078,True,0,expected_duration_days,1.6761933763710806,5.0,True
193,2023-02-01,2023-02-28,3523648078,True,0,stationary_prob,0.16754900182195234,0.02,False
193,2023-02-01,2023-02-28,3523648078,True,1,expected_duration_days,4.983892618238423,5.0,True
193,2023-02-01,2023-02-28,3523648078,True,1,stationary_prob,0.4962900665709871,0.02,False
193,2023-02-01,2023-02-28,3523648078,True,2,expected_duration_days,1.9186134731701732,5.0,True
193,2023-02-01,2023-02-28,3523648078,True,2,stationary_prob,0.04645365239450928,0.02,False
193,2023-02-01,2023-02-28,3523648078,True,3,expected_duration_days,10.709190138415485,5.0,False
193,2023-02-01,2023-02-28,3523648078,True,3,stationary_prob,0.2897072792125514,0.02,False
193,2023-02-01,2023-02-28,3110194460,True,0,expected_duration_days,4.2816832934453295,5.0,True
193,2023-02-01,2023-02-28,3110194460,True,0,stationary_prob,0.46532147453866446,0.02,False
193,2023-02-01,2023-02-28,3110194460,True,1,expected_duration_days,11.824616567121609,5.0,False
193,2023-02-01,2023-02-28,3110194460,True,1,stationary_prob,0.31163809163346246,0.02,False
193,2023-02-01,2023-02-28,3110194460,True,2,expected_duration_days,1.5378989601837325,5.0,True
193,2023-02-01,2023-02-28,3110194460,True,2,stationary_prob,0.07889155625973275,0.02,False
193,2023-02-01,2023-02-28,3110194460,True,3,expected_duration_days,1.3610566011324132,5.0,True
193,2023-02-01,2023-02-28,3110194460,True,3,stationary_prob,0.1441488775681403,0.02,False
193,2023-02-01,2023-02-28,900360566,True,0,expected_duration_days,1.4119031895028986,5.0,True
193,2023-02-01,2023-02-28,900360566,True,0,stationary_prob,0.16653173616768904,0.02,False
193,2023-02-01,2023-02-28,900360566,True,1,expected_duration_days,11.124202434364486,5.0,False
193,2023-02-01,2023-02-28,900360566,True,1,stationary_prob,0.27803769153166286,0.02,False
193,2023-02-01,2023-02-28,900360566,True,2,expected_duration_days,1.6983921465732905,5.0,True
193,2023-02-01,2023-02-28,900360566,True,2,stationary_prob,0.05682610399846215,0.02,False
193,2023-02-01,2023-02-28,900360566,True,3,expected_duration_days,4.052321692904192,5.0,True
193,2023-02-01,2023-02-28,900360566,True,3,stationary_prob,0.49860446830218585,0.02,False
193,2023-02-01,2023-02-28,1093977441,True,0,expected_duration_days,6.8393626359880555,5.0,False
193,2023-02-01,2023-02-28,1093977441,True,0,stationary_prob,0.527531415900426,0.02,False
193,2023-02-01,2023-02-28,1093977441,True,1,expected_duration_days,8.185938865291833,5.0,False
193,2023-02-01,2023-02-28,1093977441,True,1,stationary_prob,0.2846318149024501,0.02,False
193,2023-02-01,2023-02-28,1093977441,True,2,expected_duration_days,1.5581745989392664,5.0,True
193,2023-02-01,2023-02-28,1093977441,True,2,stationary_prob,0.12137392976711886,0.02,False
193,2023-02-01,2023-02-28,1093977441,True,3,expected_duration_days,2.1776940868809938,5.0,True
193,2023-02-01,2023-02-28,1093977441,True,3,stationary_prob,0.0664628394300051,0.02,False
194,2023-03-01,2023-03-31,2305754340,True,0,expected_duration_days,11.44257698787124,5.0,False
194,2023-03-01,2023-03-31,2305754340,True,0,stationary_prob,0.2811462280249404,0.02,False
194,2023-03-01,2023-03-31,2305754340,True,1,expected_duration_days,4.053936470455179,5.0,True
194,2023-03-01,2023-03-31,2305754340,True,1,stationary_prob,0.49681046427409703,0.02,False
194,2023-03-01,2023-03-31,2305754340,True,2,expected_duration_days,1.4120717811686467,5.0,True
194,2023-03-01,2023-03-31,2305754340,True,2,stationary_prob,0.16578326495239104,0.02,False
194,2023-03-01,2023-03-31,2305754340,True,3,expected_duration_days,1.7014892958760854,5.0,True
194,2023-03-01,2023-03-31,2305754340,True,3,stationary_prob,0.05626004274857147,0.02,False
194,2023-03-01,2023-03-31,1309512011,True,0,expected_duration_days,11.445489166600744,5.0,False
194,2023-03-01,2023-03-31,1309512011,True,0,stationary_prob,0.2811448882594296,0.02,False
194,2023-03-01,2023-03-31,1309512011,True,1,expected_duration_days,1.7009233819330893,5.0,True
194,2023-03-01,2023-03-31,1309512011,True,1,stationary_prob,0.056297741238353946,0.02,False
194,2023-03-01,2023-03-31,1309512011,True,2,expected_duration_days,4.04657266650369,5.0,True
194,2023-03-01,2023-03-31,1309512011,True,2,stationary_prob,0.49652949997446755,0.02,False
194,2023-03-01,2023-03-31,1309512011,True,3,expected_duration_days,1.412621757116894,5.0,True
194,2023-03-01,2023-03-31,1309512011,True,3,stationary_prob,0.1660278705277488,0.02,False
194,2023-03-01,2023-03-31,3514160261,True,0,expected_duration_days,2.1711146464908313,5.0,True
194,2023-03-01,2023-03-31,3514160261,True,0,stationary_prob,0.0655495759418169,0.02,False
194,2023-03-01,2023-03-31,3514160261,True,1,expected_duration_days,8.361518181333391,5.0,False
194,2023-03-01,2023-03-31,3514160261,True,1,stationary_prob,0.28778468417579345,0.02,False
194,2023-03-01,2023-03-31,3514160261,True,2,expected_duration_days,6.835163062846344,5.0,False
194,2023-03-01,2023-03-31,3514160261,True,2,stationary_prob,0.5256943290548675,0.02,False
194,2023-03-01,2023-03-31,3514160261,True,3,expected_duration_days,1.5582327941510006,5.0,True
194,2023-03-01,2023-03-31,3514160261,True,3,stationary_prob,0.1209714108275222,0.02,False
194,2023-03-01,2023-03-31,3587554256,True,0,expected_duration_days,1.537027908264279,5.0,True
194,2023-03-01,2023-03-31,3587554256,True,0,stationary_prob,0.07803476564363727,0.02,False
194,2023-03-01,2023-03-31,3587554256,True,1,expected_duration_days,4.300124137719445,5.0,True
194,2023-03-01,2023-03-31,3587554256,True,1,stationary_prob,0.46476890392857645,0.02,False
194,2023-03-01,2023-03-31,3587554256,True,2,expected_duration_days,1.3607179312263726,5.0,True
194,2023-03-01,2023-03-31,3587554256,True,2,stationary_prob,0.1432094864284893,0.02,False
194,2023-03-01,2023-03-31,3587554256,True,3,expected_duration_days,12.11593516299394,5.0,False
194,2023-03-01,2023-03-31,3587554256,True,3,stationary_prob,0.31398684399929705,0.02,False
194,2023-03-01,2023-03-31,2214998495,True,0,expected_duration_days,1.3607037052742283,5.0,True
194,2023-03-01,2023-03-31,2214998495,True,0,stationary_prob,0.1431167763194453,0.02,False
194,2023-03-01,2023-03-31,2214998495,True,1,expected_duration_days,4.303834012791124,5.0,True
194,2023-03-01,2023-03-31,2214998495,True,1,stationary_prob,0.46486892013390724,0.02,False
194,2023-03-01,2023-03-31,2214998495,True,2,expected_duration_days,1.5367862327575752,5.0,True
194,2023-03-01,2023-03-31,2214998495,True,2,stationary_prob,0.07805426279569577,0.02,False
194,2023-03-01,2023-03-31,2214998495,True,3,expected_duration_days,12.114409372876345,5.0,False
194,2023-03-01,2023-03-31,2214998495,True,3,stationary_prob,0.31396004075095163,0.02,False
195,2023-04-03,2023-04-28,3993841776,True,0,expected_duration_days,1.4127034283305493,5.0,True
195,2023-04-03,2023-04-28,3993841776,True,0,stationary_prob,0.167537777360213,0.02,False
195,2023-04-03,2023-04-28,3993841776,True,1,expected_duration_days,4.008798016948252,5.0,True
195,2023-04-03,2023-04-28,3993841776,True,1,stationary_prob,0.495009805347182,0.02,False
195,2023-04-03,2023-04-28,3993841776,True,2,expected_duration_days,1.688406003474387,5.0,True
195,2023-04-03,2023-04-28,3993841776,True,2,stationary_prob,0.05642882221753746,0.02,False
195,2023-04-03,2023-04-28,3993841776,True,3,expected_duration_days,11.430948902123989,5.0,False
195,2023-04-03,2023-04-28,3993841776,True,3,stationary_prob,0.28102359507506747,0.02,False
195,2023-04-03,2023-04-28,1802705962,True,0,expected_duration_days,1.412685350633257,5.0,True
195,2023-04-03,2023-04-28,1802705962,True,0,stationary_prob,0.1675285104843754,0.02,False
195,2023-04-03,2023-04-28,1802705962,True,1,expected_duration_days,4.009032703428397,5.0,True
195,2023-04-03,2023-04-28,1802705962,True,1,stationary_prob,0.49502077710603604,0.02,False
195,2023-04-03,2023-04-28,1802705962,True,2,expected_duration_days,11.430920244219058,5.0,False
195,2023-04-03,2023-04-28,1802705962,True,2,stationary_prob,0.28102332148075326,0.02,False
195,2023-04-03,2023-04-28,1802705962,True,3,expected_duration_days,1.6884245179225112,5.0,True
195,2023-04-03,2023-04-28,1802705962,True,3,stationary_prob,0.056427390928835294,0.02,False
195,2023-04-03,2023-04-28,1371939422,True,0,expected_duration_days,1.6765373358522857,5.0,True
195,2023-04-03,2023-04-28,1371939422,True,0,stationary_prob,0.1665852703353929,0.02,False
195,2023-04-03,2023-04-28,1371939422,True,1,expected_duration_days,1.9067703505163471,5.0,True
195,2023-04-03,2023-04-28,1371939422,True,1,stationary_prob,0.0456576314290299,0.02,False
195,2023-04-03,2023-04-28,1371939422,True,2,expected_duration_days,4.977374778747545,5.0,True
195,2023-04-03,2023-04-28,1371939422,True,2,stationary_prob,0.4925736599290976,0.02,False
195,2023-04-03,2023-04-28,1371939422,True,3,expected_duration_days,11.064186351656081,5.0,False
195,2023-04-03,2023-04-28,1371939422,True,3,stationary_prob,0.2951834383064796,0.02,False
195,2023-04-03,2023-04-28,1624288413,True,0,expected_duration_days,1.3596628557821835,5.0,True
195,2023-04-03,2023-04-28,1624288413,True,0,stationary_prob,0.14256776568981208,0.02,False
195,2023-04-03,2023-04-28,1624288413,True,1,expected_duration_days,1.5318696436519659,5.0,True
195,2023-04-03,2023-04-28,1624288413,True,1,stationary_prob,0.07804450522367112,0.02,False
195,2023-04-03,2023-04-28,1624288413,True,2,expected_duration_days,4.307011774161152,5.0,True
195,2023-04-03,2023-04-28,1624288413,True,2,stationary_prob,0.4632885260157262,0.02,False
195,2023-04-03,2023-04-28,1624288413,True,3,expected_duration_days,12.054932764651692,5.0,False
195,2023-04-03,2023-04-28,1624288413,True,3,stationary_prob,0.3160992030707907,0.02,False
195,2023-04-03,2023-04-28,1809742025,True,0,expected_duration_days,12.05058492994565,5.0,False
195,2023-04-03,2023-04-28,1809742025,True,0,stationary_prob,0.31613223791034406,0.02,False
195,2023-04-03,2023-04-28,1809742025,True,1,expected_duration_days,4.321187127215885,5.0,True
195,2023-04-03,2023-04-28,1809742025,True,1,stationary_prob,0.4637208317547096,0.02,False
195,2023-04-03,2023-04-28,1809742025,True,2,expected_duration_days,1.5316175557684641,5.0,True
195,2023-04-03,2023-04-28,1809742025,True,2,stationary_prob,0.07801371380974738,0.02,False
195,2023-04-03,2023-04-28,1809742025,True,3,expected_duration_days,1.3594986638139737,5.0,True
195,2023-04-03,2023-04-28,1809742025,True,3,stationary_prob,0.14213321652519906,0.02,False
196,2023-05-01,2023-05-31,765352392,True,0,expected_duration_days,1.6960181814722874,5.0,True
196,2023-05-01,2023-05-31,765352392,True,0,stationary_prob,0.17161650980380969,0.02,False
196,2023-05-01,2023-05-31,765352392,True,1,expected_duration_days,4.909184388132745,5.0,True
196,2023-05-01,2023-05-31,765352392,True,1,stationary_prob,0.49338800602069094,0.02,False
196,2023-05-01,2023-05-31,765352392,True,2,expected_duration_days,11.172978465236843,5.0,False
196,2023-05-01,2023-05-31,765352392,True,2,stationary_prob,0.29057682256064604,0.02,False
196,2023-05-01,2023-05-31,765352392,True,3,expected_duration_days,1.9199716419967376,5.0,True
196,2023-05-01,2023-05-31,765352392,True,3,stationary_prob,0.04441866161485345,0.02,False
196,2023-05-01,2023-05-31,2672673787,True,0,expected_duration_days,16.09486783725442,5.0,False
196,2023-05-01,2023-05-31,2672673787,True,0,stationary_prob,0.19892715180093895,0.02,False
196,2023-05-01,2023-05-31,2672673787,True,1,expected_duration_days,6.0031319722577265,5.0,False
196,2023-05-01,2023-05-31,2672673787,True,1,stationary_prob,0.6277807581336338,0.02,False
196,2023-05-01,2023-05-31,2672673787,True,2,expected_duration_days,1.1795583656703885,5.0,True
196,2023-05-01,2023-05-31,2672673787,True,2,stationary_prob,0.05699025286386292,0.02,False
196,2023-05-01,2023-05-31,2672673787,True,3,expected_duration_days,1.275445242300727,5.0,True
196,2023-05-01,2023-05-31,2672673787,True,3,stationary_prob,0.11630183720156434,0.02,False
196,2023-05-01,2023-05-31,1005385137,True,0,expected_duration_days,4.909339292754212,5.0,True
196,2023-05-01,2023-05-31,1005385137,True,0,stationary_prob,0.49338182857446117,0.02,False
196,2023-05-01,2023-05-31,1005385137,True,1,expected_duration_days,11.173852946597695,5.0,False
196,2023-05-01,2023-05-31,1005385137,True,1,stationary_prob,0.29058198210804564,0.02,False
196,2023-05-01,2023-05-31,1005385137,True,2,expected_duration_days,1.9201188428270668,5.0,True
196,2023-05-01,2023-05-31,1005385137,True,2,stationary_prob,0.04441594413575818,0.02,False
196,2023-05-01,2023-05-31,1005385137,True,3,expected_duration_days,1.6959798294692303,5.0,True
196,2023-05-01,2023-05-31,1005385137,True,3,stationary_prob,0.17162024518173494,0.02,False
196,2023-05-01,2023-05-31,4000766517,True,0,expected_duration_days,1.41408379565593,5.0,True
196,2023-05-01,2023-05-31,4000766517,True,0,stationary_prob,0.17043863194772305,0.02,False
196,2023-05-01,2023-05-31,4000766517,True,1,expected_duration_days,11.358936886279848,5.0,False
196,2023-05-01,2023-05-31,4000766517,True,1,stationary_prob,0.27789985496609904,0.02,False
196,2023-05-01,2023-05-31,4000766517,True,2,expected_duration_days,1.6922492511821254,5.0,True
196,2023-05-01,2023-05-31,4000766517,True,2,stationary_prob,0.05578719275360727,0.02,False
196,2023-05-01,2023-05-31,4000766517,True,3,expected_duration_days,3.95785870033314,5.0,True
196,2023-05-01,2023-05-31,4000766517,True,3,stationary_prob,0.49587432033257056,0.02,False
196,2023-05-01,2023-05-31,2761610575,True,0,expected_duration_days,3.9578574245987044,5.0,True
196,2023-05-01,2023-05-31,2761610575,True,0,stationary_prob,0.49587425098426224,0.02,False
196,2023-05-01,2023-05-31,2761610575,True,1,expected_duration_days,11.358936751548375,5.0,False
196,2023-05-01,2023-05-31,2761610575,True,1,stationary_prob,0.2778998572897441,0.02,False
196,2023-05-01,2023-05-31,2761610575,True,2,expected_duration_days,1.4140838998664065,5.0,True
196,2023-05-01,2023-05-31,2761610575,True,2,stationary_prob,0.1704386902392072,0.02,False
196,2023-05-01,2023-05-31,2761610575,True,3,expected_duration_days,1.6922491432893048,5.0,True
196,2023-05-01,2023-05-31,2761610575,True,3,stationary_prob,0.05578720148678645,0.02,False
197,2023-06-01,2023-06-30,3258395082,True,0,expected_duration_days,4.850588054469593,5.0,True
197,2023-06-01,2023-06-30,3258395082,True,0,stationary_prob,0.49179739825856605,0.02,False
197,2023-06-01,2023-06-30,3258395082,True,1,expected_duration_days,1.6904507678233478,5.0,True
197,2023-06-01,2023-06-30,3258395082,True,1,stationary_prob,0.17260888628899032,0.02,False
197,2023-06-01,2023-06-30,3258395082,True,2,expected_duration_days,1.906538109439077,5.0,True
197,2023-06-01,2023-06-30,3258395082,True,2,stationary_prob,0.04473247571688329,0.02,False
197,2023-06-01,2023-06-30,3258395082,True,3,expected_duration_days,11.055616612109825,5.0,False
197,2023-06-01,2023-06-30,3258395082,True,3,stationary_prob,0.2908612397355604,0.02,False
197,2023-06-01,2023-06-30,3651545332,True,0,expected_duration_days,1.2971468183055597,5.0,True
197,2023-06-01,2023-06-30,3651545332,True,0,stationary_prob,0.1647039874708692,0.02,False
197,2023-06-01,2023-06-30,3651545332,True,1,expected_duration_days,3.473123435123502,5.0,True
197,2023-06-01,2023-06-30,3651545332,True,1,stationary_prob,0.5492604678765586,0.02,False
197,2023-06-01,2023-06-30,3651545332,True,2,expected_duration_days,1.2439799675264267,5.0,True
197,2023-06-01,2023-06-30,3651545332,True,2,stationary_prob,0.10198708666023713,0.02,False
197,2023-06-01,2023-06-30,3651545332,True,3,expected_duration_days,13.254551357622079,5.0,False
197,2023-06-01,2023-06-30,3651545332,True,3,stationary_prob,0.184048457992335,0.02,False
197,2023-06-01,2023-06-30,519040217,True,0,expected_duration_days,1.4136434911788782,5.0,True
197,2023-06-01,2023-06-30,519040217,True,0,stationary_prob,0.1714761196520878,0.02,False
197,2023-06-01,2023-06-30,519040217,True,1,expected_duration_days,1.683854330858629,5.0,True
197,2023-06-01,2023-06-30,519040217,True,1,stationary_prob,0.05626032062189419,0.02,False
197,2023-06-01,2023-06-30,519040217,True,2,expected_duration_days,3.9243354752501936,5.0,True
197,2023-06-01,2023-06-30,519040217,True,2,stationary_prob,0.49530788846724777,0.02,False
197,2023-06-01,2023-06-30,519040217,True,3,expected_duration_days,11.341922584969927,5.0,False
197,2023-06-01,2023-06-30,519040217,True,3,stationary_prob,0.2769556712587702,0.02,False
197,2023-06-01,2023-06-30,2845416471,True,0,expected_duration_days,1.5674848572711477,5.0,True
197,2023-06-01,2023-06-30,2845416471,True,0,stationary_prob,0.12236989271614188,0.02,False
197,2023-06-01,2023-06-30,2845416471,True,1,expected_duration_days,8.40797027631767,5.0,False
197,2023-06-01,2023-06-30,2845416471,True,1,stationary_prob,0.2882724045886398,0.02,False
197,2023-06-01,2023-06-30,2845416471,True,2,expected_duration_days,6.807457184905423,5.0,False
197,2023-06-01,2023-06-30,2845416471,True,2,stationary_prob,0.5241200517307034,0.02,False
197,2023-06-01,2023-06-30,2845416471,True,3,expected_duration_days,2.150327037234253,5.0,True
197,2023-06-01,2023-06-30,2845416471,True,3,stationary_prob,0.06523765096451496,0.02,False
197,2023-06-01,2023-06-30,557309217,True,0,expected_duration_days,3.9243711039940568,5.0,True
197,2023-06-01,2023-06-30,557309217,True,0,stationary_prob,0.49530914676387516,0.02,False
197,2023-06-01,2023-06-30,557309217,True,1,expected_duration_days,11.341902878425081,5.0,False
197,2023-06-01,2023-06-30,557309217,True,1,stationary_prob,0.27695573947573326,0.02,False
197,2023-06-01,2023-06-30,557309217,True,2,expected_duration_days,1.4136408739158384,5.0,True
197,2023-06-01,2023-06-30,557309217,True,2,stationary_prob,0.1714749474756379,0.02,False
197,2023-06-01,2023-06-30,557309217,True,3,expected_duration_days,1.6838566535696184,5.0,True
197,2023-06-01,2023-06-30,557309217,True,3,stationary_prob,0.05626016628475371,0.02,False
198,2023-07-03,2023-07-31,323163962,True,0,expected_duration_days,3.9114352055170656,5.0,True
198,2023-07-03,2023-07-31,323163962,True,0,stationary_prob,0.49467723694300303,0.02,False
198,2023-07-03,2023-07-31,323163962,True,1,expected_duration_days,1.6775198459157024,5.0,True
198,2023-07-03,2023-07-31,323163962,True,1,stationary_prob,0.05667671647352086,0.02,False
198,2023-07-03,2023-07-31,323163962,True,2,expected_duration_days,11.260531271111894,5.0,False
198,2023-07-03,2023-07-31,323163962,True,2,stationary_prob,0.2761018745789469,0.02,False
198,2023-07-03,2023-07-31,323163962,True,3,expected_duration_days,1.4188377898412707,5.0,True
198,2023-07-03,2023-07-31,323163962,True,3,stationary_prob,0.1725441720045292,0.02,False
198,2023-07-03,2023-07-31,765996824,True,0,expected_duration_days,11.8285343464051,5.0,False
198,2023-07-03,2023-07-31,765996824,True,0,stationary_prob,0.3138666523318633,0.02,False
198,2023-07-03,2023-07-31,765996824,True,1,expected_duration_days,1.3714562547827154,5.0,True
198,2023-07-03,2023-07-31,765996824,True,1,stationary_prob,0.14505487764112474,0.02,False
198,2023-07-03,2023-07-31,765996824,True,2,expected_duration_days,4.259631035765463,5.0,True
198,2023-07-03,2023-07-31,765996824,True,2,stationary_prob,0.4620132798811697,0.02,False
198,2023-07-03,2023-07-31,765996824,True,3,expected_duration_days,1.525605972026352,5.0,True
198,2023-07-03,2023-07-31,765996824,True,3,stationary_prob,0.07906519014584235,0.02,False
198,2023-07-03,2023-07-31,199092674,True,0,expected_duration_days,1.3377841440460714,5.0,True
198,2023-07-03,2023-07-31,199092674,True,0,stationary_prob,0.16867384168707208,0.02,False
198,2023-07-03,2023-07-31,199092674,True,1,expected_duration_days,1.4188501156348858,5.0,True
198,2023-07-03,2023-07-31,199092674,True,1,stationary_prob,0.25794168207513024,0.02,False
198,2023-07-03,2023-07-31,199092674,True,2,expected_duration_days,2.1037165477861066,5.0,True
198,2023-07-03,2023-07-31,199092674,True,2,stationary_prob,0.05158462546528145,0.02,False
198,2023-07-03,2023-07-31,199092674,True,3,expected_duration_days,3.0297393057988873,5.0,True
198,2023-07-03,2023-07-31,199092674,True,3,stationary_prob,0.5217998507725162,0.02,False
198,2023-07-03,2023-07-31,3786967604,True,0,expected_duration_days,1.6775657931513108,5.0,True
198,2023-07-03,2023-07-31,3786967604,True,0,stationary_prob,0.05667107387022068,0.02,False
198,2023-07-03,2023-07-31,3786967604,True,1,expected_duration_days,1.4188037826423394,5.0,True
198,2023-07-03,2023-07-31,3786967604,True,1,stationary_prob,0.17251107651926004,0.02,False
198,2023-07-03,2023-07-31,3786967604,True,2,expected_duration_days,11.261551787145677,5.0,False
198,2023-07-03,2023-07-31,3786967604,True,2,stationary_prob,0.2760949730312057,0.02,False
198,2023-07-03,2023-07-31,3786967604,True,3,expected_duration_days,3.9117329838700905,5.0,True
198,2023-07-03,2023-07-31,3786967604,True,3,stationary_prob,0.4947228765793135,0.02,False
198,2023-07-03,2023-07-31,2527684402,True,0,expected_duration_days,11.399617031343547,5.0,False
198,2023-07-03,2023-07-31,2527684402,True,0,stationary_prob,0.20823805422368022,0.02,False
198,2023-07-03,2023-07-31,2527684402,True,1,expected_duration_days,1.4547391319347758,5.0,True
198,2023-07-03,2023-07-31,2527684402,True,1,stationary_prob,0.07375662510364682,0.02,False
198,2023-07-03,2023-07-31,2527684402,True,2,expected_duration_days,1.4221423250824354,5.0,True
198,2023-07-03,2023-07-31,2527684402,True,2,stationary_prob,0.2262372405847074,0.02,False
198,2023-07-03,2023-07-31,2527684402,True,3,expected_duration_days,2.7165201629456783,5.0,True
198,2023-07-03,2023-07-31,2527684402,True,3,stationary_prob,0.49176808008796563,0.02,False
199,2023-08-01,2023-08-31,1994442052,True,0,expected_duration_days,2.2468076439055484,5.0,True
199,2023-08-01,2023-08-31,1994442052,True,0,stationary_prob,0.2692204520188182,0.02,False
199,2023-08-01,2023-08-31,1994442052,True,1,expected_duration_days,1.7245990543643122,5.0,True
199,2023-08-01,2023-08-31,1994442052,True,1,stationary_prob,0.21399897701122916,0.02,False
199,2023-08-01,2023-08-31,1994442052,True,2,expected_duration_days,16.329797086451872,5.0,False
199,2023-08-01,2023-08-31,1994442052,True,2,stationary_prob,0.45260560336309197,0.02,False
199,2023-08-01,2023-08-31,1994442052,True,3,expected_duration_days,1.8761945888505105,5.0,True
199,2023-08-01,2023-08-31,1994442052,True,3,stationary_prob,0.06417496760686076,0.02,False
199,2023-08-01,2023-08-31,2238250562,True,0,expected_duration_days,1.2414804903976022,5.0,True
199,2023-08-01,2023-08-31,2238250562,True,0,stationary_prob,0.10107355606822287,0.02,False
199,2023-08-01,2023-08-31,2238250562,True,1,expected_duration_days,12.847413092143592,5.0,False
199,2023-08-01,2023-08-31,2238250562,True,1,stationary_prob,0.1824764719725374,0.02,False
199,2023-08-01,2023-08-31,2238250562,True,2,expected_duration_days,3.462909416940396,5.0,True
199,2023-08-01,2023-08-31,2238250562,True,2,stationary_prob,0.5486437991185346,0.02,False
199,2023-08-01,2023-08-31,2238250562,True,3,expected_duration_days,1.3057762905722894,5.0,True
199,2023-08-01,2023-08-31,2238250562,True,3,stationary_prob,0.16780617284070518,0.02,False
199,2023-08-01,2023-08-31,1300135572,True,0,expected_duration_days,1.4359569024931946,5.0,True
199,2023-08-01,2023-08-31,1300135572,True,0,stationary_prob,0.2319474028889949,0.02,False
199,2023-08-01,2023-08-31,1300135572,True,1,expected_duration_days,1.4650639211963914,5.0,True
199,2023-08-01,2023-08-31,1300135572,True,1,stationary_prob,0.07750460768508752,0.02,False
199,2023-08-01,2023-08-31,1300135572,True,2,expected_duration_days,11.451287613936293,5.0,False
199,2023-08-01,2023-08-31,1300135572,True,2,stationary_prob,0.2069421937700881,0.02,False
199,2023-08-01,2023-08-31,1300135572,True,3,expected_duration_days,2.653847685136584,5.0,True
199,2023-08-01,2023-08-31,1300135572,True,3,stationary_prob,0.4836057956558295,0.02,False
199,2023-08-01,2023-08-31,2885340662,True,0,expected_duration_days,1.4255304435594467,5.0,True
199,2023-08-01,2023-08-31,2885340662,True,0,stationary_prob,0.17320578186442318,0.02,False
199,2023-08-01,2023-08-31,2885340662,True,1,expected_duration_days,1.6793025486706736,5.0,True
199,2023-08-01,2023-08-31,2885340662,True,1,stationary_prob,0.05719255802399834,0.02,False
199,2023-08-01,2023-08-31,2885340662,True,2,expected_duration_days,3.891997374173877,5.0,True
199,2023-08-01,2023-08-31,2885340662,True,2,stationary_prob,0.4903657869426165,0.02,False
199,2023-08-01,2023-08-31,2885340662,True,3,expected_duration_days,11.257738025605569,5.0,False
199,2023-08-01,2023-08-31,2885340662,True,3,stationary_prob,0.2792358731689619,0.02,False
199,2023-08-01,2023-08-31,3007193643,True,0,expected_duration_days,11.257827521520127,5.0,False
199,2023-08-01,2023-08-31,3007193643,True,0,stationary_prob,0.2792368836341196,0.02,False
199,2023-08-01,2023-08-31,3007193643,True,1,expected_duration_days,1.679346919502489,5.0,True
199,2023-08-01,2023-08-31,3007193643,True,1,stationary_prob,0.0571888973968911,0.02,False
199,2023-08-01,2023-08-31,3007193643,True,2,expected_duration_days,3.8925868602387146,5.0,True
199,2023-08-01,2023-08-31,3007193643,True,2,stationary_prob,0.49039515206214984,0.02,False
199,2023-08-01,2023-08-31,3007193643,True,3,expected_duration_days,1.4254782225974871,5.0,True
199,2023-08-01,2023-08-31,3007193643,True,3,stationary_prob,0.17317906690683943,0.02,False
200,2023-09-01,2023-09-29,922875508,True,0,expected_duration_days,14.64403025991295,5.0,False
200,2023-09-01,2023-09-29,922875508,True,0,stationary_prob,0.5557716488017348,0.02,False
200,2023-09-01,2023-09-29,922875508,True,1,expected_duration_days,1.7720285709474852,5.0,True
200,2023-09-01,2023-09-29,922875508,True,1,stationary_prob,0.146711167061334,0.02,False
200,2023-09-01,2023-09-29,922875508,True,2,expected_duration_days,1.6486596737399164,5.0,True
200,2023-09-01,2023-09-29,922875508,True,2,stationary_prob,0.09413902279685867,0.02,False
200,2023-09-01,2023-09-29,922875508,True,3,expected_duration_days,2.303063524959206,5.0,True
200,2023-09-01,2023-09-29,922875508,True,3,stationary_prob,0.2033781613400726,0.02,False
200,2023-09-01,2023-09-29,804152532,True,0,expected_duration_days,6.819435764290142,5.0,False
200,2023-09-01,2023-09-29,804152532,True,0,stationary_prob,0.525340117533308,0.02,False
200,2023-09-01,2023-09-29,804152532,True,1,expected_duration_days,8.192576932856927,5.0,False
200,2023-09-01,2023-09-29,804152532,True,1,stationary_prob,0.2853662310928132,0.02,False
200,2023-09-01,2023-09-29,804152532,True,2,expected_duration_days,2.122338476459054,5.0,True
200,2023-09-01,2023-09-29,804152532,True,2,stationary_prob,0.06596696923278317,0.02,False
200,2023-09-01,2023-09-29,804152532,True,3,expected_duration_days,1.5846183251929458,5.0,True
200,2023-09-01,2023-09-29,804152532,True,3,stationary_prob,0.12332668214109557,0.02,False
200,2023-09-01,2023-09-29,1974030046,True,0,expected_duration_days,1.2711663471916097,5.0,True
200,2023-09-01,2023-09-29,1974030046,True,0,stationary_prob,0.11637497185703712,0.02,False
200,2023-09-01,2023-09-29,1974030046,True,1,expected_duration_days,15.319634175623648,5.0,False
200,2023-09-01,2023-09-29,1974030046,True,1,stationary_prob,0.19463124247319508,0.02,False
200,2023-09-01,2023-09-29,1974030046,True,2,expected_duration_days,5.943337404226076,5.0,False
200,2023-09-01,2023-09-29,1974030046,True,2,stationary_prob,0.6295800272061617,0.02,False
200,2023-09-01,2023-09-29,1974030046,True,3,expected_duration_days,1.1958048897795037,5.0,True
200,2023-09-01,2023-09-29,1974030046,True,3,stationary_prob,0.05941375846360611,0.02,False
200,2023-09-01,2023-09-29,97989516,True,0,expected_duration_days,1.405728357253796,5.0,True
200,2023-09-01,2023-09-29,97989516,True,0,stationary_prob,0.15124516296984053,0.02,False
200,2023-09-01,2023-09-29,97989516,True,1,expected_duration_days,11.83273166487259,5.0,False
200,2023-09-01,2023-09-29,97989516,True,1,stationary_prob,0.31133129834907236,0.02,False
200,2023-09-01,2023-09-29,97989516,True,2,expected_duration_days,1.5233757382910633,5.0,True
200,2023-09-01,2023-09-29,97989516,True,2,stationary_prob,0.07893602843412528,0.02,False
200,2023-09-01,2023-09-29,97989516,True,3,expected_duration_days,4.190153331117223,5.0,True
200,2023-09-01,2023-09-29,97989516,True,3,stationary_prob,0.45848751024696177,0.02,False
200,2023-09-01,2023-09-29,367424658,True,0,expected_duration_days,3.450994660453974,5.0,True
200,2023-09-01,2023-09-29,367424658,True,0,stationary_prob,0.5473071392730322,0.02,False
200,2023-09-01,2023-09-29,367424658,True,1,expected_duration_days,12.515772244639402,5.0,False
200,2023-09-01,2023-09-29,367424658,True,1,stationary_prob,0.1827528386119181,0.02,False
200,2023-09-01,2023-09-29,367424658,True,2,expected_duration_days,1.3120886539583927,5.0,True
200,2023-09-01,2023-09-29,367424658,True,2,stationary_prob,0.1690218318712424,0.02,False
200,2023-09-01,2023-09-29,367424658,True,3,expected_duration_days,1.2398383975594136,5.0,True
200,2023-09-01,2023-09-29,367424658,True,3,stationary_prob,0.10091819024380723,0.02,False
201,2023-10-02,2023-10-31,1351404213,True,0,expected_duration_days,1.3132661690487275,5.0,True
201,2023-10-02,2023-10-31,1351404213,True,0,stationary_prob,0.16980889503784555,0.02,False
201,2023-10-02,2023-10-31,1351404213,True,1,expected_duration_days,12.542942650249204,5.0,False
201,2023-10-02,2023-10-31,1351404213,True,1,stationary_prob,0.18244908459456122,0.02,False
201,2023-10-02,2023-10-31,1351404213,True,2,expected_duration_days,1.236217252465944,5.0,True
201,2023-10-02,2023-10-31,1351404213,True,2,stationary_prob,0.10123920714439842,0.02,False
201,2023-10-02,2023-10-31,1351404213,True,3,expected_duration_days,3.4263171089449127,5.0,True
201,2023-10-02,2023-10-31,1351404213,True,3,stationary_prob,0.5465028132231948,0.02,False
201,2023-10-02,2023-10-31,389549055,True,0,expected_duration_days,4.56768567529235,5.0,True
201,2023-10-02,2023-10-31,389549055,True,0,stationary_prob,0.48558823688617975,0.02,False
201,2023-10-02,2023-10-31,389549055,True,1,expected_duration_days,11.387151027076195,5.0,False
201,2023-10-02,2023-10-31,389549055,True,1,stationary_prob,0.2852154547357448,0.02,False
201,2023-10-02,2023-10-31,389549055,True,2,expected_duration_days,1.8942035143343499,5.0,True
201,2023-10-02,2023-10-31,389549055,True,2,stationary_prob,0.04305101857448559,0.02,False
201,2023-10-02,2023-10-31,389549055,True,3,expected_duration_days,1.7290866902204953,5.0,True
201,2023-10-02,2023-10-31,389549055,True,3,stationary_prob,0.1861452898035899,0.02,False
201,2023-10-02,2023-10-31,2632411253,True,0,expected_duration_days,11.34343540998141,5.0,False
201,2023-10-02,2023-10-31,2632411253,True,0,stationary_prob,0.2778938803443391,0.02,False
201,2023-10-02,2023-10-31,2632411253,True,1,expected_duration_days,3.866832565809401,5.0,True
201,2023-10-02,2023-10-31,2632411253,True,1,stationary_prob,0.4909024603611359,0.02,False
201,2023-10-02,2023-10-31,2632411253,True,2,expected_duration_days,1.6826648521092225,5.0,True
201,2023-10-02,2023-10-31,2632411253,True,2,stationary_prob,0.05638292292208497,0.02,False
201,2023-10-02,2023-10-31,2632411253,True,3,expected_duration_days,1.426247389425944,5.0,True
201,2023-10-02,2023-10-31,2632411253,True,3,stationary_prob,0.17482073637244017,0.02,False
201,2023-10-02,2023-10-31,4003167070,True,0,expected_duration_days,11.343472444855443,5.0,False
201,2023-10-02,2023-10-31,4003167070,True,0,stationary_prob,0.2778939005920769,0.02,False
201,2023-10-02,2023-10-31,4003167070,True,1,expected_duration_days,1.4262480096392143,5.0,True
201,2023-10-02,2023-10-31,4003167070,True,1,stationary_prob,0.1748207030333032,0.02,False
201,2023-10-02,2023-10-31,4003167070,True,2,expected_duration_days,3.8668214565946295,5.0,True
201,2023-10-02,2023-10-31,4003167070,True,2,stationary_prob,0.49090245193131626,0.02,False
201,2023-10-02,2023-10-31,4003167070,True,3,expected_duration_days,1.6826641900938981,5.0,True
201,2023-10-02,2023-10-31,4003167070,True,3,stationary_prob,0.05638294444330351,0.02,False
201,2023-10-02,2023-10-31,1085796578,True,0,expected_duration_days,11.386630834869072,5.0,False
201,2023-10-02,2023-10-31,1085796578,True,0,stationary_prob,0.2851754795589694,0.02,False
201,2023-10-02,2023-10-31,1085796578,True,1,expected_duration_days,1.7295271806834849,5.0,True
201,2023-10-02,2023-10-31,1085796578,True,1,stationary_prob,0.1862175608931687,0.02,False
201,2023-10-02,2023-10-31,1085796578,True,2,expected_duration_days,1.8934349541929456,5.0,True
201,2023-10-02,2023-10-31,1085796578,True,2,stationary_prob,0.043053460063458955,0.02,False
201,2023-10-02,2023-10-31,1085796578,True,3,expected_duration_days,4.565110413377837,5.0,True
201,2023-10-02,2023-10-31,1085796578,True,3,stationary_prob,0.48555349948440313,0.02,False
202,2023-11-01,2023-11-30,482482500,True,0,expected_duration_days,1.262965298330202,5.0,True
202,2023-11-01,2023-11-30,482482500,True,0,stationary_prob,0.11973475079728259,0.02,False
202,2023-11-01,2023-11-30,482482500,True,1,expected_duration_days,1.2004808825045634,5.0,True
202,2023-11-01,2023-11-30,482482500,True,1,stationary_prob,0.06539641835210122,0.02,False
202,2023-11-01,2023-11-30,482482500,True,2,expected_duration_days,13.138166467365716,5.0,False
202,2023-11-01,2023-11-30,482482500,True,2,stationary_prob,0.1855032678769293,0.02,False
202,2023-11-01,2023-11-30,482482500,True,3,expected_duration_days,5.469153666490857,5.0,False
202,2023-11-01,2023-11-30,482482500,True,3,stationary_prob,0.629365562973687,0.02,False
202,2023-11-01,2023-11-30,2889173331,True,0,expected_duration_days,4.054901943464152,5.0,True
202,2023-11-01,2023-11-30,2889173331,True,0,stationary_prob,0.45638656107197306,0.02,False
202,2023-11-01,2023-11-30,2889173331,True,1,expected_duration_days,11.827985674652576,5.0,False
202,2023-11-01,2023-11-30,2889173331,True,1,stationary_prob,0.3089866458907378,0.02,False
202,2023-11-01,2023-11-30,2889173331,True,2,expected_duration_days,1.5136847124387665,5.0,True
202,2023-11-01,2023-11-30,2889173331,True,2,stationary_prob,0.07905980204087278,0.02,False
202,2023-11-01,2023-11-30,2889173331,True,3,expected_duration_days,1.4063278207206351,5.0,True
202,2023-11-01,2023-11-30,2889173331,True,3,stationary_prob,0.1555669909964163,0.02,False
202,2023-11-01,2023-11-30,457051504,True,0,expected_duration_days,1.312296321889027,5.0,True
202,2023-11-01,2023-11-30,457051504,True,0,stationary_prob,0.169334758045284,0.02,False
202,2023-11-01,2023-11-30,457051504,True,1,expected_duration_days,12.863306938803666,5.0,False
202,2023-11-01,2023-11-30,457051504,True,1,stationary_prob,0.17965307651567045,0.02,False
202,2023-11-01,2023-11-30,457051504,True,2,expected_duration_days,1.2326936387126193,5.0,True
202,2023-11-01,2023-11-30,457051504,True,2,stationary_prob,0.10301512015174964,0.02,False
202,2023-11-01,2023-11-30,457051504,True,3,expected_duration_days,3.42697337035546,5.0,True
202,2023-11-01,2023-11-30,457051504,True,3,stationary_prob,0.5479970452872959,0.02,False
202,2023-11-01,2023-11-30,3213981831,True,0,expected_duration_days,3.005022035049257,5.0,True
202,2023-11-01,2023-11-30,3213981831,True,0,stationary_prob,0.5183162902723758,0.02,False
202,2023-11-01,2023-11-30,3213981831,True,1,expected_duration_days,1.4231825013405515,5.0,True
202,2023-11-01,2023-11-30,3213981831,True,1,stationary_prob,0.26206197318884117,0.02,False
202,2023-11-01,2023-11-30,3213981831,True,2,expected_duration_days,1.341144496207693,5.0,True
202,2023-11-01,2023-11-30,3213981831,True,2,stationary_prob,0.1687293058134108,0.02,False
202,2023-11-01,2023-11-30,3213981831,True,3,expected_duration_days,2.1192565470124656,5.0,True
202,2023-11-01,2023-11-30,3213981831,True,3,stationary_prob,0.05089243072537222,0.02,False
202,2023-11-01,2023-11-30,3194702217,True,0,expected_duration_days,4.451140341610359,5.0,True
202,2023-11-01,2023-11-30,3194702217,True,0,stationary_prob,0.48935043274009943,0.02,False
202,2023-11-01,2023-11-30,3194702217,True,1,expected_duration_days,1.7189907540658054,5.0,True
202,2023-11-01,2023-11-30,3194702217,True,1,stationary_prob,0.19119551715085809,0.02,False
202,2023-11-01,2023-11-30,3194702217,True,2,expected_duration_days,11.411146295202995,5.0,False
202,2023-11-01,2023-11-30,3194702217,True,2,stationary_prob,0.2773221048360114,0.02,False
202,2023-11-01,2023-11-30,3194702217,True,3,expected_duration_days,1.8898997320430129,5.0,True
202,2023-11-01,2023-11-30,3194702217,True,3,stationary_prob,0.04213194527303102,0.02,False
203,2023-12-01,2023-12-29,161378863,True,0,expected_duration_days,11.296780861688616,5.0,False
203,2023-12-01,2023-12-29,161378863,True,0,stationary_prob,0.27484710155729536,0.02,False
203,2023-12-01,2023-12-29,161378863,True,1,expected_duration_days,3.7966332081656575,5.0,True
203,2023-12-01,2023-12-29,161378863,True,1,stationary_prob,0.49040320299853835,0.02,False
203,2023-12-01,2023-12-29,161378863,True,2,expected_duration_days,1.42940512669154,5.0,True
203,2023-12-01,2023-12-29,161378863,True,2,stationary_prob,0.17854285558394747,0.02,False
203,2023-12-01,2023-12-29,161378863,True,3,expected_duration_days,1.6771637735107077,5.0,True
203,2023-12-01,2023-12-29,161378863,True,3,stationary_prob,0.056206839860218884,0.02,False
203,2023-12-01,2023-12-29,3090284036,True,0,expected_duration_days,6.668641177855806,5.0,False
203,2023-12-01,2023-12-29,3090284036,True,0,stationary_prob,0.5245576646134453,0.02,False
203,2023-12-01,2023-12-29,3090284036,True,1,expected_duration_days,1.5628690033654518,5.0,True
203,2023-12-01,2023-12-29,3090284036,True,1,stationary_prob,0.12459355527039036,0.02,False
203,2023-12-01,2023-12-29,3090284036,True,2,expected_duration_days,2.128441027048434,5.0,True
203,2023-12-01,2023-12-29,3090284036,True,2,stationary_prob,0.06522829851102427,0.02,False
203,2023-12-01,2023-12-29,3090284036,True,3,expected_duration_days,8.282225386340222,5.0,False
203,2023-12-01,2023-12-29,3090284036,True,3,stationary_prob,0.2856204816051401,0.02,False
203,2023-12-01,2023-12-29,463350400,True,0,expected_duration_days,1.406964912357029,5.0,True
203,2023-12-01,2023-12-29,463350400,True,0,stationary_prob,0.15376050842374545,0.02,False
203,2023-12-01,2023-12-29,463350400,True,1,expected_duration_days,11.81234139796599,5.0,False
203,2023-12-01,2023-12-29,463350400,True,1,stationary_prob,0.3128353937418682,0.02,False
203,2023-12-01,2023-12-29,463350400,True,2,expected_duration_days,4.096875481912351,5.0,True
203,2023-12-01,2023-12-29,463350400,True,2,stationary_prob,0.45461691998636494,0.02,False
203,2023-12-01,2023-12-29,463350400,True,3,expected_duration_days,1.5126518710986665,5.0,True
203,2023-12-01,2023-12-29,463350400,True,3,stationary_prob,0.07878717784802147,0.02,False
203,2023-12-01,2023-12-29,3158639375,True,0,expected_duration_days,4.452040983120443,5.0,True
203,2023-12-01,2023-12-29,3158639375,True,0,stationary_prob,0.4862116536612155,0.02,False
203,2023-12-01,2023-12-29,3158639375,True,1,expected_duration_days,1.7201197737576686,5.0,True
203,2023-12-01,2023-12-29,3158639375,True,1,stationary_prob,0.19039331015462044,0.02,False
203,2023-12-01,2023-12-29,3158639375,True,2,expected_duration_days,11.451088683177355,5.0,False
203,2023-12-01,2023-12-29,3158639375,True,2,stationary_prob,0.2811278928131769,0.02,False
203,2023-12-01,2023-12-29,3158639375,True,3,expected_duration_days,1.891514179076903,5.0,True
203,2023-12-01,2023-12-29,3158639375,True,3,stationary_prob,0.042267143370987095,0.02,False
203,2023-12-01,2023-12-29,4131217513,True,0,expected_duration_days,1.4287737737310415,5.0,True
203,2023-12-01,2023-12-29,4131217513,True,0,stationary_prob,0.1783125911241779,0.02,False
203,2023-12-01,2023-12-29,4131217513,True,1,expected_duration_days,11.290510742290419,5.0,False
203,2023-12-01,2023-12-29,4131217513,True,1,stationary_prob,0.27485875436911883,0.02,False
203,2023-12-01,2023-12-29,4131217513,True,2,expected_duration_days,1.677686752784423,5.0,True
203,2023-12-01,2023-12-29,4131217513,True,2,stationary_prob,0.05616905100594202,0.02,False
203,2023-12-01,2023-12-29,4131217513,True,3,expected_duration_days,3.8035424642765423,5.0,True
203,2023-12-01,2023-12-29,4131217513,True,3,stationary_prob,0.49065960350076127,0.02,False
